[0.042s] Invoking command in '/home/libok/um_file/build/ur_dashboard_msgs': CMAKE_PREFIX_PATH=${CMAKE_PREFIX_PATH}:/opt/ros/humble /usr/local/bin/cmake /home/libok/um_file/Universal_Robots_ROS2_Driver/ur_dashboard_msgs -DCMAKE_INSTALL_PREFIX=/home/libok/um_file/install/ur_dashboard_msgs
[0.091s] [0mCMake Deprecation Warning at CMakeLists.txt:1 (cmake_minimum_required):
[0.092s]   Compatibility with CMake < 3.10 will be removed from a future version of
[0.092s]   CMake.
[0.092s] 
[0.092s]   Update the VERSION argument <min> value.  Or, use the <min>...<max> syntax
[0.092s]   to tell CMake that the project requires at least <min> but has been updated
[0.092s]   to work with policies introduced by <max> or earlier.
[0.093s] 
[0.098s] [0m
[0.099s] -- The C compiler identification is GNU 11.4.0
[0.207s] -- The CXX compiler identification is GNU 11.4.0
[0.233s] -- Detecting C compiler ABI info
[0.352s] -- Detecting C compiler ABI info - done
[0.381s] -- Check for working C compiler: /usr/bin/cc - skipped
[0.384s] -- Detecting C compile features
[0.387s] -- Detecting C compile features - done
[0.408s] -- Detecting CXX compiler ABI info
[0.536s] -- Detecting CXX compiler ABI info - done
[0.559s] -- Check for working CXX compiler: /usr/bin/c++ - skipped
[0.559s] -- Detecting CXX compile features
[0.560s] -- Detecting CXX compile features - done
[0.579s] -- Found ament_cmake: 1.3.12 (/opt/ros/humble/share/ament_cmake/cmake)
[0.807s] -- Found Python3: /usr/bin/python3 (found version "3.10.12") found components: Interpreter
[0.975s] -- Found rosidl_default_generators: 1.2.0 (/opt/ros/humble/share/rosidl_default_generators/cmake)
[0.991s] -- Using all available rosidl_typesupport_c: rosidl_typesupport_fastrtps_c;rosidl_typesupport_introspection_c
[0.997s] -- Found rosidl_adapter: 3.1.8 (/opt/ros/humble/share/rosidl_adapter/cmake)
[1.063s] -- Using all available rosidl_typesupport_cpp: rosidl_typesupport_fastrtps_cpp;rosidl_typesupport_introspection_cpp
[1.119s] -- Found action_msgs: 1.2.2 (/opt/ros/humble/share/action_msgs/cmake)
[2.306s] -- Found ament_cmake_ros: 0.10.0 (/opt/ros/humble/share/ament_cmake_ros/cmake)
[4.199s] -- Using all available rosidl_typesupport_c: rosidl_typesupport_fastrtps_c;rosidl_typesupport_introspection_c
[9.734s] -- Using all available rosidl_typesupport_cpp: rosidl_typesupport_fastrtps_cpp;rosidl_typesupport_introspection_cpp
[9.782s] [33mCMake Warning (dev) at /opt/ros/humble/share/rosidl_generator_py/cmake/rosidl_generator_py_generate_interfaces.cmake:20 (find_package):
[9.782s]   Policy CMP0148 is not set: The FindPythonInterp and FindPythonLibs modules
[9.782s]   are removed.  Run "cmake --help-policy CMP0148" for policy details.  Use
[9.782s]   the cmake_policy command to set the policy and suppress this warning.
[9.782s] 
[9.782s] Call Stack (most recent call first):
[9.782s]   /opt/ros/humble/share/ament_cmake_core/cmake/core/ament_execute_extensions.cmake:48 (include)
[9.783s]   /opt/ros/humble/share/rosidl_cmake/cmake/rosidl_generate_interfaces.cmake:286 (ament_execute_extensions)
[9.783s]   CMakeLists.txt:33 (rosidl_generate_interfaces)
[9.783s] This warning is for project developers.  Use -Wno-dev to suppress it.
[9.783s] [0m
[10.240s] -- Found PythonInterp: /usr/bin/python3 (found suitable version "3.10.12", minimum required is "3.6")
[10.262s] -- Found python_cmake_module: 0.10.0 (/opt/ros/humble/share/python_cmake_module/cmake)
[10.285s] [33mCMake Warning (dev) at /opt/ros/humble/share/python_cmake_module/cmake/Modules/FindPythonExtra.cmake:52 (find_package):
[10.285s]   Policy CMP0148 is not set: The FindPythonInterp and FindPythonLibs modules
[10.285s]   are removed.  Run "cmake --help-policy CMP0148" for policy details.  Use
[10.285s]   the cmake_policy command to set the policy and suppress this warning.
[10.285s] 
[10.285s] Call Stack (most recent call first):
[10.285s]   /opt/ros/humble/share/rosidl_generator_py/cmake/rosidl_generator_py_generate_interfaces.cmake:23 (find_package)
[10.285s]   /opt/ros/humble/share/ament_cmake_core/cmake/core/ament_execute_extensions.cmake:48 (include)
[10.285s]   /opt/ros/humble/share/rosidl_cmake/cmake/rosidl_generate_interfaces.cmake:286 (ament_execute_extensions)
[10.285s]   CMakeLists.txt:33 (rosidl_generate_interfaces)
[10.285s] This warning is for project developers.  Use -Wno-dev to suppress it.
[10.285s] [0m
[10.863s] [33mCMake Warning (dev) at /opt/ros/humble/share/python_cmake_module/cmake/Modules/FindPythonExtra.cmake:140 (find_package):
[10.863s]   Policy CMP0148 is not set: The FindPythonInterp and FindPythonLibs modules
[10.863s]   are removed.  Run "cmake --help-policy CMP0148" for policy details.  Use
[10.863s]   the cmake_policy command to set the policy and suppress this warning.
[10.863s] 
[10.863s] Call Stack (most recent call first):
[10.863s]   /opt/ros/humble/share/rosidl_generator_py/cmake/rosidl_generator_py_generate_interfaces.cmake:23 (find_package)
[10.864s]   /opt/ros/humble/share/ament_cmake_core/cmake/core/ament_execute_extensions.cmake:48 (include)
[10.864s]   /opt/ros/humble/share/rosidl_cmake/cmake/rosidl_generate_interfaces.cmake:286 (ament_execute_extensions)
[10.864s]   CMakeLists.txt:33 (rosidl_generate_interfaces)
[10.864s] This warning is for project developers.  Use -Wno-dev to suppress it.
[10.864s] [0m
[11.132s] -- Found PythonLibs: /usr/lib/x86_64-linux-gnu/libpython3.10.so (found suitable version "3.10.12", minimum required is "3.5")
[11.149s] -- Using PYTHON_EXECUTABLE: /usr/bin/python3
[11.149s] -- Using PYTHON_INCLUDE_DIRS: /usr/include/python3.10
[11.149s] -- Using PYTHON_LIBRARIES: /usr/lib/x86_64-linux-gnu/libpython3.10.so
[11.757s] -- Found PythonExtra: .so
[13.207s] -- Configuring done (13.2s)
[14.035s] -- Generating done (0.8s)
[14.179s] -- Build files have been written to: /home/libok/um_file/build/ur_dashboard_msgs
[14.309s] Invoked command in '/home/libok/um_file/build/ur_dashboard_msgs' returned '0': CMAKE_PREFIX_PATH=${CMAKE_PREFIX_PATH}:/opt/ros/humble /usr/local/bin/cmake /home/libok/um_file/Universal_Robots_ROS2_Driver/ur_dashboard_msgs -DCMAKE_INSTALL_PREFIX=/home/libok/um_file/install/ur_dashboard_msgs
[14.324s] Invoking command in '/home/libok/um_file/build/ur_dashboard_msgs': CMAKE_PREFIX_PATH=${CMAKE_PREFIX_PATH}:/opt/ros/humble /usr/local/bin/cmake --build /home/libok/um_file/build/ur_dashboard_msgs -- -j18 -l18
[129.592s] [  1%] [34m[1mGenerating C code for ROS interfaces[0m
[129.593s] [  1%] [34m[1mGenerating C++ code for ROS interfaces[0m
[129.593s] [  1%] Built target ament_cmake_python_copy_ur_dashboard_msgs
[129.593s] running egg_info
[129.593s] creating ur_dashboard_msgs.egg-info
[129.593s] writing ur_dashboard_msgs.egg-info/PKG-INFO
[129.596s] writing dependency_links to ur_dashboard_msgs.egg-info/dependency_links.txt
[129.597s] writing top-level names to ur_dashboard_msgs.egg-info/top_level.txt
[129.597s] writing manifest file 'ur_dashboard_msgs.egg-info/SOURCES.txt'
[129.597s] reading manifest file 'ur_dashboard_msgs.egg-info/SOURCES.txt'
[129.597s] writing manifest file 'ur_dashboard_msgs.egg-info/SOURCES.txt'
[129.597s] [  1%] Built target ament_cmake_python_build_ur_dashboard_msgs_egg
[129.598s] [  1%] Built target ur_dashboard_msgs__cpp
[129.598s] [  1%] [32mBuilding C object CMakeFiles/ur_dashboard_msgs__rosidl_generator_c.dir/rosidl_generator_c/ur_dashboard_msgs/msg/detail/program_state__functions.c.o[0m
[129.598s] [  2%] [32mBuilding C object CMakeFiles/ur_dashboard_msgs__rosidl_generator_c.dir/rosidl_generator_c/ur_dashboard_msgs/action/detail/set_mode__functions.c.o[0m
[129.598s] [  2%] [32mBuilding C object CMakeFiles/ur_dashboard_msgs__rosidl_generator_c.dir/rosidl_generator_c/ur_dashboard_msgs/srv/detail/is_in_remote_control__functions.c.o[0m
[129.598s] [  3%] [32mBuilding C object CMakeFiles/ur_dashboard_msgs__rosidl_generator_c.dir/rosidl_generator_c/ur_dashboard_msgs/srv/detail/raw_request__functions.c.o[0m
[129.599s] [  4%] [32mBuilding C object CMakeFiles/ur_dashboard_msgs__rosidl_generator_c.dir/rosidl_generator_c/ur_dashboard_msgs/srv/detail/popup__functions.c.o[0m
[129.599s] [  4%] [32mBuilding C object CMakeFiles/ur_dashboard_msgs__rosidl_generator_c.dir/rosidl_generator_c/ur_dashboard_msgs/srv/detail/load__functions.c.o[0m
[129.600s] [  5%] [32mBuilding C object CMakeFiles/ur_dashboard_msgs__rosidl_generator_c.dir/rosidl_generator_c/ur_dashboard_msgs/srv/detail/is_program_saved__functions.c.o[0m
[129.600s] [  6%] [32mBuilding C object CMakeFiles/ur_dashboard_msgs__rosidl_generator_c.dir/rosidl_generator_c/ur_dashboard_msgs/srv/detail/is_program_running__functions.c.o[0m
[129.600s] [  7%] [32mBuilding C object CMakeFiles/ur_dashboard_msgs__rosidl_generator_c.dir/rosidl_generator_c/ur_dashboard_msgs/srv/detail/get_safety_mode__functions.c.o[0m
[129.600s] [  7%] [32mBuilding C object CMakeFiles/ur_dashboard_msgs__rosidl_generator_c.dir/rosidl_generator_c/ur_dashboard_msgs/srv/detail/get_robot_mode__functions.c.o[0m
[129.600s] [  8%] [32mBuilding C object CMakeFiles/ur_dashboard_msgs__rosidl_generator_c.dir/rosidl_generator_c/ur_dashboard_msgs/srv/detail/get_program_state__functions.c.o[0m
[129.601s] [  9%] [32mBuilding C object CMakeFiles/ur_dashboard_msgs__rosidl_generator_c.dir/rosidl_generator_c/ur_dashboard_msgs/srv/detail/get_loaded_program__functions.c.o[0m
[129.601s] [  9%] [32mBuilding C object CMakeFiles/ur_dashboard_msgs__rosidl_generator_c.dir/rosidl_generator_c/ur_dashboard_msgs/srv/detail/add_to_log__functions.c.o[0m
[129.601s] [ 10%] [32mBuilding C object CMakeFiles/ur_dashboard_msgs__rosidl_generator_c.dir/rosidl_generator_c/ur_dashboard_msgs/msg/detail/safety_mode__functions.c.o[0m
[129.601s] [ 11%] [32mBuilding C object CMakeFiles/ur_dashboard_msgs__rosidl_generator_c.dir/rosidl_generator_c/ur_dashboard_msgs/msg/detail/robot_mode__functions.c.o[0m
[129.601s] [ 12%] [32m[1mLinking C shared library libur_dashboard_msgs__rosidl_generator_c.so[0m
[129.601s] [ 12%] Built target ur_dashboard_msgs__rosidl_generator_c
[129.602s] [ 12%] [34m[1mGenerating C++ introspection for ROS interfaces[0m
[129.602s] [ 13%] [32mBuilding CXX object CMakeFiles/ur_dashboard_msgs__rosidl_typesupport_introspection_cpp.dir/rosidl_typesupport_introspection_cpp/ur_dashboard_msgs/msg/detail/program_state__type_support.cpp.o[0m
[129.602s] [ 13%] [32mBuilding CXX object CMakeFiles/ur_dashboard_msgs__rosidl_typesupport_introspection_cpp.dir/rosidl_typesupport_introspection_cpp/ur_dashboard_msgs/srv/detail/raw_request__type_support.cpp.o[0m
[129.602s] [ 14%] [32mBuilding CXX object CMakeFiles/ur_dashboard_msgs__rosidl_typesupport_introspection_cpp.dir/rosidl_typesupport_introspection_cpp/ur_dashboard_msgs/srv/detail/is_in_remote_control__type_support.cpp.o[0m
[129.602s] [ 15%] [32mBuilding CXX object CMakeFiles/ur_dashboard_msgs__rosidl_typesupport_introspection_cpp.dir/rosidl_typesupport_introspection_cpp/ur_dashboard_msgs/action/detail/set_mode__type_support.cpp.o[0m
[129.602s] [ 16%] [32mBuilding CXX object CMakeFiles/ur_dashboard_msgs__rosidl_typesupport_introspection_cpp.dir/rosidl_typesupport_introspection_cpp/ur_dashboard_msgs/srv/detail/popup__type_support.cpp.o[0m
[129.603s] [ 17%] [32mBuilding CXX object CMakeFiles/ur_dashboard_msgs__rosidl_typesupport_introspection_cpp.dir/rosidl_typesupport_introspection_cpp/ur_dashboard_msgs/srv/detail/load__type_support.cpp.o[0m
[129.603s] [ 17%] [32mBuilding CXX object CMakeFiles/ur_dashboard_msgs__rosidl_typesupport_introspection_cpp.dir/rosidl_typesupport_introspection_cpp/ur_dashboard_msgs/srv/detail/is_program_saved__type_support.cpp.o[0m
[129.603s] [ 18%] [32mBuilding CXX object CMakeFiles/ur_dashboard_msgs__rosidl_typesupport_introspection_cpp.dir/rosidl_typesupport_introspection_cpp/ur_dashboard_msgs/srv/detail/is_program_running__type_support.cpp.o[0m
[129.603s] [ 19%] [32mBuilding CXX object CMakeFiles/ur_dashboard_msgs__rosidl_typesupport_introspection_cpp.dir/rosidl_typesupport_introspection_cpp/ur_dashboard_msgs/srv/detail/get_safety_mode__type_support.cpp.o[0m
[129.603s] [ 19%] [32mBuilding CXX object CMakeFiles/ur_dashboard_msgs__rosidl_typesupport_introspection_cpp.dir/rosidl_typesupport_introspection_cpp/ur_dashboard_msgs/srv/detail/get_robot_mode__type_support.cpp.o[0m
[129.603s] [ 20%] [32mBuilding CXX object CMakeFiles/ur_dashboard_msgs__rosidl_typesupport_introspection_cpp.dir/rosidl_typesupport_introspection_cpp/ur_dashboard_msgs/srv/detail/get_program_state__type_support.cpp.o[0m
[129.603s] [ 21%] [32mBuilding CXX object CMakeFiles/ur_dashboard_msgs__rosidl_typesupport_introspection_cpp.dir/rosidl_typesupport_introspection_cpp/ur_dashboard_msgs/srv/detail/get_loaded_program__type_support.cpp.o[0m
[129.604s] [ 22%] [32mBuilding CXX object CMakeFiles/ur_dashboard_msgs__rosidl_typesupport_introspection_cpp.dir/rosidl_typesupport_introspection_cpp/ur_dashboard_msgs/srv/detail/add_to_log__type_support.cpp.o[0m
[129.604s] [ 22%] [32mBuilding CXX object CMakeFiles/ur_dashboard_msgs__rosidl_typesupport_introspection_cpp.dir/rosidl_typesupport_introspection_cpp/ur_dashboard_msgs/msg/detail/safety_mode__type_support.cpp.o[0m
[129.604s] [ 23%] [32mBuilding CXX object CMakeFiles/ur_dashboard_msgs__rosidl_typesupport_introspection_cpp.dir/rosidl_typesupport_introspection_cpp/ur_dashboard_msgs/msg/detail/robot_mode__type_support.cpp.o[0m
[129.604s] [ 24%] [32m[1mLinking CXX shared library libur_dashboard_msgs__rosidl_typesupport_introspection_cpp.so[0m
[129.604s] [ 24%] Built target ur_dashboard_msgs__rosidl_typesupport_introspection_cpp
[129.604s] [ 25%] [34m[1mGenerating C type support dispatch for ROS interfaces[0m
[129.605s] [ 25%] [32mBuilding CXX object CMakeFiles/ur_dashboard_msgs__rosidl_typesupport_c.dir/rosidl_typesupport_c/ur_dashboard_msgs/msg/program_state__type_support.cpp.o[0m
[129.605s] [ 25%] [32mBuilding CXX object CMakeFiles/ur_dashboard_msgs__rosidl_typesupport_c.dir/rosidl_typesupport_c/ur_dashboard_msgs/srv/is_in_remote_control__type_support.cpp.o[0m
[129.605s] [ 26%] [32mBuilding CXX object CMakeFiles/ur_dashboard_msgs__rosidl_typesupport_c.dir/rosidl_typesupport_c/ur_dashboard_msgs/action/set_mode__type_support.cpp.o[0m
[129.605s] [ 27%] [32mBuilding CXX object CMakeFiles/ur_dashboard_msgs__rosidl_typesupport_c.dir/rosidl_typesupport_c/ur_dashboard_msgs/srv/raw_request__type_support.cpp.o[0m
[129.606s] [ 28%] [32mBuilding CXX object CMakeFiles/ur_dashboard_msgs__rosidl_typesupport_c.dir/rosidl_typesupport_c/ur_dashboard_msgs/srv/popup__type_support.cpp.o[0m
[129.606s] [ 28%] [32mBuilding CXX object CMakeFiles/ur_dashboard_msgs__rosidl_typesupport_c.dir/rosidl_typesupport_c/ur_dashboard_msgs/srv/load__type_support.cpp.o[0m
[129.606s] [ 29%] [32mBuilding CXX object CMakeFiles/ur_dashboard_msgs__rosidl_typesupport_c.dir/rosidl_typesupport_c/ur_dashboard_msgs/srv/is_program_saved__type_support.cpp.o[0m
[129.606s] [ 30%] [32mBuilding CXX object CMakeFiles/ur_dashboard_msgs__rosidl_typesupport_c.dir/rosidl_typesupport_c/ur_dashboard_msgs/srv/is_program_running__type_support.cpp.o[0m
[129.606s] [ 30%] [32mBuilding CXX object CMakeFiles/ur_dashboard_msgs__rosidl_typesupport_c.dir/rosidl_typesupport_c/ur_dashboard_msgs/srv/get_safety_mode__type_support.cpp.o[0m
[129.606s] [ 31%] [32mBuilding CXX object CMakeFiles/ur_dashboard_msgs__rosidl_typesupport_c.dir/rosidl_typesupport_c/ur_dashboard_msgs/srv/get_robot_mode__type_support.cpp.o[0m
[129.606s] [ 32%] [32mBuilding CXX object CMakeFiles/ur_dashboard_msgs__rosidl_typesupport_c.dir/rosidl_typesupport_c/ur_dashboard_msgs/srv/get_program_state__type_support.cpp.o[0m
[129.607s] [ 33%] [32mBuilding CXX object CMakeFiles/ur_dashboard_msgs__rosidl_typesupport_c.dir/rosidl_typesupport_c/ur_dashboard_msgs/srv/get_loaded_program__type_support.cpp.o[0m
[129.607s] [ 33%] [32mBuilding CXX object CMakeFiles/ur_dashboard_msgs__rosidl_typesupport_c.dir/rosidl_typesupport_c/ur_dashboard_msgs/srv/add_to_log__type_support.cpp.o[0m
[129.607s] [ 34%] [32mBuilding CXX object CMakeFiles/ur_dashboard_msgs__rosidl_typesupport_c.dir/rosidl_typesupport_c/ur_dashboard_msgs/msg/safety_mode__type_support.cpp.o[0m
[129.607s] [ 35%] [32mBuilding CXX object CMakeFiles/ur_dashboard_msgs__rosidl_typesupport_c.dir/rosidl_typesupport_c/ur_dashboard_msgs/msg/robot_mode__type_support.cpp.o[0m
[129.607s] [ 36%] [32m[1mLinking CXX shared library libur_dashboard_msgs__rosidl_typesupport_c.so[0m
[129.607s] [ 36%] Built target ur_dashboard_msgs__rosidl_typesupport_c
[129.607s] [ 37%] [34m[1mGenerating C introspection for ROS interfaces[0m
[129.608s] [ 38%] [32mBuilding C object CMakeFiles/ur_dashboard_msgs__rosidl_typesupport_introspection_c.dir/rosidl_typesupport_introspection_c/ur_dashboard_msgs/msg/detail/program_state__type_support.c.o[0m
[129.608s] [ 39%] [32mBuilding C object CMakeFiles/ur_dashboard_msgs__rosidl_typesupport_introspection_c.dir/rosidl_typesupport_introspection_c/ur_dashboard_msgs/action/detail/set_mode__type_support.c.o[0m
[129.608s] [ 40%] [32mBuilding C object CMakeFiles/ur_dashboard_msgs__rosidl_typesupport_introspection_c.dir/rosidl_typesupport_introspection_c/ur_dashboard_msgs/srv/detail/is_in_remote_control__type_support.c.o[0m
[129.608s] [ 41%] [32mBuilding C object CMakeFiles/ur_dashboard_msgs__rosidl_typesupport_introspection_c.dir/rosidl_typesupport_introspection_c/ur_dashboard_msgs/srv/detail/raw_request__type_support.c.o[0m
[129.608s] [ 41%] [32mBuilding C object CMakeFiles/ur_dashboard_msgs__rosidl_typesupport_introspection_c.dir/rosidl_typesupport_introspection_c/ur_dashboard_msgs/srv/detail/popup__type_support.c.o[0m
[129.608s] [ 42%] [32mBuilding C object CMakeFiles/ur_dashboard_msgs__rosidl_typesupport_introspection_c.dir/rosidl_typesupport_introspection_c/ur_dashboard_msgs/srv/detail/load__type_support.c.o[0m
[129.608s] [ 43%] [32mBuilding C object CMakeFiles/ur_dashboard_msgs__rosidl_typesupport_introspection_c.dir/rosidl_typesupport_introspection_c/ur_dashboard_msgs/srv/detail/is_program_saved__type_support.c.o[0m
[129.609s] [ 43%] [32mBuilding C object CMakeFiles/ur_dashboard_msgs__rosidl_typesupport_introspection_c.dir/rosidl_typesupport_introspection_c/ur_dashboard_msgs/srv/detail/is_program_running__type_support.c.o[0m
[129.609s] [ 44%] [32mBuilding C object CMakeFiles/ur_dashboard_msgs__rosidl_typesupport_introspection_c.dir/rosidl_typesupport_introspection_c/ur_dashboard_msgs/srv/detail/get_safety_mode__type_support.c.o[0m
[129.609s] [ 45%] [32mBuilding C object CMakeFiles/ur_dashboard_msgs__rosidl_typesupport_introspection_c.dir/rosidl_typesupport_introspection_c/ur_dashboard_msgs/srv/detail/get_robot_mode__type_support.c.o[0m
[129.609s] [ 45%] [32mBuilding C object CMakeFiles/ur_dashboard_msgs__rosidl_typesupport_introspection_c.dir/rosidl_typesupport_introspection_c/ur_dashboard_msgs/srv/detail/get_program_state__type_support.c.o[0m
[129.609s] [ 46%] [32mBuilding C object CMakeFiles/ur_dashboard_msgs__rosidl_typesupport_introspection_c.dir/rosidl_typesupport_introspection_c/ur_dashboard_msgs/srv/detail/get_loaded_program__type_support.c.o[0m
[129.609s] [ 47%] [32mBuilding C object CMakeFiles/ur_dashboard_msgs__rosidl_typesupport_introspection_c.dir/rosidl_typesupport_introspection_c/ur_dashboard_msgs/srv/detail/add_to_log__type_support.c.o[0m
[129.609s] [ 48%] [32mBuilding C object CMakeFiles/ur_dashboard_msgs__rosidl_typesupport_introspection_c.dir/rosidl_typesupport_introspection_c/ur_dashboard_msgs/msg/detail/safety_mode__type_support.c.o[0m
[129.610s] [ 48%] [32mBuilding C object CMakeFiles/ur_dashboard_msgs__rosidl_typesupport_introspection_c.dir/rosidl_typesupport_introspection_c/ur_dashboard_msgs/msg/detail/robot_mode__type_support.c.o[0m
[129.610s] [ 48%] [32m[1mLinking C shared library libur_dashboard_msgs__rosidl_typesupport_introspection_c.so[0m
[129.610s] [ 48%] Built target ur_dashboard_msgs__rosidl_typesupport_introspection_c
[129.610s] [ 49%] [34m[1mGenerating C type support for eProsima Fast-RTPS[0m
[129.610s] [ 50%] [32mBuilding CXX object CMakeFiles/ur_dashboard_msgs__rosidl_typesupport_fastrtps_c.dir/rosidl_typesupport_fastrtps_c/ur_dashboard_msgs/msg/detail/program_state__type_support_c.cpp.o[0m
[129.610s] [ 50%] [32mBuilding CXX object CMakeFiles/ur_dashboard_msgs__rosidl_typesupport_fastrtps_c.dir/rosidl_typesupport_fastrtps_c/ur_dashboard_msgs/action/detail/set_mode__type_support_c.cpp.o[0m
[129.610s] [ 51%] [32mBuilding CXX object CMakeFiles/ur_dashboard_msgs__rosidl_typesupport_fastrtps_c.dir/rosidl_typesupport_fastrtps_c/ur_dashboard_msgs/srv/detail/is_in_remote_control__type_support_c.cpp.o[0m
[129.611s] [ 52%] [32mBuilding CXX object CMakeFiles/ur_dashboard_msgs__rosidl_typesupport_fastrtps_c.dir/rosidl_typesupport_fastrtps_c/ur_dashboard_msgs/srv/detail/raw_request__type_support_c.cpp.o[0m
[129.611s] [ 52%] [32mBuilding CXX object CMakeFiles/ur_dashboard_msgs__rosidl_typesupport_fastrtps_c.dir/rosidl_typesupport_fastrtps_c/ur_dashboard_msgs/srv/detail/popup__type_support_c.cpp.o[0m
[129.611s] [ 53%] [32mBuilding CXX object CMakeFiles/ur_dashboard_msgs__rosidl_typesupport_fastrtps_c.dir/rosidl_typesupport_fastrtps_c/ur_dashboard_msgs/srv/detail/load__type_support_c.cpp.o[0m
[129.611s] [ 54%] [32mBuilding CXX object CMakeFiles/ur_dashboard_msgs__rosidl_typesupport_fastrtps_c.dir/rosidl_typesupport_fastrtps_c/ur_dashboard_msgs/srv/detail/is_program_saved__type_support_c.cpp.o[0m
[129.611s] [ 55%] [32mBuilding CXX object CMakeFiles/ur_dashboard_msgs__rosidl_typesupport_fastrtps_c.dir/rosidl_typesupport_fastrtps_c/ur_dashboard_msgs/srv/detail/is_program_running__type_support_c.cpp.o[0m
[129.611s] [ 55%] [32mBuilding CXX object CMakeFiles/ur_dashboard_msgs__rosidl_typesupport_fastrtps_c.dir/rosidl_typesupport_fastrtps_c/ur_dashboard_msgs/srv/detail/get_safety_mode__type_support_c.cpp.o[0m
[129.612s] [ 56%] [32mBuilding CXX object CMakeFiles/ur_dashboard_msgs__rosidl_typesupport_fastrtps_c.dir/rosidl_typesupport_fastrtps_c/ur_dashboard_msgs/srv/detail/get_robot_mode__type_support_c.cpp.o[0m
[129.612s] [ 57%] [32mBuilding CXX object CMakeFiles/ur_dashboard_msgs__rosidl_typesupport_fastrtps_c.dir/rosidl_typesupport_fastrtps_c/ur_dashboard_msgs/srv/detail/get_program_state__type_support_c.cpp.o[0m
[130.680s] [ 57%] [32mBuilding CXX object CMakeFiles/ur_dashboard_msgs__rosidl_typesupport_fastrtps_c.dir/rosidl_typesupport_fastrtps_c/ur_dashboard_msgs/srv/detail/get_loaded_program__type_support_c.cpp.o[0m
[131.864s] [ 58%] [32mBuilding CXX object CMakeFiles/ur_dashboard_msgs__rosidl_typesupport_fastrtps_c.dir/rosidl_typesupport_fastrtps_c/ur_dashboard_msgs/srv/detail/add_to_log__type_support_c.cpp.o[0m
[132.871s] [ 59%] [32mBuilding CXX object CMakeFiles/ur_dashboard_msgs__rosidl_typesupport_fastrtps_c.dir/rosidl_typesupport_fastrtps_c/ur_dashboard_msgs/msg/detail/safety_mode__type_support_c.cpp.o[0m
[133.482s] [ 59%] [32mBuilding CXX object CMakeFiles/ur_dashboard_msgs__rosidl_typesupport_fastrtps_c.dir/rosidl_typesupport_fastrtps_c/ur_dashboard_msgs/msg/detail/robot_mode__type_support_c.cpp.o[0m
[134.338s] [ 60%] [32m[1mLinking CXX shared library libur_dashboard_msgs__rosidl_typesupport_fastrtps_c.so[0m
[134.575s] [ 60%] Built target ur_dashboard_msgs__rosidl_typesupport_fastrtps_c
[134.596s] [ 61%] [34m[1mGenerating C++ type support for eProsima Fast-RTPS[0m
[138.691s] [ 62%] [32mBuilding CXX object CMakeFiles/ur_dashboard_msgs__rosidl_typesupport_fastrtps_cpp.dir/rosidl_typesupport_fastrtps_cpp/ur_dashboard_msgs/msg/detail/dds_fastrtps/program_state__type_support.cpp.o[0m
[141.861s] [ 63%] [32mBuilding CXX object CMakeFiles/ur_dashboard_msgs__rosidl_typesupport_fastrtps_cpp.dir/rosidl_typesupport_fastrtps_cpp/ur_dashboard_msgs/action/detail/dds_fastrtps/set_mode__type_support.cpp.o[0m
[147.045s] [ 64%] [32mBuilding CXX object CMakeFiles/ur_dashboard_msgs__rosidl_typesupport_fastrtps_cpp.dir/rosidl_typesupport_fastrtps_cpp/ur_dashboard_msgs/srv/detail/dds_fastrtps/is_in_remote_control__type_support.cpp.o[0m
[150.211s] [ 64%] [32mBuilding CXX object CMakeFiles/ur_dashboard_msgs__rosidl_typesupport_fastrtps_cpp.dir/rosidl_typesupport_fastrtps_cpp/ur_dashboard_msgs/srv/detail/dds_fastrtps/raw_request__type_support.cpp.o[0m
[152.910s] [ 65%] [32mBuilding CXX object CMakeFiles/ur_dashboard_msgs__rosidl_typesupport_fastrtps_cpp.dir/rosidl_typesupport_fastrtps_cpp/ur_dashboard_msgs/srv/detail/dds_fastrtps/popup__type_support.cpp.o[0m
[155.236s] [ 66%] [32mBuilding CXX object CMakeFiles/ur_dashboard_msgs__rosidl_typesupport_fastrtps_cpp.dir/rosidl_typesupport_fastrtps_cpp/ur_dashboard_msgs/srv/detail/dds_fastrtps/load__type_support.cpp.o[0m
[157.299s] [ 67%] [32mBuilding CXX object CMakeFiles/ur_dashboard_msgs__rosidl_typesupport_fastrtps_cpp.dir/rosidl_typesupport_fastrtps_cpp/ur_dashboard_msgs/srv/detail/dds_fastrtps/is_program_saved__type_support.cpp.o[0m
[159.314s] [ 67%] [32mBuilding CXX object CMakeFiles/ur_dashboard_msgs__rosidl_typesupport_fastrtps_cpp.dir/rosidl_typesupport_fastrtps_cpp/ur_dashboard_msgs/srv/detail/dds_fastrtps/is_program_running__type_support.cpp.o[0m
[160.933s] [ 68%] [32mBuilding CXX object CMakeFiles/ur_dashboard_msgs__rosidl_typesupport_fastrtps_cpp.dir/rosidl_typesupport_fastrtps_cpp/ur_dashboard_msgs/srv/detail/dds_fastrtps/get_safety_mode__type_support.cpp.o[0m
[162.404s] [ 69%] [32mBuilding CXX object CMakeFiles/ur_dashboard_msgs__rosidl_typesupport_fastrtps_cpp.dir/rosidl_typesupport_fastrtps_cpp/ur_dashboard_msgs/srv/detail/dds_fastrtps/get_robot_mode__type_support.cpp.o[0m
[163.922s] [ 69%] [32mBuilding CXX object CMakeFiles/ur_dashboard_msgs__rosidl_typesupport_fastrtps_cpp.dir/rosidl_typesupport_fastrtps_cpp/ur_dashboard_msgs/srv/detail/dds_fastrtps/get_program_state__type_support.cpp.o[0m
[165.234s] [ 70%] [32mBuilding CXX object CMakeFiles/ur_dashboard_msgs__rosidl_typesupport_fastrtps_cpp.dir/rosidl_typesupport_fastrtps_cpp/ur_dashboard_msgs/srv/detail/dds_fastrtps/get_loaded_program__type_support.cpp.o[0m
[166.403s] [ 71%] [32mBuilding CXX object CMakeFiles/ur_dashboard_msgs__rosidl_typesupport_fastrtps_cpp.dir/rosidl_typesupport_fastrtps_cpp/ur_dashboard_msgs/srv/detail/dds_fastrtps/add_to_log__type_support.cpp.o[0m
[167.437s] [ 71%] [32mBuilding CXX object CMakeFiles/ur_dashboard_msgs__rosidl_typesupport_fastrtps_cpp.dir/rosidl_typesupport_fastrtps_cpp/ur_dashboard_msgs/msg/detail/dds_fastrtps/safety_mode__type_support.cpp.o[0m
[168.562s] [ 72%] [32mBuilding CXX object CMakeFiles/ur_dashboard_msgs__rosidl_typesupport_fastrtps_cpp.dir/rosidl_typesupport_fastrtps_cpp/ur_dashboard_msgs/msg/detail/dds_fastrtps/robot_mode__type_support.cpp.o[0m
[169.602s] [ 72%] [32m[1mLinking CXX shared library libur_dashboard_msgs__rosidl_typesupport_fastrtps_cpp.so[0m
[169.773s] [ 72%] Built target ur_dashboard_msgs__rosidl_typesupport_fastrtps_cpp
[169.787s] [ 73%] [34m[1mGenerating C++ type support dispatch for ROS interfaces[0m
[171.905s] [ 74%] [32mBuilding CXX object CMakeFiles/ur_dashboard_msgs__rosidl_typesupport_cpp.dir/rosidl_typesupport_cpp/ur_dashboard_msgs/msg/program_state__type_support.cpp.o[0m
[172.439s] [ 74%] [32mBuilding CXX object CMakeFiles/ur_dashboard_msgs__rosidl_typesupport_cpp.dir/rosidl_typesupport_cpp/ur_dashboard_msgs/action/set_mode__type_support.cpp.o[0m
[173.415s] [ 75%] [32mBuilding CXX object CMakeFiles/ur_dashboard_msgs__rosidl_typesupport_cpp.dir/rosidl_typesupport_cpp/ur_dashboard_msgs/srv/is_in_remote_control__type_support.cpp.o[0m
[173.855s] [ 76%] [32mBuilding CXX object CMakeFiles/ur_dashboard_msgs__rosidl_typesupport_cpp.dir/rosidl_typesupport_cpp/ur_dashboard_msgs/srv/raw_request__type_support.cpp.o[0m
[174.585s] [ 76%] [32mBuilding CXX object CMakeFiles/ur_dashboard_msgs__rosidl_typesupport_cpp.dir/rosidl_typesupport_cpp/ur_dashboard_msgs/srv/popup__type_support.cpp.o[0m
[175.257s] [ 77%] [32mBuilding CXX object CMakeFiles/ur_dashboard_msgs__rosidl_typesupport_cpp.dir/rosidl_typesupport_cpp/ur_dashboard_msgs/srv/load__type_support.cpp.o[0m
[175.939s] [ 78%] [32mBuilding CXX object CMakeFiles/ur_dashboard_msgs__rosidl_typesupport_cpp.dir/rosidl_typesupport_cpp/ur_dashboard_msgs/srv/is_program_saved__type_support.cpp.o[0m
[176.707s] [ 78%] [32mBuilding CXX object CMakeFiles/ur_dashboard_msgs__rosidl_typesupport_cpp.dir/rosidl_typesupport_cpp/ur_dashboard_msgs/srv/is_program_running__type_support.cpp.o[0m
[177.405s] [ 79%] [32mBuilding CXX object CMakeFiles/ur_dashboard_msgs__rosidl_typesupport_cpp.dir/rosidl_typesupport_cpp/ur_dashboard_msgs/srv/get_safety_mode__type_support.cpp.o[0m
[178.118s] [ 80%] [32mBuilding CXX object CMakeFiles/ur_dashboard_msgs__rosidl_typesupport_cpp.dir/rosidl_typesupport_cpp/ur_dashboard_msgs/srv/get_robot_mode__type_support.cpp.o[0m
[178.612s] [ 81%] [32mBuilding CXX object CMakeFiles/ur_dashboard_msgs__rosidl_typesupport_cpp.dir/rosidl_typesupport_cpp/ur_dashboard_msgs/srv/get_program_state__type_support.cpp.o[0m
[179.301s] [ 81%] [32mBuilding CXX object CMakeFiles/ur_dashboard_msgs__rosidl_typesupport_cpp.dir/rosidl_typesupport_cpp/ur_dashboard_msgs/srv/get_loaded_program__type_support.cpp.o[0m
[180.001s] [ 82%] [32mBuilding CXX object CMakeFiles/ur_dashboard_msgs__rosidl_typesupport_cpp.dir/rosidl_typesupport_cpp/ur_dashboard_msgs/srv/add_to_log__type_support.cpp.o[0m
[180.721s] [ 83%] [32mBuilding CXX object CMakeFiles/ur_dashboard_msgs__rosidl_typesupport_cpp.dir/rosidl_typesupport_cpp/ur_dashboard_msgs/msg/safety_mode__type_support.cpp.o[0m
[181.333s] [ 83%] [32mBuilding CXX object CMakeFiles/ur_dashboard_msgs__rosidl_typesupport_cpp.dir/rosidl_typesupport_cpp/ur_dashboard_msgs/msg/robot_mode__type_support.cpp.o[0m
[183.024s] [ 84%] [32m[1mLinking CXX shared library libur_dashboard_msgs__rosidl_typesupport_cpp.so[0m
[183.279s] [ 84%] Built target ur_dashboard_msgs__rosidl_typesupport_cpp
[183.371s] [ 84%] Built target ur_dashboard_msgs
[183.493s] [ 85%] [34m[1mGenerating Python code for ROS interfaces[0m
[202.984s] [ 85%] Built target ur_dashboard_msgs__py
[203.091s] [ 85%] [32mBuilding C object CMakeFiles/ur_dashboard_msgs__rosidl_generator_py.dir/rosidl_generator_py/ur_dashboard_msgs/msg/_program_state_s.c.o[0m
[203.805s] [ 85%] [32mBuilding C object CMakeFiles/ur_dashboard_msgs__rosidl_generator_py.dir/rosidl_generator_py/ur_dashboard_msgs/action/_set_mode_s.c.o[0m
[205.349s] [ 86%] [32mBuilding C object CMakeFiles/ur_dashboard_msgs__rosidl_generator_py.dir/rosidl_generator_py/ur_dashboard_msgs/srv/_is_in_remote_control_s.c.o[0m
[206.048s] [ 87%] [32mBuilding C object CMakeFiles/ur_dashboard_msgs__rosidl_generator_py.dir/rosidl_generator_py/ur_dashboard_msgs/srv/_raw_request_s.c.o[0m
[206.829s] [ 88%] [32mBuilding C object CMakeFiles/ur_dashboard_msgs__rosidl_generator_py.dir/rosidl_generator_py/ur_dashboard_msgs/srv/_popup_s.c.o[0m
[207.312s] [ 88%] [32mBuilding C object CMakeFiles/ur_dashboard_msgs__rosidl_generator_py.dir/rosidl_generator_py/ur_dashboard_msgs/srv/_load_s.c.o[0m
[207.727s] [ 89%] [32mBuilding C object CMakeFiles/ur_dashboard_msgs__rosidl_generator_py.dir/rosidl_generator_py/ur_dashboard_msgs/srv/_is_program_saved_s.c.o[0m
[208.209s] [ 90%] [32mBuilding C object CMakeFiles/ur_dashboard_msgs__rosidl_generator_py.dir/rosidl_generator_py/ur_dashboard_msgs/srv/_is_program_running_s.c.o[0m
[208.456s] [ 90%] [32mBuilding C object CMakeFiles/ur_dashboard_msgs__rosidl_generator_py.dir/rosidl_generator_py/ur_dashboard_msgs/srv/_get_safety_mode_s.c.o[0m
[208.759s] [ 91%] [32mBuilding C object CMakeFiles/ur_dashboard_msgs__rosidl_generator_py.dir/rosidl_generator_py/ur_dashboard_msgs/srv/_get_robot_mode_s.c.o[0m
[209.037s] [ 92%] [32mBuilding C object CMakeFiles/ur_dashboard_msgs__rosidl_generator_py.dir/rosidl_generator_py/ur_dashboard_msgs/srv/_get_program_state_s.c.o[0m
[209.277s] [ 92%] [32mBuilding C object CMakeFiles/ur_dashboard_msgs__rosidl_generator_py.dir/rosidl_generator_py/ur_dashboard_msgs/srv/_get_loaded_program_s.c.o[0m
[209.597s] [ 93%] [32mBuilding C object CMakeFiles/ur_dashboard_msgs__rosidl_generator_py.dir/rosidl_generator_py/ur_dashboard_msgs/srv/_add_to_log_s.c.o[0m
[209.905s] [ 94%] [32mBuilding C object CMakeFiles/ur_dashboard_msgs__rosidl_generator_py.dir/rosidl_generator_py/ur_dashboard_msgs/msg/_safety_mode_s.c.o[0m
[210.189s] [ 95%] [32mBuilding C object CMakeFiles/ur_dashboard_msgs__rosidl_generator_py.dir/rosidl_generator_py/ur_dashboard_msgs/msg/_robot_mode_s.c.o[0m
[210.442s] [ 96%] [32m[1mLinking C shared library rosidl_generator_py/ur_dashboard_msgs/libur_dashboard_msgs__rosidl_generator_py.so[0m
[210.601s] [ 96%] Built target ur_dashboard_msgs__rosidl_generator_py
[210.642s] [ 97%] [32mBuilding C object CMakeFiles/ur_dashboard_msgs__rosidl_typesupport_fastrtps_c__pyext.dir/rosidl_generator_py/ur_dashboard_msgs/_ur_dashboard_msgs_s.ep.rosidl_typesupport_fastrtps_c.c.o[0m
[211.210s] [ 97%] [32m[1mLinking C shared library rosidl_generator_py/ur_dashboard_msgs/ur_dashboard_msgs_s__rosidl_typesupport_fastrtps_c.cpython-310-x86_64-linux-gnu.so[0m
[211.350s] [ 97%] Built target ur_dashboard_msgs__rosidl_typesupport_fastrtps_c__pyext
[211.391s] [ 98%] [32mBuilding C object CMakeFiles/ur_dashboard_msgs__rosidl_typesupport_c__pyext.dir/rosidl_generator_py/ur_dashboard_msgs/_ur_dashboard_msgs_s.ep.rosidl_typesupport_c.c.o[0m
[211.896s] [ 98%] [32m[1mLinking C shared library rosidl_generator_py/ur_dashboard_msgs/ur_dashboard_msgs_s__rosidl_typesupport_c.cpython-310-x86_64-linux-gnu.so[0m
[211.995s] [ 98%] Built target ur_dashboard_msgs__rosidl_typesupport_c__pyext
[212.033s] [ 99%] [32mBuilding C object CMakeFiles/ur_dashboard_msgs__rosidl_typesupport_introspection_c__pyext.dir/rosidl_generator_py/ur_dashboard_msgs/_ur_dashboard_msgs_s.ep.rosidl_typesupport_introspection_c.c.o[0m
[212.577s] [100%] [32m[1mLinking C shared library rosidl_generator_py/ur_dashboard_msgs/ur_dashboard_msgs_s__rosidl_typesupport_introspection_c.cpython-310-x86_64-linux-gnu.so[0m
[212.659s] [100%] Built target ur_dashboard_msgs__rosidl_typesupport_introspection_c__pyext
[212.677s] Invoked command in '/home/libok/um_file/build/ur_dashboard_msgs' returned '0': CMAKE_PREFIX_PATH=${CMAKE_PREFIX_PATH}:/opt/ros/humble /usr/local/bin/cmake --build /home/libok/um_file/build/ur_dashboard_msgs -- -j18 -l18
[212.736s] Invoking command in '/home/libok/um_file/build/ur_dashboard_msgs': CMAKE_PREFIX_PATH=${CMAKE_PREFIX_PATH}:/opt/ros/humble /usr/local/bin/cmake --install /home/libok/um_file/build/ur_dashboard_msgs
[212.744s] -- Install configuration: ""
[212.744s] -- Installing: /home/libok/um_file/install/ur_dashboard_msgs/share/ament_index/resource_index/rosidl_interfaces/ur_dashboard_msgs
[212.744s] -- Installing: /home/libok/um_file/install/ur_dashboard_msgs/include/ur_dashboard_msgs/ur_dashboard_msgs
[212.744s] -- Installing: /home/libok/um_file/install/ur_dashboard_msgs/include/ur_dashboard_msgs/ur_dashboard_msgs/srv
[212.744s] -- Installing: /home/libok/um_file/install/ur_dashboard_msgs/include/ur_dashboard_msgs/ur_dashboard_msgs/srv/raw_request.h
[212.744s] -- Installing: /home/libok/um_file/install/ur_dashboard_msgs/include/ur_dashboard_msgs/ur_dashboard_msgs/srv/popup.h
[212.745s] -- Installing: /home/libok/um_file/install/ur_dashboard_msgs/include/ur_dashboard_msgs/ur_dashboard_msgs/srv/get_loaded_program.h
[212.745s] -- Installing: /home/libok/um_file/install/ur_dashboard_msgs/include/ur_dashboard_msgs/ur_dashboard_msgs/srv/is_in_remote_control.h
[212.745s] -- Installing: /home/libok/um_file/install/ur_dashboard_msgs/include/ur_dashboard_msgs/ur_dashboard_msgs/srv/get_safety_mode.h
[212.745s] -- Installing: /home/libok/um_file/install/ur_dashboard_msgs/include/ur_dashboard_msgs/ur_dashboard_msgs/srv/add_to_log.h
[212.745s] -- Installing: /home/libok/um_file/install/ur_dashboard_msgs/include/ur_dashboard_msgs/ur_dashboard_msgs/srv/is_program_saved.h
[212.745s] -- Installing: /home/libok/um_file/install/ur_dashboard_msgs/include/ur_dashboard_msgs/ur_dashboard_msgs/srv/detail
[212.745s] -- Installing: /home/libok/um_file/install/ur_dashboard_msgs/include/ur_dashboard_msgs/ur_dashboard_msgs/srv/detail/add_to_log__functions.h
[212.746s] -- Installing: /home/libok/um_file/install/ur_dashboard_msgs/include/ur_dashboard_msgs/ur_dashboard_msgs/srv/detail/get_robot_mode__functions.c
[212.746s] -- Installing: /home/libok/um_file/install/ur_dashboard_msgs/include/ur_dashboard_msgs/ur_dashboard_msgs/srv/detail/load__functions.h
[212.746s] -- Installing: /home/libok/um_file/install/ur_dashboard_msgs/include/ur_dashboard_msgs/ur_dashboard_msgs/srv/detail/load__functions.c
[212.746s] -- Installing: /home/libok/um_file/install/ur_dashboard_msgs/include/ur_dashboard_msgs/ur_dashboard_msgs/srv/detail/add_to_log__type_support.h
[212.746s] -- Installing: /home/libok/um_file/install/ur_dashboard_msgs/include/ur_dashboard_msgs/ur_dashboard_msgs/srv/detail/raw_request__type_support.h
[212.746s] -- Installing: /home/libok/um_file/install/ur_dashboard_msgs/include/ur_dashboard_msgs/ur_dashboard_msgs/srv/detail/popup__functions.h
[212.746s] -- Installing: /home/libok/um_file/install/ur_dashboard_msgs/include/ur_dashboard_msgs/ur_dashboard_msgs/srv/detail/add_to_log__functions.c
[212.746s] -- Installing: /home/libok/um_file/install/ur_dashboard_msgs/include/ur_dashboard_msgs/ur_dashboard_msgs/srv/detail/get_safety_mode__functions.h
[212.749s] -- Installing: /home/libok/um_file/install/ur_dashboard_msgs/include/ur_dashboard_msgs/ur_dashboard_msgs/srv/detail/is_in_remote_control__functions.c
[212.749s] -- Installing: /home/libok/um_file/install/ur_dashboard_msgs/include/ur_dashboard_msgs/ur_dashboard_msgs/srv/detail/is_program_saved__type_support.h
[212.749s] -- Installing: /home/libok/um_file/install/ur_dashboard_msgs/include/ur_dashboard_msgs/ur_dashboard_msgs/srv/detail/popup__struct.h
[212.749s] -- Installing: /home/libok/um_file/install/ur_dashboard_msgs/include/ur_dashboard_msgs/ur_dashboard_msgs/srv/detail/raw_request__functions.c
[212.749s] -- Installing: /home/libok/um_file/install/ur_dashboard_msgs/include/ur_dashboard_msgs/ur_dashboard_msgs/srv/detail/is_in_remote_control__struct.h
[212.749s] -- Installing: /home/libok/um_file/install/ur_dashboard_msgs/include/ur_dashboard_msgs/ur_dashboard_msgs/srv/detail/get_loaded_program__functions.h
[212.749s] -- Installing: /home/libok/um_file/install/ur_dashboard_msgs/include/ur_dashboard_msgs/ur_dashboard_msgs/srv/detail/is_program_running__type_support.h
[212.750s] -- Installing: /home/libok/um_file/install/ur_dashboard_msgs/include/ur_dashboard_msgs/ur_dashboard_msgs/srv/detail/get_robot_mode__type_support.h
[212.750s] -- Installing: /home/libok/um_file/install/ur_dashboard_msgs/include/ur_dashboard_msgs/ur_dashboard_msgs/srv/detail/popup__functions.c
[212.750s] -- Installing: /home/libok/um_file/install/ur_dashboard_msgs/include/ur_dashboard_msgs/ur_dashboard_msgs/srv/detail/load__type_support.h
[212.750s] -- Installing: /home/libok/um_file/install/ur_dashboard_msgs/include/ur_dashboard_msgs/ur_dashboard_msgs/srv/detail/is_program_saved__functions.h
[212.750s] -- Installing: /home/libok/um_file/install/ur_dashboard_msgs/include/ur_dashboard_msgs/ur_dashboard_msgs/srv/detail/get_safety_mode__functions.c
[212.750s] -- Installing: /home/libok/um_file/install/ur_dashboard_msgs/include/ur_dashboard_msgs/ur_dashboard_msgs/srv/detail/is_in_remote_control__type_support.h
[212.750s] -- Installing: /home/libok/um_file/install/ur_dashboard_msgs/include/ur_dashboard_msgs/ur_dashboard_msgs/srv/detail/is_program_running__functions.h
[212.751s] -- Installing: /home/libok/um_file/install/ur_dashboard_msgs/include/ur_dashboard_msgs/ur_dashboard_msgs/srv/detail/get_safety_mode__struct.h
[212.751s] -- Installing: /home/libok/um_file/install/ur_dashboard_msgs/include/ur_dashboard_msgs/ur_dashboard_msgs/srv/detail/get_safety_mode__type_support.h
[212.751s] -- Installing: /home/libok/um_file/install/ur_dashboard_msgs/include/ur_dashboard_msgs/ur_dashboard_msgs/srv/detail/add_to_log__struct.h
[212.751s] -- Installing: /home/libok/um_file/install/ur_dashboard_msgs/include/ur_dashboard_msgs/ur_dashboard_msgs/srv/detail/get_program_state__struct.h
[212.752s] -- Installing: /home/libok/um_file/install/ur_dashboard_msgs/include/ur_dashboard_msgs/ur_dashboard_msgs/srv/detail/raw_request__struct.h
[212.753s] -- Installing: /home/libok/um_file/install/ur_dashboard_msgs/include/ur_dashboard_msgs/ur_dashboard_msgs/srv/detail/is_in_remote_control__functions.h
[212.753s] -- Installing: /home/libok/um_file/install/ur_dashboard_msgs/include/ur_dashboard_msgs/ur_dashboard_msgs/srv/detail/is_program_saved__functions.c
[212.753s] -- Installing: /home/libok/um_file/install/ur_dashboard_msgs/include/ur_dashboard_msgs/ur_dashboard_msgs/srv/detail/get_robot_mode__functions.h
[212.753s] -- Installing: /home/libok/um_file/install/ur_dashboard_msgs/include/ur_dashboard_msgs/ur_dashboard_msgs/srv/detail/is_program_running__functions.c
[212.754s] -- Installing: /home/libok/um_file/install/ur_dashboard_msgs/include/ur_dashboard_msgs/ur_dashboard_msgs/srv/detail/get_program_state__functions.c
[212.755s] -- Installing: /home/libok/um_file/install/ur_dashboard_msgs/include/ur_dashboard_msgs/ur_dashboard_msgs/srv/detail/is_program_running__struct.h
[212.755s] -- Installing: /home/libok/um_file/install/ur_dashboard_msgs/include/ur_dashboard_msgs/ur_dashboard_msgs/srv/detail/get_loaded_program__type_support.h
[212.755s] -- Installing: /home/libok/um_file/install/ur_dashboard_msgs/include/ur_dashboard_msgs/ur_dashboard_msgs/srv/detail/is_program_saved__struct.h
[212.755s] -- Installing: /home/libok/um_file/install/ur_dashboard_msgs/include/ur_dashboard_msgs/ur_dashboard_msgs/srv/detail/get_robot_mode__struct.h
[212.755s] -- Installing: /home/libok/um_file/install/ur_dashboard_msgs/include/ur_dashboard_msgs/ur_dashboard_msgs/srv/detail/get_program_state__functions.h
[212.755s] -- Installing: /home/libok/um_file/install/ur_dashboard_msgs/include/ur_dashboard_msgs/ur_dashboard_msgs/srv/detail/popup__type_support.h
[212.756s] -- Installing: /home/libok/um_file/install/ur_dashboard_msgs/include/ur_dashboard_msgs/ur_dashboard_msgs/srv/detail/get_loaded_program__functions.c
[212.756s] -- Installing: /home/libok/um_file/install/ur_dashboard_msgs/include/ur_dashboard_msgs/ur_dashboard_msgs/srv/detail/get_program_state__type_support.h
[212.757s] -- Installing: /home/libok/um_file/install/ur_dashboard_msgs/include/ur_dashboard_msgs/ur_dashboard_msgs/srv/detail/load__struct.h
[212.758s] -- Installing: /home/libok/um_file/install/ur_dashboard_msgs/include/ur_dashboard_msgs/ur_dashboard_msgs/srv/detail/get_loaded_program__struct.h
[212.758s] -- Installing: /home/libok/um_file/install/ur_dashboard_msgs/include/ur_dashboard_msgs/ur_dashboard_msgs/srv/detail/raw_request__functions.h
[212.760s] -- Installing: /home/libok/um_file/install/ur_dashboard_msgs/include/ur_dashboard_msgs/ur_dashboard_msgs/srv/get_robot_mode.h
[212.762s] -- Installing: /home/libok/um_file/install/ur_dashboard_msgs/include/ur_dashboard_msgs/ur_dashboard_msgs/srv/load.h
[212.762s] -- Installing: /home/libok/um_file/install/ur_dashboard_msgs/include/ur_dashboard_msgs/ur_dashboard_msgs/srv/get_program_state.h
[212.763s] -- Installing: /home/libok/um_file/install/ur_dashboard_msgs/include/ur_dashboard_msgs/ur_dashboard_msgs/srv/is_program_running.h
[212.764s] -- Installing: /home/libok/um_file/install/ur_dashboard_msgs/include/ur_dashboard_msgs/ur_dashboard_msgs/action
[212.766s] -- Installing: /home/libok/um_file/install/ur_dashboard_msgs/include/ur_dashboard_msgs/ur_dashboard_msgs/action/set_mode.h
[212.768s] -- Installing: /home/libok/um_file/install/ur_dashboard_msgs/include/ur_dashboard_msgs/ur_dashboard_msgs/action/detail
[212.770s] -- Installing: /home/libok/um_file/install/ur_dashboard_msgs/include/ur_dashboard_msgs/ur_dashboard_msgs/action/detail/set_mode__functions.c
[212.770s] -- Installing: /home/libok/um_file/install/ur_dashboard_msgs/include/ur_dashboard_msgs/ur_dashboard_msgs/action/detail/set_mode__type_support.h
[212.770s] -- Installing: /home/libok/um_file/install/ur_dashboard_msgs/include/ur_dashboard_msgs/ur_dashboard_msgs/action/detail/set_mode__functions.h
[212.771s] -- Installing: /home/libok/um_file/install/ur_dashboard_msgs/include/ur_dashboard_msgs/ur_dashboard_msgs/action/detail/set_mode__struct.h
[212.771s] -- Installing: /home/libok/um_file/install/ur_dashboard_msgs/include/ur_dashboard_msgs/ur_dashboard_msgs/msg
[212.771s] -- Installing: /home/libok/um_file/install/ur_dashboard_msgs/include/ur_dashboard_msgs/ur_dashboard_msgs/msg/robot_mode.h
[212.771s] -- Installing: /home/libok/um_file/install/ur_dashboard_msgs/include/ur_dashboard_msgs/ur_dashboard_msgs/msg/program_state.h
[212.772s] -- Installing: /home/libok/um_file/install/ur_dashboard_msgs/include/ur_dashboard_msgs/ur_dashboard_msgs/msg/rosidl_generator_c__visibility_control.h
[212.772s] -- Installing: /home/libok/um_file/install/ur_dashboard_msgs/include/ur_dashboard_msgs/ur_dashboard_msgs/msg/detail
[212.772s] -- Installing: /home/libok/um_file/install/ur_dashboard_msgs/include/ur_dashboard_msgs/ur_dashboard_msgs/msg/detail/robot_mode__functions.c
[212.772s] -- Installing: /home/libok/um_file/install/ur_dashboard_msgs/include/ur_dashboard_msgs/ur_dashboard_msgs/msg/detail/program_state__struct.h
[212.773s] -- Installing: /home/libok/um_file/install/ur_dashboard_msgs/include/ur_dashboard_msgs/ur_dashboard_msgs/msg/detail/robot_mode__functions.h
[212.773s] -- Installing: /home/libok/um_file/install/ur_dashboard_msgs/include/ur_dashboard_msgs/ur_dashboard_msgs/msg/detail/safety_mode__functions.c
[212.773s] -- Installing: /home/libok/um_file/install/ur_dashboard_msgs/include/ur_dashboard_msgs/ur_dashboard_msgs/msg/detail/program_state__functions.h
[212.773s] -- Installing: /home/libok/um_file/install/ur_dashboard_msgs/include/ur_dashboard_msgs/ur_dashboard_msgs/msg/detail/robot_mode__type_support.h
[212.773s] -- Installing: /home/libok/um_file/install/ur_dashboard_msgs/include/ur_dashboard_msgs/ur_dashboard_msgs/msg/detail/safety_mode__struct.h
[212.773s] -- Installing: /home/libok/um_file/install/ur_dashboard_msgs/include/ur_dashboard_msgs/ur_dashboard_msgs/msg/detail/program_state__type_support.h
[212.773s] -- Installing: /home/libok/um_file/install/ur_dashboard_msgs/include/ur_dashboard_msgs/ur_dashboard_msgs/msg/detail/program_state__functions.c
[212.774s] -- Installing: /home/libok/um_file/install/ur_dashboard_msgs/include/ur_dashboard_msgs/ur_dashboard_msgs/msg/detail/robot_mode__struct.h
[212.774s] -- Installing: /home/libok/um_file/install/ur_dashboard_msgs/include/ur_dashboard_msgs/ur_dashboard_msgs/msg/detail/safety_mode__functions.h
[212.775s] -- Installing: /home/libok/um_file/install/ur_dashboard_msgs/include/ur_dashboard_msgs/ur_dashboard_msgs/msg/detail/safety_mode__type_support.h
[212.776s] -- Installing: /home/libok/um_file/install/ur_dashboard_msgs/include/ur_dashboard_msgs/ur_dashboard_msgs/msg/safety_mode.h
[212.776s] -- Installing: /home/libok/um_file/install/ur_dashboard_msgs/share/ur_dashboard_msgs/environment/library_path.sh
[212.777s] -- Installing: /home/libok/um_file/install/ur_dashboard_msgs/share/ur_dashboard_msgs/environment/library_path.dsv
[212.777s] -- Installing: /home/libok/um_file/install/ur_dashboard_msgs/lib/libur_dashboard_msgs__rosidl_generator_c.so
[212.778s] -- Set non-toolchain portion of runtime path of "/home/libok/um_file/install/ur_dashboard_msgs/lib/libur_dashboard_msgs__rosidl_generator_c.so" to ""
[212.779s] -- Up-to-date: /home/libok/um_file/install/ur_dashboard_msgs/include/ur_dashboard_msgs/ur_dashboard_msgs
[212.779s] -- Up-to-date: /home/libok/um_file/install/ur_dashboard_msgs/include/ur_dashboard_msgs/ur_dashboard_msgs/srv
[212.782s] -- Up-to-date: /home/libok/um_file/install/ur_dashboard_msgs/include/ur_dashboard_msgs/ur_dashboard_msgs/srv/detail
[212.782s] -- Installing: /home/libok/um_file/install/ur_dashboard_msgs/include/ur_dashboard_msgs/ur_dashboard_msgs/srv/detail/add_to_log__rosidl_typesupport_fastrtps_c.h
[212.783s] -- Installing: /home/libok/um_file/install/ur_dashboard_msgs/include/ur_dashboard_msgs/ur_dashboard_msgs/srv/detail/is_program_running__rosidl_typesupport_fastrtps_c.h
[212.783s] -- Installing: /home/libok/um_file/install/ur_dashboard_msgs/include/ur_dashboard_msgs/ur_dashboard_msgs/srv/detail/get_safety_mode__rosidl_typesupport_fastrtps_c.h
[212.783s] -- Installing: /home/libok/um_file/install/ur_dashboard_msgs/include/ur_dashboard_msgs/ur_dashboard_msgs/srv/detail/get_robot_mode__rosidl_typesupport_fastrtps_c.h
[212.783s] -- Installing: /home/libok/um_file/install/ur_dashboard_msgs/include/ur_dashboard_msgs/ur_dashboard_msgs/srv/detail/get_program_state__rosidl_typesupport_fastrtps_c.h
[212.783s] -- Installing: /home/libok/um_file/install/ur_dashboard_msgs/include/ur_dashboard_msgs/ur_dashboard_msgs/srv/detail/raw_request__rosidl_typesupport_fastrtps_c.h
[212.783s] -- Installing: /home/libok/um_file/install/ur_dashboard_msgs/include/ur_dashboard_msgs/ur_dashboard_msgs/srv/detail/is_program_saved__rosidl_typesupport_fastrtps_c.h
[212.784s] -- Installing: /home/libok/um_file/install/ur_dashboard_msgs/include/ur_dashboard_msgs/ur_dashboard_msgs/srv/detail/get_loaded_program__rosidl_typesupport_fastrtps_c.h
[212.784s] -- Installing: /home/libok/um_file/install/ur_dashboard_msgs/include/ur_dashboard_msgs/ur_dashboard_msgs/srv/detail/is_in_remote_control__rosidl_typesupport_fastrtps_c.h
[212.784s] -- Installing: /home/libok/um_file/install/ur_dashboard_msgs/include/ur_dashboard_msgs/ur_dashboard_msgs/srv/detail/load__rosidl_typesupport_fastrtps_c.h
[212.784s] -- Installing: /home/libok/um_file/install/ur_dashboard_msgs/include/ur_dashboard_msgs/ur_dashboard_msgs/srv/detail/popup__rosidl_typesupport_fastrtps_c.h
[212.784s] -- Up-to-date: /home/libok/um_file/install/ur_dashboard_msgs/include/ur_dashboard_msgs/ur_dashboard_msgs/action
[212.784s] -- Up-to-date: /home/libok/um_file/install/ur_dashboard_msgs/include/ur_dashboard_msgs/ur_dashboard_msgs/action/detail
[212.784s] -- Installing: /home/libok/um_file/install/ur_dashboard_msgs/include/ur_dashboard_msgs/ur_dashboard_msgs/action/detail/set_mode__rosidl_typesupport_fastrtps_c.h
[212.784s] -- Up-to-date: /home/libok/um_file/install/ur_dashboard_msgs/include/ur_dashboard_msgs/ur_dashboard_msgs/msg
[212.784s] -- Installing: /home/libok/um_file/install/ur_dashboard_msgs/include/ur_dashboard_msgs/ur_dashboard_msgs/msg/rosidl_typesupport_fastrtps_c__visibility_control.h
[212.785s] -- Up-to-date: /home/libok/um_file/install/ur_dashboard_msgs/include/ur_dashboard_msgs/ur_dashboard_msgs/msg/detail
[212.785s] -- Installing: /home/libok/um_file/install/ur_dashboard_msgs/include/ur_dashboard_msgs/ur_dashboard_msgs/msg/detail/safety_mode__rosidl_typesupport_fastrtps_c.h
[212.785s] -- Installing: /home/libok/um_file/install/ur_dashboard_msgs/include/ur_dashboard_msgs/ur_dashboard_msgs/msg/detail/program_state__rosidl_typesupport_fastrtps_c.h
[212.785s] -- Installing: /home/libok/um_file/install/ur_dashboard_msgs/include/ur_dashboard_msgs/ur_dashboard_msgs/msg/detail/robot_mode__rosidl_typesupport_fastrtps_c.h
[212.785s] -- Installing: /home/libok/um_file/install/ur_dashboard_msgs/lib/libur_dashboard_msgs__rosidl_typesupport_fastrtps_c.so
[212.785s] -- Set non-toolchain portion of runtime path of "/home/libok/um_file/install/ur_dashboard_msgs/lib/libur_dashboard_msgs__rosidl_typesupport_fastrtps_c.so" to ""
[212.785s] -- Up-to-date: /home/libok/um_file/install/ur_dashboard_msgs/include/ur_dashboard_msgs/ur_dashboard_msgs
[212.786s] -- Up-to-date: /home/libok/um_file/install/ur_dashboard_msgs/include/ur_dashboard_msgs/ur_dashboard_msgs/srv
[212.786s] -- Up-to-date: /home/libok/um_file/install/ur_dashboard_msgs/include/ur_dashboard_msgs/ur_dashboard_msgs/srv/detail
[212.786s] -- Installing: /home/libok/um_file/install/ur_dashboard_msgs/include/ur_dashboard_msgs/ur_dashboard_msgs/srv/detail/load__rosidl_typesupport_introspection_c.h
[212.786s] -- Installing: /home/libok/um_file/install/ur_dashboard_msgs/include/ur_dashboard_msgs/ur_dashboard_msgs/srv/detail/raw_request__type_support.c
[212.786s] -- Installing: /home/libok/um_file/install/ur_dashboard_msgs/include/ur_dashboard_msgs/ur_dashboard_msgs/srv/detail/get_program_state__type_support.c
[212.786s] -- Installing: /home/libok/um_file/install/ur_dashboard_msgs/include/ur_dashboard_msgs/ur_dashboard_msgs/srv/detail/is_in_remote_control__rosidl_typesupport_introspection_c.h
[212.787s] -- Installing: /home/libok/um_file/install/ur_dashboard_msgs/include/ur_dashboard_msgs/ur_dashboard_msgs/srv/detail/popup__rosidl_typesupport_introspection_c.h
[212.788s] -- Installing: /home/libok/um_file/install/ur_dashboard_msgs/include/ur_dashboard_msgs/ur_dashboard_msgs/srv/detail/add_to_log__rosidl_typesupport_introspection_c.h
[212.788s] -- Installing: /home/libok/um_file/install/ur_dashboard_msgs/include/ur_dashboard_msgs/ur_dashboard_msgs/srv/detail/get_loaded_program__rosidl_typesupport_introspection_c.h
[212.788s] -- Installing: /home/libok/um_file/install/ur_dashboard_msgs/include/ur_dashboard_msgs/ur_dashboard_msgs/srv/detail/load__type_support.c
[212.788s] -- Installing: /home/libok/um_file/install/ur_dashboard_msgs/include/ur_dashboard_msgs/ur_dashboard_msgs/srv/detail/is_program_running__type_support.c
[212.788s] -- Installing: /home/libok/um_file/install/ur_dashboard_msgs/include/ur_dashboard_msgs/ur_dashboard_msgs/srv/detail/is_program_saved__rosidl_typesupport_introspection_c.h
[212.789s] -- Installing: /home/libok/um_file/install/ur_dashboard_msgs/include/ur_dashboard_msgs/ur_dashboard_msgs/srv/detail/get_safety_mode__rosidl_typesupport_introspection_c.h
[212.790s] -- Installing: /home/libok/um_file/install/ur_dashboard_msgs/include/ur_dashboard_msgs/ur_dashboard_msgs/srv/detail/is_program_running__rosidl_typesupport_introspection_c.h
[212.791s] -- Installing: /home/libok/um_file/install/ur_dashboard_msgs/include/ur_dashboard_msgs/ur_dashboard_msgs/srv/detail/get_loaded_program__type_support.c
[212.794s] -- Installing: /home/libok/um_file/install/ur_dashboard_msgs/include/ur_dashboard_msgs/ur_dashboard_msgs/srv/detail/raw_request__rosidl_typesupport_introspection_c.h
[212.797s] -- Installing: /home/libok/um_file/install/ur_dashboard_msgs/include/ur_dashboard_msgs/ur_dashboard_msgs/srv/detail/add_to_log__type_support.c
[212.797s] -- Installing: /home/libok/um_file/install/ur_dashboard_msgs/include/ur_dashboard_msgs/ur_dashboard_msgs/srv/detail/get_robot_mode__rosidl_typesupport_introspection_c.h
[212.799s] -- Installing: /home/libok/um_file/install/ur_dashboard_msgs/include/ur_dashboard_msgs/ur_dashboard_msgs/srv/detail/get_program_state__rosidl_typesupport_introspection_c.h
[212.800s] -- Installing: /home/libok/um_file/install/ur_dashboard_msgs/include/ur_dashboard_msgs/ur_dashboard_msgs/srv/detail/is_in_remote_control__type_support.c
[212.800s] -- Installing: /home/libok/um_file/install/ur_dashboard_msgs/include/ur_dashboard_msgs/ur_dashboard_msgs/srv/detail/get_robot_mode__type_support.c
[212.800s] -- Installing: /home/libok/um_file/install/ur_dashboard_msgs/include/ur_dashboard_msgs/ur_dashboard_msgs/srv/detail/popup__type_support.c
[212.800s] -- Installing: /home/libok/um_file/install/ur_dashboard_msgs/include/ur_dashboard_msgs/ur_dashboard_msgs/srv/detail/is_program_saved__type_support.c
[212.801s] -- Installing: /home/libok/um_file/install/ur_dashboard_msgs/include/ur_dashboard_msgs/ur_dashboard_msgs/srv/detail/get_safety_mode__type_support.c
[212.801s] -- Up-to-date: /home/libok/um_file/install/ur_dashboard_msgs/include/ur_dashboard_msgs/ur_dashboard_msgs/action
[212.801s] -- Up-to-date: /home/libok/um_file/install/ur_dashboard_msgs/include/ur_dashboard_msgs/ur_dashboard_msgs/action/detail
[212.802s] -- Installing: /home/libok/um_file/install/ur_dashboard_msgs/include/ur_dashboard_msgs/ur_dashboard_msgs/action/detail/set_mode__type_support.c
[212.802s] -- Installing: /home/libok/um_file/install/ur_dashboard_msgs/include/ur_dashboard_msgs/ur_dashboard_msgs/action/detail/set_mode__rosidl_typesupport_introspection_c.h
[212.802s] -- Up-to-date: /home/libok/um_file/install/ur_dashboard_msgs/include/ur_dashboard_msgs/ur_dashboard_msgs/msg
[212.802s] -- Installing: /home/libok/um_file/install/ur_dashboard_msgs/include/ur_dashboard_msgs/ur_dashboard_msgs/msg/rosidl_typesupport_introspection_c__visibility_control.h
[212.804s] -- Up-to-date: /home/libok/um_file/install/ur_dashboard_msgs/include/ur_dashboard_msgs/ur_dashboard_msgs/msg/detail
[212.808s] -- Installing: /home/libok/um_file/install/ur_dashboard_msgs/include/ur_dashboard_msgs/ur_dashboard_msgs/msg/detail/safety_mode__rosidl_typesupport_introspection_c.h
[212.809s] -- Installing: /home/libok/um_file/install/ur_dashboard_msgs/include/ur_dashboard_msgs/ur_dashboard_msgs/msg/detail/safety_mode__type_support.c
[212.809s] -- Installing: /home/libok/um_file/install/ur_dashboard_msgs/include/ur_dashboard_msgs/ur_dashboard_msgs/msg/detail/program_state__type_support.c
[212.809s] -- Installing: /home/libok/um_file/install/ur_dashboard_msgs/include/ur_dashboard_msgs/ur_dashboard_msgs/msg/detail/robot_mode__type_support.c
[212.810s] -- Installing: /home/libok/um_file/install/ur_dashboard_msgs/include/ur_dashboard_msgs/ur_dashboard_msgs/msg/detail/program_state__rosidl_typesupport_introspection_c.h
[212.810s] -- Installing: /home/libok/um_file/install/ur_dashboard_msgs/include/ur_dashboard_msgs/ur_dashboard_msgs/msg/detail/robot_mode__rosidl_typesupport_introspection_c.h
[212.810s] -- Installing: /home/libok/um_file/install/ur_dashboard_msgs/lib/libur_dashboard_msgs__rosidl_typesupport_introspection_c.so
[212.811s] -- Set non-toolchain portion of runtime path of "/home/libok/um_file/install/ur_dashboard_msgs/lib/libur_dashboard_msgs__rosidl_typesupport_introspection_c.so" to ""
[212.811s] -- Installing: /home/libok/um_file/install/ur_dashboard_msgs/lib/libur_dashboard_msgs__rosidl_typesupport_c.so
[212.811s] -- Set non-toolchain portion of runtime path of "/home/libok/um_file/install/ur_dashboard_msgs/lib/libur_dashboard_msgs__rosidl_typesupport_c.so" to ""
[212.812s] -- Up-to-date: /home/libok/um_file/install/ur_dashboard_msgs/include/ur_dashboard_msgs/ur_dashboard_msgs
[212.816s] -- Up-to-date: /home/libok/um_file/install/ur_dashboard_msgs/include/ur_dashboard_msgs/ur_dashboard_msgs/srv
[212.817s] -- Installing: /home/libok/um_file/install/ur_dashboard_msgs/include/ur_dashboard_msgs/ur_dashboard_msgs/srv/get_safety_mode.hpp
[212.818s] -- Installing: /home/libok/um_file/install/ur_dashboard_msgs/include/ur_dashboard_msgs/ur_dashboard_msgs/srv/get_program_state.hpp
[212.822s] -- Installing: /home/libok/um_file/install/ur_dashboard_msgs/include/ur_dashboard_msgs/ur_dashboard_msgs/srv/is_in_remote_control.hpp
[212.822s] -- Installing: /home/libok/um_file/install/ur_dashboard_msgs/include/ur_dashboard_msgs/ur_dashboard_msgs/srv/raw_request.hpp
[212.823s] -- Installing: /home/libok/um_file/install/ur_dashboard_msgs/include/ur_dashboard_msgs/ur_dashboard_msgs/srv/load.hpp
[212.823s] -- Installing: /home/libok/um_file/install/ur_dashboard_msgs/include/ur_dashboard_msgs/ur_dashboard_msgs/srv/add_to_log.hpp
[212.823s] -- Installing: /home/libok/um_file/install/ur_dashboard_msgs/include/ur_dashboard_msgs/ur_dashboard_msgs/srv/get_robot_mode.hpp
[212.823s] -- Installing: /home/libok/um_file/install/ur_dashboard_msgs/include/ur_dashboard_msgs/ur_dashboard_msgs/srv/is_program_saved.hpp
[212.823s] -- Up-to-date: /home/libok/um_file/install/ur_dashboard_msgs/include/ur_dashboard_msgs/ur_dashboard_msgs/srv/detail
[212.823s] -- Installing: /home/libok/um_file/install/ur_dashboard_msgs/include/ur_dashboard_msgs/ur_dashboard_msgs/srv/detail/get_loaded_program__traits.hpp
[212.823s] -- Installing: /home/libok/um_file/install/ur_dashboard_msgs/include/ur_dashboard_msgs/ur_dashboard_msgs/srv/detail/is_program_saved__struct.hpp
[212.824s] -- Installing: /home/libok/um_file/install/ur_dashboard_msgs/include/ur_dashboard_msgs/ur_dashboard_msgs/srv/detail/raw_request__struct.hpp
[212.824s] -- Installing: /home/libok/um_file/install/ur_dashboard_msgs/include/ur_dashboard_msgs/ur_dashboard_msgs/srv/detail/is_program_running__traits.hpp
[212.824s] -- Installing: /home/libok/um_file/install/ur_dashboard_msgs/include/ur_dashboard_msgs/ur_dashboard_msgs/srv/detail/is_program_running__builder.hpp
[212.824s] -- Installing: /home/libok/um_file/install/ur_dashboard_msgs/include/ur_dashboard_msgs/ur_dashboard_msgs/srv/detail/get_loaded_program__builder.hpp
[212.824s] -- Installing: /home/libok/um_file/install/ur_dashboard_msgs/include/ur_dashboard_msgs/ur_dashboard_msgs/srv/detail/is_in_remote_control__traits.hpp
[212.824s] -- Installing: /home/libok/um_file/install/ur_dashboard_msgs/include/ur_dashboard_msgs/ur_dashboard_msgs/srv/detail/add_to_log__type_support.hpp
[212.824s] -- Installing: /home/libok/um_file/install/ur_dashboard_msgs/include/ur_dashboard_msgs/ur_dashboard_msgs/srv/detail/popup__builder.hpp
[212.825s] -- Installing: /home/libok/um_file/install/ur_dashboard_msgs/include/ur_dashboard_msgs/ur_dashboard_msgs/srv/detail/get_robot_mode__type_support.hpp
[212.825s] -- Installing: /home/libok/um_file/install/ur_dashboard_msgs/include/ur_dashboard_msgs/ur_dashboard_msgs/srv/detail/get_loaded_program__type_support.hpp
[212.825s] -- Installing: /home/libok/um_file/install/ur_dashboard_msgs/include/ur_dashboard_msgs/ur_dashboard_msgs/srv/detail/add_to_log__builder.hpp
[212.825s] -- Installing: /home/libok/um_file/install/ur_dashboard_msgs/include/ur_dashboard_msgs/ur_dashboard_msgs/srv/detail/get_safety_mode__builder.hpp
[212.825s] -- Installing: /home/libok/um_file/install/ur_dashboard_msgs/include/ur_dashboard_msgs/ur_dashboard_msgs/srv/detail/add_to_log__struct.hpp
[212.826s] -- Installing: /home/libok/um_file/install/ur_dashboard_msgs/include/ur_dashboard_msgs/ur_dashboard_msgs/srv/detail/popup__struct.hpp
[212.826s] -- Installing: /home/libok/um_file/install/ur_dashboard_msgs/include/ur_dashboard_msgs/ur_dashboard_msgs/srv/detail/load__traits.hpp
[212.826s] -- Installing: /home/libok/um_file/install/ur_dashboard_msgs/include/ur_dashboard_msgs/ur_dashboard_msgs/srv/detail/load__struct.hpp
[212.826s] -- Installing: /home/libok/um_file/install/ur_dashboard_msgs/include/ur_dashboard_msgs/ur_dashboard_msgs/srv/detail/raw_request__type_support.hpp
[212.826s] -- Installing: /home/libok/um_file/install/ur_dashboard_msgs/include/ur_dashboard_msgs/ur_dashboard_msgs/srv/detail/is_in_remote_control__struct.hpp
[212.827s] -- Installing: /home/libok/um_file/install/ur_dashboard_msgs/include/ur_dashboard_msgs/ur_dashboard_msgs/srv/detail/raw_request__traits.hpp
[212.827s] -- Installing: /home/libok/um_file/install/ur_dashboard_msgs/include/ur_dashboard_msgs/ur_dashboard_msgs/srv/detail/popup__type_support.hpp
[212.827s] -- Installing: /home/libok/um_file/install/ur_dashboard_msgs/include/ur_dashboard_msgs/ur_dashboard_msgs/srv/detail/get_program_state__builder.hpp
[212.828s] -- Installing: /home/libok/um_file/install/ur_dashboard_msgs/include/ur_dashboard_msgs/ur_dashboard_msgs/srv/detail/get_program_state__type_support.hpp
[212.830s] -- Installing: /home/libok/um_file/install/ur_dashboard_msgs/include/ur_dashboard_msgs/ur_dashboard_msgs/srv/detail/get_program_state__struct.hpp
[212.830s] -- Installing: /home/libok/um_file/install/ur_dashboard_msgs/include/ur_dashboard_msgs/ur_dashboard_msgs/srv/detail/get_safety_mode__traits.hpp
[212.830s] -- Installing: /home/libok/um_file/install/ur_dashboard_msgs/include/ur_dashboard_msgs/ur_dashboard_msgs/srv/detail/get_program_state__traits.hpp
[212.830s] -- Installing: /home/libok/um_file/install/ur_dashboard_msgs/include/ur_dashboard_msgs/ur_dashboard_msgs/srv/detail/load__builder.hpp
[212.831s] -- Installing: /home/libok/um_file/install/ur_dashboard_msgs/include/ur_dashboard_msgs/ur_dashboard_msgs/srv/detail/popup__traits.hpp
[212.831s] -- Installing: /home/libok/um_file/install/ur_dashboard_msgs/include/ur_dashboard_msgs/ur_dashboard_msgs/srv/detail/get_safety_mode__type_support.hpp
[212.831s] -- Installing: /home/libok/um_file/install/ur_dashboard_msgs/include/ur_dashboard_msgs/ur_dashboard_msgs/srv/detail/load__type_support.hpp
[212.831s] -- Installing: /home/libok/um_file/install/ur_dashboard_msgs/include/ur_dashboard_msgs/ur_dashboard_msgs/srv/detail/get_loaded_program__struct.hpp
[212.831s] -- Installing: /home/libok/um_file/install/ur_dashboard_msgs/include/ur_dashboard_msgs/ur_dashboard_msgs/srv/detail/is_program_saved__traits.hpp
[212.831s] -- Installing: /home/libok/um_file/install/ur_dashboard_msgs/include/ur_dashboard_msgs/ur_dashboard_msgs/srv/detail/is_in_remote_control__type_support.hpp
[212.831s] -- Installing: /home/libok/um_file/install/ur_dashboard_msgs/include/ur_dashboard_msgs/ur_dashboard_msgs/srv/detail/is_program_running__type_support.hpp
[212.832s] -- Installing: /home/libok/um_file/install/ur_dashboard_msgs/include/ur_dashboard_msgs/ur_dashboard_msgs/srv/detail/get_safety_mode__struct.hpp
[212.832s] -- Installing: /home/libok/um_file/install/ur_dashboard_msgs/include/ur_dashboard_msgs/ur_dashboard_msgs/srv/detail/raw_request__builder.hpp
[212.832s] -- Installing: /home/libok/um_file/install/ur_dashboard_msgs/include/ur_dashboard_msgs/ur_dashboard_msgs/srv/detail/is_program_saved__builder.hpp
[212.832s] -- Installing: /home/libok/um_file/install/ur_dashboard_msgs/include/ur_dashboard_msgs/ur_dashboard_msgs/srv/detail/is_in_remote_control__builder.hpp
[212.832s] -- Installing: /home/libok/um_file/install/ur_dashboard_msgs/include/ur_dashboard_msgs/ur_dashboard_msgs/srv/detail/is_program_running__struct.hpp
[212.832s] -- Installing: /home/libok/um_file/install/ur_dashboard_msgs/include/ur_dashboard_msgs/ur_dashboard_msgs/srv/detail/is_program_saved__type_support.hpp
[212.833s] -- Installing: /home/libok/um_file/install/ur_dashboard_msgs/include/ur_dashboard_msgs/ur_dashboard_msgs/srv/detail/get_robot_mode__struct.hpp
[212.833s] -- Installing: /home/libok/um_file/install/ur_dashboard_msgs/include/ur_dashboard_msgs/ur_dashboard_msgs/srv/detail/get_robot_mode__builder.hpp
[212.834s] -- Installing: /home/libok/um_file/install/ur_dashboard_msgs/include/ur_dashboard_msgs/ur_dashboard_msgs/srv/detail/add_to_log__traits.hpp
[212.834s] -- Installing: /home/libok/um_file/install/ur_dashboard_msgs/include/ur_dashboard_msgs/ur_dashboard_msgs/srv/detail/get_robot_mode__traits.hpp
[212.834s] -- Installing: /home/libok/um_file/install/ur_dashboard_msgs/include/ur_dashboard_msgs/ur_dashboard_msgs/srv/is_program_running.hpp
[212.834s] -- Installing: /home/libok/um_file/install/ur_dashboard_msgs/include/ur_dashboard_msgs/ur_dashboard_msgs/srv/get_loaded_program.hpp
[212.835s] -- Installing: /home/libok/um_file/install/ur_dashboard_msgs/include/ur_dashboard_msgs/ur_dashboard_msgs/srv/popup.hpp
[212.835s] -- Up-to-date: /home/libok/um_file/install/ur_dashboard_msgs/include/ur_dashboard_msgs/ur_dashboard_msgs/action
[212.835s] -- Up-to-date: /home/libok/um_file/install/ur_dashboard_msgs/include/ur_dashboard_msgs/ur_dashboard_msgs/action/detail
[212.835s] -- Installing: /home/libok/um_file/install/ur_dashboard_msgs/include/ur_dashboard_msgs/ur_dashboard_msgs/action/detail/set_mode__type_support.hpp
[212.835s] -- Installing: /home/libok/um_file/install/ur_dashboard_msgs/include/ur_dashboard_msgs/ur_dashboard_msgs/action/detail/set_mode__struct.hpp
[212.835s] -- Installing: /home/libok/um_file/install/ur_dashboard_msgs/include/ur_dashboard_msgs/ur_dashboard_msgs/action/detail/set_mode__builder.hpp
[212.836s] -- Installing: /home/libok/um_file/install/ur_dashboard_msgs/include/ur_dashboard_msgs/ur_dashboard_msgs/action/detail/set_mode__traits.hpp
[212.836s] -- Installing: /home/libok/um_file/install/ur_dashboard_msgs/include/ur_dashboard_msgs/ur_dashboard_msgs/action/set_mode.hpp
[212.836s] -- Up-to-date: /home/libok/um_file/install/ur_dashboard_msgs/include/ur_dashboard_msgs/ur_dashboard_msgs/msg
[212.837s] -- Installing: /home/libok/um_file/install/ur_dashboard_msgs/include/ur_dashboard_msgs/ur_dashboard_msgs/msg/robot_mode.hpp
[212.837s] -- Installing: /home/libok/um_file/install/ur_dashboard_msgs/include/ur_dashboard_msgs/ur_dashboard_msgs/msg/program_state.hpp
[212.837s] -- Installing: /home/libok/um_file/install/ur_dashboard_msgs/include/ur_dashboard_msgs/ur_dashboard_msgs/msg/rosidl_generator_cpp__visibility_control.hpp
[212.837s] -- Installing: /home/libok/um_file/install/ur_dashboard_msgs/include/ur_dashboard_msgs/ur_dashboard_msgs/msg/safety_mode.hpp
[212.837s] -- Up-to-date: /home/libok/um_file/install/ur_dashboard_msgs/include/ur_dashboard_msgs/ur_dashboard_msgs/msg/detail
[212.838s] -- Installing: /home/libok/um_file/install/ur_dashboard_msgs/include/ur_dashboard_msgs/ur_dashboard_msgs/msg/detail/robot_mode__struct.hpp
[212.838s] -- Installing: /home/libok/um_file/install/ur_dashboard_msgs/include/ur_dashboard_msgs/ur_dashboard_msgs/msg/detail/robot_mode__builder.hpp
[212.838s] -- Installing: /home/libok/um_file/install/ur_dashboard_msgs/include/ur_dashboard_msgs/ur_dashboard_msgs/msg/detail/program_state__traits.hpp
[212.838s] -- Installing: /home/libok/um_file/install/ur_dashboard_msgs/include/ur_dashboard_msgs/ur_dashboard_msgs/msg/detail/program_state__struct.hpp
[212.838s] -- Installing: /home/libok/um_file/install/ur_dashboard_msgs/include/ur_dashboard_msgs/ur_dashboard_msgs/msg/detail/safety_mode__type_support.hpp
[212.838s] -- Installing: /home/libok/um_file/install/ur_dashboard_msgs/include/ur_dashboard_msgs/ur_dashboard_msgs/msg/detail/safety_mode__struct.hpp
[212.838s] -- Installing: /home/libok/um_file/install/ur_dashboard_msgs/include/ur_dashboard_msgs/ur_dashboard_msgs/msg/detail/robot_mode__type_support.hpp
[212.839s] -- Installing: /home/libok/um_file/install/ur_dashboard_msgs/include/ur_dashboard_msgs/ur_dashboard_msgs/msg/detail/safety_mode__traits.hpp
[212.839s] -- Installing: /home/libok/um_file/install/ur_dashboard_msgs/include/ur_dashboard_msgs/ur_dashboard_msgs/msg/detail/program_state__builder.hpp
[212.839s] -- Installing: /home/libok/um_file/install/ur_dashboard_msgs/include/ur_dashboard_msgs/ur_dashboard_msgs/msg/detail/program_state__type_support.hpp
[212.839s] -- Installing: /home/libok/um_file/install/ur_dashboard_msgs/include/ur_dashboard_msgs/ur_dashboard_msgs/msg/detail/robot_mode__traits.hpp
[212.839s] -- Installing: /home/libok/um_file/install/ur_dashboard_msgs/include/ur_dashboard_msgs/ur_dashboard_msgs/msg/detail/safety_mode__builder.hpp
[212.839s] -- Up-to-date: /home/libok/um_file/install/ur_dashboard_msgs/include/ur_dashboard_msgs/ur_dashboard_msgs
[212.840s] -- Up-to-date: /home/libok/um_file/install/ur_dashboard_msgs/include/ur_dashboard_msgs/ur_dashboard_msgs/srv
[212.840s] -- Up-to-date: /home/libok/um_file/install/ur_dashboard_msgs/include/ur_dashboard_msgs/ur_dashboard_msgs/srv/detail
[212.840s] -- Installing: /home/libok/um_file/install/ur_dashboard_msgs/include/ur_dashboard_msgs/ur_dashboard_msgs/srv/detail/is_in_remote_control__rosidl_typesupport_fastrtps_cpp.hpp
[212.840s] -- Installing: /home/libok/um_file/install/ur_dashboard_msgs/include/ur_dashboard_msgs/ur_dashboard_msgs/srv/detail/raw_request__rosidl_typesupport_fastrtps_cpp.hpp
[212.841s] -- Installing: /home/libok/um_file/install/ur_dashboard_msgs/include/ur_dashboard_msgs/ur_dashboard_msgs/srv/detail/popup__rosidl_typesupport_fastrtps_cpp.hpp
[212.841s] -- Installing: /home/libok/um_file/install/ur_dashboard_msgs/include/ur_dashboard_msgs/ur_dashboard_msgs/srv/detail/is_program_running__rosidl_typesupport_fastrtps_cpp.hpp
[212.841s] -- Installing: /home/libok/um_file/install/ur_dashboard_msgs/include/ur_dashboard_msgs/ur_dashboard_msgs/srv/detail/add_to_log__rosidl_typesupport_fastrtps_cpp.hpp
[212.841s] -- Installing: /home/libok/um_file/install/ur_dashboard_msgs/include/ur_dashboard_msgs/ur_dashboard_msgs/srv/detail/get_robot_mode__rosidl_typesupport_fastrtps_cpp.hpp
[212.842s] -- Installing: /home/libok/um_file/install/ur_dashboard_msgs/include/ur_dashboard_msgs/ur_dashboard_msgs/srv/detail/load__rosidl_typesupport_fastrtps_cpp.hpp
[212.842s] -- Installing: /home/libok/um_file/install/ur_dashboard_msgs/include/ur_dashboard_msgs/ur_dashboard_msgs/srv/detail/is_program_saved__rosidl_typesupport_fastrtps_cpp.hpp
[212.842s] -- Installing: /home/libok/um_file/install/ur_dashboard_msgs/include/ur_dashboard_msgs/ur_dashboard_msgs/srv/detail/get_loaded_program__rosidl_typesupport_fastrtps_cpp.hpp
[212.842s] -- Installing: /home/libok/um_file/install/ur_dashboard_msgs/include/ur_dashboard_msgs/ur_dashboard_msgs/srv/detail/dds_fastrtps
[212.842s] -- Installing: /home/libok/um_file/install/ur_dashboard_msgs/include/ur_dashboard_msgs/ur_dashboard_msgs/srv/detail/get_safety_mode__rosidl_typesupport_fastrtps_cpp.hpp
[212.842s] -- Installing: /home/libok/um_file/install/ur_dashboard_msgs/include/ur_dashboard_msgs/ur_dashboard_msgs/srv/detail/get_program_state__rosidl_typesupport_fastrtps_cpp.hpp
[212.843s] -- Up-to-date: /home/libok/um_file/install/ur_dashboard_msgs/include/ur_dashboard_msgs/ur_dashboard_msgs/action
[212.843s] -- Up-to-date: /home/libok/um_file/install/ur_dashboard_msgs/include/ur_dashboard_msgs/ur_dashboard_msgs/action/detail
[212.843s] -- Installing: /home/libok/um_file/install/ur_dashboard_msgs/include/ur_dashboard_msgs/ur_dashboard_msgs/action/detail/set_mode__rosidl_typesupport_fastrtps_cpp.hpp
[212.843s] -- Installing: /home/libok/um_file/install/ur_dashboard_msgs/include/ur_dashboard_msgs/ur_dashboard_msgs/action/detail/dds_fastrtps
[212.843s] -- Up-to-date: /home/libok/um_file/install/ur_dashboard_msgs/include/ur_dashboard_msgs/ur_dashboard_msgs/msg
[212.843s] -- Up-to-date: /home/libok/um_file/install/ur_dashboard_msgs/include/ur_dashboard_msgs/ur_dashboard_msgs/msg/detail
[212.844s] -- Installing: /home/libok/um_file/install/ur_dashboard_msgs/include/ur_dashboard_msgs/ur_dashboard_msgs/msg/detail/program_state__rosidl_typesupport_fastrtps_cpp.hpp
[212.844s] -- Installing: /home/libok/um_file/install/ur_dashboard_msgs/include/ur_dashboard_msgs/ur_dashboard_msgs/msg/detail/dds_fastrtps
[212.844s] -- Installing: /home/libok/um_file/install/ur_dashboard_msgs/include/ur_dashboard_msgs/ur_dashboard_msgs/msg/detail/safety_mode__rosidl_typesupport_fastrtps_cpp.hpp
[212.844s] -- Installing: /home/libok/um_file/install/ur_dashboard_msgs/include/ur_dashboard_msgs/ur_dashboard_msgs/msg/detail/robot_mode__rosidl_typesupport_fastrtps_cpp.hpp
[212.844s] -- Installing: /home/libok/um_file/install/ur_dashboard_msgs/include/ur_dashboard_msgs/ur_dashboard_msgs/msg/rosidl_typesupport_fastrtps_cpp__visibility_control.h
[212.844s] -- Installing: /home/libok/um_file/install/ur_dashboard_msgs/lib/libur_dashboard_msgs__rosidl_typesupport_fastrtps_cpp.so
[212.845s] -- Set non-toolchain portion of runtime path of "/home/libok/um_file/install/ur_dashboard_msgs/lib/libur_dashboard_msgs__rosidl_typesupport_fastrtps_cpp.so" to ""
[212.845s] -- Up-to-date: /home/libok/um_file/install/ur_dashboard_msgs/include/ur_dashboard_msgs/ur_dashboard_msgs
[212.845s] -- Up-to-date: /home/libok/um_file/install/ur_dashboard_msgs/include/ur_dashboard_msgs/ur_dashboard_msgs/srv
[212.845s] -- Up-to-date: /home/libok/um_file/install/ur_dashboard_msgs/include/ur_dashboard_msgs/ur_dashboard_msgs/srv/detail
[212.845s] -- Installing: /home/libok/um_file/install/ur_dashboard_msgs/include/ur_dashboard_msgs/ur_dashboard_msgs/srv/detail/get_loaded_program__rosidl_typesupport_introspection_cpp.hpp
[212.846s] -- Installing: /home/libok/um_file/install/ur_dashboard_msgs/include/ur_dashboard_msgs/ur_dashboard_msgs/srv/detail/get_program_state__rosidl_typesupport_introspection_cpp.hpp
[212.846s] -- Installing: /home/libok/um_file/install/ur_dashboard_msgs/include/ur_dashboard_msgs/ur_dashboard_msgs/srv/detail/add_to_log__rosidl_typesupport_introspection_cpp.hpp
[212.846s] -- Installing: /home/libok/um_file/install/ur_dashboard_msgs/include/ur_dashboard_msgs/ur_dashboard_msgs/srv/detail/is_program_running__type_support.cpp
[212.846s] -- Installing: /home/libok/um_file/install/ur_dashboard_msgs/include/ur_dashboard_msgs/ur_dashboard_msgs/srv/detail/get_loaded_program__type_support.cpp
[212.847s] -- Installing: /home/libok/um_file/install/ur_dashboard_msgs/include/ur_dashboard_msgs/ur_dashboard_msgs/srv/detail/get_robot_mode__type_support.cpp
[212.847s] -- Installing: /home/libok/um_file/install/ur_dashboard_msgs/include/ur_dashboard_msgs/ur_dashboard_msgs/srv/detail/raw_request__type_support.cpp
[212.847s] -- Installing: /home/libok/um_file/install/ur_dashboard_msgs/include/ur_dashboard_msgs/ur_dashboard_msgs/srv/detail/get_safety_mode__rosidl_typesupport_introspection_cpp.hpp
[212.847s] -- Installing: /home/libok/um_file/install/ur_dashboard_msgs/include/ur_dashboard_msgs/ur_dashboard_msgs/srv/detail/get_robot_mode__rosidl_typesupport_introspection_cpp.hpp
[212.847s] -- Installing: /home/libok/um_file/install/ur_dashboard_msgs/include/ur_dashboard_msgs/ur_dashboard_msgs/srv/detail/is_in_remote_control__rosidl_typesupport_introspection_cpp.hpp
[212.847s] -- Installing: /home/libok/um_file/install/ur_dashboard_msgs/include/ur_dashboard_msgs/ur_dashboard_msgs/srv/detail/popup__type_support.cpp
[212.848s] -- Installing: /home/libok/um_file/install/ur_dashboard_msgs/include/ur_dashboard_msgs/ur_dashboard_msgs/srv/detail/is_program_saved__type_support.cpp
[212.848s] -- Installing: /home/libok/um_file/install/ur_dashboard_msgs/include/ur_dashboard_msgs/ur_dashboard_msgs/srv/detail/raw_request__rosidl_typesupport_introspection_cpp.hpp
[212.849s] -- Installing: /home/libok/um_file/install/ur_dashboard_msgs/include/ur_dashboard_msgs/ur_dashboard_msgs/srv/detail/load__rosidl_typesupport_introspection_cpp.hpp
[212.849s] -- Installing: /home/libok/um_file/install/ur_dashboard_msgs/include/ur_dashboard_msgs/ur_dashboard_msgs/srv/detail/load__type_support.cpp
[212.849s] -- Installing: /home/libok/um_file/install/ur_dashboard_msgs/include/ur_dashboard_msgs/ur_dashboard_msgs/srv/detail/add_to_log__type_support.cpp
[212.850s] -- Installing: /home/libok/um_file/install/ur_dashboard_msgs/include/ur_dashboard_msgs/ur_dashboard_msgs/srv/detail/is_in_remote_control__type_support.cpp
[212.850s] -- Installing: /home/libok/um_file/install/ur_dashboard_msgs/include/ur_dashboard_msgs/ur_dashboard_msgs/srv/detail/is_program_saved__rosidl_typesupport_introspection_cpp.hpp
[212.850s] -- Installing: /home/libok/um_file/install/ur_dashboard_msgs/include/ur_dashboard_msgs/ur_dashboard_msgs/srv/detail/get_program_state__type_support.cpp
[212.851s] -- Installing: /home/libok/um_file/install/ur_dashboard_msgs/include/ur_dashboard_msgs/ur_dashboard_msgs/srv/detail/popup__rosidl_typesupport_introspection_cpp.hpp
[212.851s] -- Installing: /home/libok/um_file/install/ur_dashboard_msgs/include/ur_dashboard_msgs/ur_dashboard_msgs/srv/detail/get_safety_mode__type_support.cpp
[212.851s] -- Installing: /home/libok/um_file/install/ur_dashboard_msgs/include/ur_dashboard_msgs/ur_dashboard_msgs/srv/detail/is_program_running__rosidl_typesupport_introspection_cpp.hpp
[212.851s] -- Up-to-date: /home/libok/um_file/install/ur_dashboard_msgs/include/ur_dashboard_msgs/ur_dashboard_msgs/action
[212.852s] -- Up-to-date: /home/libok/um_file/install/ur_dashboard_msgs/include/ur_dashboard_msgs/ur_dashboard_msgs/action/detail
[212.852s] -- Installing: /home/libok/um_file/install/ur_dashboard_msgs/include/ur_dashboard_msgs/ur_dashboard_msgs/action/detail/set_mode__type_support.cpp
[212.852s] -- Installing: /home/libok/um_file/install/ur_dashboard_msgs/include/ur_dashboard_msgs/ur_dashboard_msgs/action/detail/set_mode__rosidl_typesupport_introspection_cpp.hpp
[212.853s] -- Up-to-date: /home/libok/um_file/install/ur_dashboard_msgs/include/ur_dashboard_msgs/ur_dashboard_msgs/msg
[212.853s] -- Up-to-date: /home/libok/um_file/install/ur_dashboard_msgs/include/ur_dashboard_msgs/ur_dashboard_msgs/msg/detail
[212.853s] -- Installing: /home/libok/um_file/install/ur_dashboard_msgs/include/ur_dashboard_msgs/ur_dashboard_msgs/msg/detail/robot_mode__type_support.cpp
[212.854s] -- Installing: /home/libok/um_file/install/ur_dashboard_msgs/include/ur_dashboard_msgs/ur_dashboard_msgs/msg/detail/program_state__type_support.cpp
[212.854s] -- Installing: /home/libok/um_file/install/ur_dashboard_msgs/include/ur_dashboard_msgs/ur_dashboard_msgs/msg/detail/program_state__rosidl_typesupport_introspection_cpp.hpp
[212.854s] -- Installing: /home/libok/um_file/install/ur_dashboard_msgs/include/ur_dashboard_msgs/ur_dashboard_msgs/msg/detail/safety_mode__rosidl_typesupport_introspection_cpp.hpp
[212.855s] -- Installing: /home/libok/um_file/install/ur_dashboard_msgs/include/ur_dashboard_msgs/ur_dashboard_msgs/msg/detail/safety_mode__type_support.cpp
[212.855s] -- Installing: /home/libok/um_file/install/ur_dashboard_msgs/include/ur_dashboard_msgs/ur_dashboard_msgs/msg/detail/robot_mode__rosidl_typesupport_introspection_cpp.hpp
[212.855s] -- Installing: /home/libok/um_file/install/ur_dashboard_msgs/lib/libur_dashboard_msgs__rosidl_typesupport_introspection_cpp.so
[212.856s] -- Set non-toolchain portion of runtime path of "/home/libok/um_file/install/ur_dashboard_msgs/lib/libur_dashboard_msgs__rosidl_typesupport_introspection_cpp.so" to ""
[212.856s] -- Installing: /home/libok/um_file/install/ur_dashboard_msgs/lib/libur_dashboard_msgs__rosidl_typesupport_cpp.so
[212.856s] -- Set non-toolchain portion of runtime path of "/home/libok/um_file/install/ur_dashboard_msgs/lib/libur_dashboard_msgs__rosidl_typesupport_cpp.so" to ""
[212.857s] -- Installing: /home/libok/um_file/install/ur_dashboard_msgs/share/ur_dashboard_msgs/environment/pythonpath.sh
[212.857s] -- Installing: /home/libok/um_file/install/ur_dashboard_msgs/share/ur_dashboard_msgs/environment/pythonpath.dsv
[212.857s] -- Installing: /home/libok/um_file/install/ur_dashboard_msgs/local/lib/python3.10/dist-packages/ur_dashboard_msgs-2.12.0-py3.10.egg-info
[212.857s] -- Installing: /home/libok/um_file/install/ur_dashboard_msgs/local/lib/python3.10/dist-packages/ur_dashboard_msgs-2.12.0-py3.10.egg-info/top_level.txt
[212.858s] -- Installing: /home/libok/um_file/install/ur_dashboard_msgs/local/lib/python3.10/dist-packages/ur_dashboard_msgs-2.12.0-py3.10.egg-info/PKG-INFO
[212.858s] -- Installing: /home/libok/um_file/install/ur_dashboard_msgs/local/lib/python3.10/dist-packages/ur_dashboard_msgs-2.12.0-py3.10.egg-info/dependency_links.txt
[212.858s] -- Installing: /home/libok/um_file/install/ur_dashboard_msgs/local/lib/python3.10/dist-packages/ur_dashboard_msgs-2.12.0-py3.10.egg-info/SOURCES.txt
[212.859s] -- Installing: /home/libok/um_file/install/ur_dashboard_msgs/local/lib/python3.10/dist-packages/ur_dashboard_msgs
[212.868s] -- Installing: /home/libok/um_file/install/ur_dashboard_msgs/local/lib/python3.10/dist-packages/ur_dashboard_msgs/srv
[212.870s] -- Installing: /home/libok/um_file/install/ur_dashboard_msgs/local/lib/python3.10/dist-packages/ur_dashboard_msgs/srv/_load_s.c
[212.872s] -- Installing: /home/libok/um_file/install/ur_dashboard_msgs/local/lib/python3.10/dist-packages/ur_dashboard_msgs/srv/_is_program_running_s.c
[212.872s] -- Installing: /home/libok/um_file/install/ur_dashboard_msgs/local/lib/python3.10/dist-packages/ur_dashboard_msgs/srv/__init__.py
[212.873s] -- Installing: /home/libok/um_file/install/ur_dashboard_msgs/local/lib/python3.10/dist-packages/ur_dashboard_msgs/srv/_get_safety_mode.py
[212.874s] -- Installing: /home/libok/um_file/install/ur_dashboard_msgs/local/lib/python3.10/dist-packages/ur_dashboard_msgs/srv/_get_program_state.py
[212.875s] -- Installing: /home/libok/um_file/install/ur_dashboard_msgs/local/lib/python3.10/dist-packages/ur_dashboard_msgs/srv/_is_program_saved_s.c
[212.876s] -- Installing: /home/libok/um_file/install/ur_dashboard_msgs/local/lib/python3.10/dist-packages/ur_dashboard_msgs/srv/_raw_request.py
[212.876s] -- Installing: /home/libok/um_file/install/ur_dashboard_msgs/local/lib/python3.10/dist-packages/ur_dashboard_msgs/srv/_get_program_state_s.c
[212.877s] -- Installing: /home/libok/um_file/install/ur_dashboard_msgs/local/lib/python3.10/dist-packages/ur_dashboard_msgs/srv/_is_program_saved.py
[212.877s] -- Installing: /home/libok/um_file/install/ur_dashboard_msgs/local/lib/python3.10/dist-packages/ur_dashboard_msgs/srv/_popup.py
[212.877s] -- Installing: /home/libok/um_file/install/ur_dashboard_msgs/local/lib/python3.10/dist-packages/ur_dashboard_msgs/srv/_add_to_log_s.c
[212.877s] -- Installing: /home/libok/um_file/install/ur_dashboard_msgs/local/lib/python3.10/dist-packages/ur_dashboard_msgs/srv/_get_safety_mode_s.c
[212.877s] -- Installing: /home/libok/um_file/install/ur_dashboard_msgs/local/lib/python3.10/dist-packages/ur_dashboard_msgs/srv/_get_loaded_program_s.c
[212.877s] -- Installing: /home/libok/um_file/install/ur_dashboard_msgs/local/lib/python3.10/dist-packages/ur_dashboard_msgs/srv/_popup_s.c
[212.878s] -- Installing: /home/libok/um_file/install/ur_dashboard_msgs/local/lib/python3.10/dist-packages/ur_dashboard_msgs/srv/_is_in_remote_control.py
[212.878s] -- Installing: /home/libok/um_file/install/ur_dashboard_msgs/local/lib/python3.10/dist-packages/ur_dashboard_msgs/srv/_is_in_remote_control_s.c
[212.878s] -- Installing: /home/libok/um_file/install/ur_dashboard_msgs/local/lib/python3.10/dist-packages/ur_dashboard_msgs/srv/_get_loaded_program.py
[212.881s] -- Installing: /home/libok/um_file/install/ur_dashboard_msgs/local/lib/python3.10/dist-packages/ur_dashboard_msgs/srv/_get_robot_mode_s.c
[212.881s] -- Installing: /home/libok/um_file/install/ur_dashboard_msgs/local/lib/python3.10/dist-packages/ur_dashboard_msgs/srv/_is_program_running.py
[212.884s] -- Installing: /home/libok/um_file/install/ur_dashboard_msgs/local/lib/python3.10/dist-packages/ur_dashboard_msgs/srv/_get_robot_mode.py
[212.884s] -- Installing: /home/libok/um_file/install/ur_dashboard_msgs/local/lib/python3.10/dist-packages/ur_dashboard_msgs/srv/_raw_request_s.c
[212.885s] -- Installing: /home/libok/um_file/install/ur_dashboard_msgs/local/lib/python3.10/dist-packages/ur_dashboard_msgs/srv/_load.py
[212.885s] -- Installing: /home/libok/um_file/install/ur_dashboard_msgs/local/lib/python3.10/dist-packages/ur_dashboard_msgs/srv/_add_to_log.py
[212.888s] -- Installing: /home/libok/um_file/install/ur_dashboard_msgs/local/lib/python3.10/dist-packages/ur_dashboard_msgs/action
[212.889s] -- Installing: /home/libok/um_file/install/ur_dashboard_msgs/local/lib/python3.10/dist-packages/ur_dashboard_msgs/action/__init__.py
[212.891s] -- Installing: /home/libok/um_file/install/ur_dashboard_msgs/local/lib/python3.10/dist-packages/ur_dashboard_msgs/action/_set_mode_s.c
[212.897s] -- Installing: /home/libok/um_file/install/ur_dashboard_msgs/local/lib/python3.10/dist-packages/ur_dashboard_msgs/action/_set_mode.py
[212.897s] -- Installing: /home/libok/um_file/install/ur_dashboard_msgs/local/lib/python3.10/dist-packages/ur_dashboard_msgs/__init__.py
[212.897s] -- Installing: /home/libok/um_file/install/ur_dashboard_msgs/local/lib/python3.10/dist-packages/ur_dashboard_msgs/_ur_dashboard_msgs_s.ep.rosidl_typesupport_introspection_c.c
[212.897s] -- Installing: /home/libok/um_file/install/ur_dashboard_msgs/local/lib/python3.10/dist-packages/ur_dashboard_msgs/msg
[212.898s] -- Installing: /home/libok/um_file/install/ur_dashboard_msgs/local/lib/python3.10/dist-packages/ur_dashboard_msgs/msg/__init__.py
[212.898s] -- Installing: /home/libok/um_file/install/ur_dashboard_msgs/local/lib/python3.10/dist-packages/ur_dashboard_msgs/msg/_robot_mode.py
[212.898s] -- Installing: /home/libok/um_file/install/ur_dashboard_msgs/local/lib/python3.10/dist-packages/ur_dashboard_msgs/msg/_program_state.py
[212.898s] -- Installing: /home/libok/um_file/install/ur_dashboard_msgs/local/lib/python3.10/dist-packages/ur_dashboard_msgs/msg/_robot_mode_s.c
[212.898s] -- Installing: /home/libok/um_file/install/ur_dashboard_msgs/local/lib/python3.10/dist-packages/ur_dashboard_msgs/msg/_safety_mode_s.c
[212.898s] -- Installing: /home/libok/um_file/install/ur_dashboard_msgs/local/lib/python3.10/dist-packages/ur_dashboard_msgs/msg/_safety_mode.py
[212.898s] -- Installing: /home/libok/um_file/install/ur_dashboard_msgs/local/lib/python3.10/dist-packages/ur_dashboard_msgs/msg/_program_state_s.c
[212.899s] -- Installing: /home/libok/um_file/install/ur_dashboard_msgs/local/lib/python3.10/dist-packages/ur_dashboard_msgs/_ur_dashboard_msgs_s.ep.rosidl_typesupport_c.c
[212.899s] -- Installing: /home/libok/um_file/install/ur_dashboard_msgs/local/lib/python3.10/dist-packages/ur_dashboard_msgs/ur_dashboard_msgs_s__rosidl_typesupport_introspection_c.cpython-310-x86_64-linux-gnu.so
[212.899s] -- Installing: /home/libok/um_file/install/ur_dashboard_msgs/local/lib/python3.10/dist-packages/ur_dashboard_msgs/ur_dashboard_msgs_s__rosidl_typesupport_c.cpython-310-x86_64-linux-gnu.so
[212.899s] -- Installing: /home/libok/um_file/install/ur_dashboard_msgs/local/lib/python3.10/dist-packages/ur_dashboard_msgs/libur_dashboard_msgs__rosidl_generator_py.so
[212.899s] -- Installing: /home/libok/um_file/install/ur_dashboard_msgs/local/lib/python3.10/dist-packages/ur_dashboard_msgs/_ur_dashboard_msgs_s.ep.rosidl_typesupport_fastrtps_c.c
[212.899s] -- Installing: /home/libok/um_file/install/ur_dashboard_msgs/local/lib/python3.10/dist-packages/ur_dashboard_msgs/ur_dashboard_msgs_s__rosidl_typesupport_fastrtps_c.cpython-310-x86_64-linux-gnu.so
[212.986s] Listing '/home/libok/um_file/install/ur_dashboard_msgs/local/lib/python3.10/dist-packages/ur_dashboard_msgs'...
[212.986s] Compiling '/home/libok/um_file/install/ur_dashboard_msgs/local/lib/python3.10/dist-packages/ur_dashboard_msgs/__init__.py'...
[212.986s] Listing '/home/libok/um_file/install/ur_dashboard_msgs/local/lib/python3.10/dist-packages/ur_dashboard_msgs/action'...
[212.986s] Compiling '/home/libok/um_file/install/ur_dashboard_msgs/local/lib/python3.10/dist-packages/ur_dashboard_msgs/action/__init__.py'...
[212.987s] Compiling '/home/libok/um_file/install/ur_dashboard_msgs/local/lib/python3.10/dist-packages/ur_dashboard_msgs/action/_set_mode.py'...
[212.987s] Listing '/home/libok/um_file/install/ur_dashboard_msgs/local/lib/python3.10/dist-packages/ur_dashboard_msgs/msg'...
[212.987s] Compiling '/home/libok/um_file/install/ur_dashboard_msgs/local/lib/python3.10/dist-packages/ur_dashboard_msgs/msg/__init__.py'...
[212.987s] Compiling '/home/libok/um_file/install/ur_dashboard_msgs/local/lib/python3.10/dist-packages/ur_dashboard_msgs/msg/_program_state.py'...
[212.987s] Compiling '/home/libok/um_file/install/ur_dashboard_msgs/local/lib/python3.10/dist-packages/ur_dashboard_msgs/msg/_robot_mode.py'...
[212.988s] Compiling '/home/libok/um_file/install/ur_dashboard_msgs/local/lib/python3.10/dist-packages/ur_dashboard_msgs/msg/_safety_mode.py'...
[212.988s] Listing '/home/libok/um_file/install/ur_dashboard_msgs/local/lib/python3.10/dist-packages/ur_dashboard_msgs/srv'...
[212.988s] Compiling '/home/libok/um_file/install/ur_dashboard_msgs/local/lib/python3.10/dist-packages/ur_dashboard_msgs/srv/__init__.py'...
[212.988s] Compiling '/home/libok/um_file/install/ur_dashboard_msgs/local/lib/python3.10/dist-packages/ur_dashboard_msgs/srv/_add_to_log.py'...
[212.988s] Compiling '/home/libok/um_file/install/ur_dashboard_msgs/local/lib/python3.10/dist-packages/ur_dashboard_msgs/srv/_get_loaded_program.py'...
[212.988s] Compiling '/home/libok/um_file/install/ur_dashboard_msgs/local/lib/python3.10/dist-packages/ur_dashboard_msgs/srv/_get_program_state.py'...
[212.988s] Compiling '/home/libok/um_file/install/ur_dashboard_msgs/local/lib/python3.10/dist-packages/ur_dashboard_msgs/srv/_get_robot_mode.py'...
[212.989s] Compiling '/home/libok/um_file/install/ur_dashboard_msgs/local/lib/python3.10/dist-packages/ur_dashboard_msgs/srv/_get_safety_mode.py'...
[212.989s] Compiling '/home/libok/um_file/install/ur_dashboard_msgs/local/lib/python3.10/dist-packages/ur_dashboard_msgs/srv/_is_in_remote_control.py'...
[212.989s] Compiling '/home/libok/um_file/install/ur_dashboard_msgs/local/lib/python3.10/dist-packages/ur_dashboard_msgs/srv/_is_program_running.py'...
[212.989s] Compiling '/home/libok/um_file/install/ur_dashboard_msgs/local/lib/python3.10/dist-packages/ur_dashboard_msgs/srv/_is_program_saved.py'...
[212.989s] Compiling '/home/libok/um_file/install/ur_dashboard_msgs/local/lib/python3.10/dist-packages/ur_dashboard_msgs/srv/_load.py'...
[212.989s] Compiling '/home/libok/um_file/install/ur_dashboard_msgs/local/lib/python3.10/dist-packages/ur_dashboard_msgs/srv/_popup.py'...
[212.990s] Compiling '/home/libok/um_file/install/ur_dashboard_msgs/local/lib/python3.10/dist-packages/ur_dashboard_msgs/srv/_raw_request.py'...
[212.997s] -- Installing: /home/libok/um_file/install/ur_dashboard_msgs/local/lib/python3.10/dist-packages/ur_dashboard_msgs/ur_dashboard_msgs_s__rosidl_typesupport_fastrtps_c.cpython-310-x86_64-linux-gnu.so
[212.999s] -- Set non-toolchain portion of runtime path of "/home/libok/um_file/install/ur_dashboard_msgs/local/lib/python3.10/dist-packages/ur_dashboard_msgs/ur_dashboard_msgs_s__rosidl_typesupport_fastrtps_c.cpython-310-x86_64-linux-gnu.so" to ""
[213.000s] -- Installing: /home/libok/um_file/install/ur_dashboard_msgs/local/lib/python3.10/dist-packages/ur_dashboard_msgs/ur_dashboard_msgs_s__rosidl_typesupport_introspection_c.cpython-310-x86_64-linux-gnu.so
[213.002s] -- Set non-toolchain portion of runtime path of "/home/libok/um_file/install/ur_dashboard_msgs/local/lib/python3.10/dist-packages/ur_dashboard_msgs/ur_dashboard_msgs_s__rosidl_typesupport_introspection_c.cpython-310-x86_64-linux-gnu.so" to ""
[213.002s] -- Installing: /home/libok/um_file/install/ur_dashboard_msgs/local/lib/python3.10/dist-packages/ur_dashboard_msgs/ur_dashboard_msgs_s__rosidl_typesupport_c.cpython-310-x86_64-linux-gnu.so
[213.003s] -- Set non-toolchain portion of runtime path of "/home/libok/um_file/install/ur_dashboard_msgs/local/lib/python3.10/dist-packages/ur_dashboard_msgs/ur_dashboard_msgs_s__rosidl_typesupport_c.cpython-310-x86_64-linux-gnu.so" to ""
[213.004s] -- Installing: /home/libok/um_file/install/ur_dashboard_msgs/lib/libur_dashboard_msgs__rosidl_generator_py.so
[213.007s] -- Set non-toolchain portion of runtime path of "/home/libok/um_file/install/ur_dashboard_msgs/lib/libur_dashboard_msgs__rosidl_generator_py.so" to ""
[213.009s] -- Installing: /home/libok/um_file/install/ur_dashboard_msgs/share/ur_dashboard_msgs/msg/ProgramState.idl
[213.009s] -- Installing: /home/libok/um_file/install/ur_dashboard_msgs/share/ur_dashboard_msgs/msg/RobotMode.idl
[213.010s] -- Installing: /home/libok/um_file/install/ur_dashboard_msgs/share/ur_dashboard_msgs/msg/SafetyMode.idl
[213.010s] -- Installing: /home/libok/um_file/install/ur_dashboard_msgs/share/ur_dashboard_msgs/srv/AddToLog.idl
[213.010s] -- Installing: /home/libok/um_file/install/ur_dashboard_msgs/share/ur_dashboard_msgs/srv/GetLoadedProgram.idl
[213.010s] -- Installing: /home/libok/um_file/install/ur_dashboard_msgs/share/ur_dashboard_msgs/srv/GetProgramState.idl
[213.011s] -- Installing: /home/libok/um_file/install/ur_dashboard_msgs/share/ur_dashboard_msgs/srv/GetRobotMode.idl
[213.011s] -- Installing: /home/libok/um_file/install/ur_dashboard_msgs/share/ur_dashboard_msgs/srv/GetSafetyMode.idl
[213.011s] -- Installing: /home/libok/um_file/install/ur_dashboard_msgs/share/ur_dashboard_msgs/srv/IsProgramRunning.idl
[213.013s] -- Installing: /home/libok/um_file/install/ur_dashboard_msgs/share/ur_dashboard_msgs/srv/IsProgramSaved.idl
[213.014s] -- Installing: /home/libok/um_file/install/ur_dashboard_msgs/share/ur_dashboard_msgs/srv/Load.idl
[213.015s] -- Installing: /home/libok/um_file/install/ur_dashboard_msgs/share/ur_dashboard_msgs/srv/Popup.idl
[213.015s] -- Installing: /home/libok/um_file/install/ur_dashboard_msgs/share/ur_dashboard_msgs/srv/RawRequest.idl
[213.015s] -- Installing: /home/libok/um_file/install/ur_dashboard_msgs/share/ur_dashboard_msgs/srv/IsInRemoteControl.idl
[213.016s] -- Installing: /home/libok/um_file/install/ur_dashboard_msgs/share/ur_dashboard_msgs/action/SetMode.idl
[213.017s] -- Installing: /home/libok/um_file/install/ur_dashboard_msgs/share/ur_dashboard_msgs/msg/ProgramState.msg
[213.017s] -- Installing: /home/libok/um_file/install/ur_dashboard_msgs/share/ur_dashboard_msgs/msg/RobotMode.msg
[213.019s] -- Installing: /home/libok/um_file/install/ur_dashboard_msgs/share/ur_dashboard_msgs/msg/SafetyMode.msg
[213.020s] -- Installing: /home/libok/um_file/install/ur_dashboard_msgs/share/ur_dashboard_msgs/srv/AddToLog.srv
[213.022s] -- Installing: /home/libok/um_file/install/ur_dashboard_msgs/share/ur_dashboard_msgs/srv/AddToLog_Request.msg
[213.022s] -- Installing: /home/libok/um_file/install/ur_dashboard_msgs/share/ur_dashboard_msgs/srv/AddToLog_Response.msg
[213.022s] -- Installing: /home/libok/um_file/install/ur_dashboard_msgs/share/ur_dashboard_msgs/srv/GetLoadedProgram.srv
[213.023s] -- Installing: /home/libok/um_file/install/ur_dashboard_msgs/share/ur_dashboard_msgs/srv/GetLoadedProgram_Request.msg
[213.024s] -- Installing: /home/libok/um_file/install/ur_dashboard_msgs/share/ur_dashboard_msgs/srv/GetLoadedProgram_Response.msg
[213.025s] -- Installing: /home/libok/um_file/install/ur_dashboard_msgs/share/ur_dashboard_msgs/srv/GetProgramState.srv
[213.025s] -- Installing: /home/libok/um_file/install/ur_dashboard_msgs/share/ur_dashboard_msgs/srv/GetProgramState_Request.msg
[213.025s] -- Installing: /home/libok/um_file/install/ur_dashboard_msgs/share/ur_dashboard_msgs/srv/GetProgramState_Response.msg
[213.025s] -- Installing: /home/libok/um_file/install/ur_dashboard_msgs/share/ur_dashboard_msgs/srv/GetRobotMode.srv
[213.025s] -- Installing: /home/libok/um_file/install/ur_dashboard_msgs/share/ur_dashboard_msgs/srv/GetRobotMode_Request.msg
[213.025s] -- Installing: /home/libok/um_file/install/ur_dashboard_msgs/share/ur_dashboard_msgs/srv/GetRobotMode_Response.msg
[213.026s] -- Installing: /home/libok/um_file/install/ur_dashboard_msgs/share/ur_dashboard_msgs/srv/GetSafetyMode.srv
[213.028s] -- Installing: /home/libok/um_file/install/ur_dashboard_msgs/share/ur_dashboard_msgs/srv/GetSafetyMode_Request.msg
[213.028s] -- Installing: /home/libok/um_file/install/ur_dashboard_msgs/share/ur_dashboard_msgs/srv/GetSafetyMode_Response.msg
[213.028s] -- Installing: /home/libok/um_file/install/ur_dashboard_msgs/share/ur_dashboard_msgs/srv/IsProgramRunning.srv
[213.028s] -- Installing: /home/libok/um_file/install/ur_dashboard_msgs/share/ur_dashboard_msgs/srv/IsProgramRunning_Request.msg
[213.028s] -- Installing: /home/libok/um_file/install/ur_dashboard_msgs/share/ur_dashboard_msgs/srv/IsProgramRunning_Response.msg
[213.028s] -- Installing: /home/libok/um_file/install/ur_dashboard_msgs/share/ur_dashboard_msgs/srv/IsProgramSaved.srv
[213.028s] -- Installing: /home/libok/um_file/install/ur_dashboard_msgs/share/ur_dashboard_msgs/srv/IsProgramSaved_Request.msg
[213.029s] -- Installing: /home/libok/um_file/install/ur_dashboard_msgs/share/ur_dashboard_msgs/srv/IsProgramSaved_Response.msg
[213.029s] -- Installing: /home/libok/um_file/install/ur_dashboard_msgs/share/ur_dashboard_msgs/srv/Load.srv
[213.029s] -- Installing: /home/libok/um_file/install/ur_dashboard_msgs/share/ur_dashboard_msgs/srv/Load_Request.msg
[213.029s] -- Installing: /home/libok/um_file/install/ur_dashboard_msgs/share/ur_dashboard_msgs/srv/Load_Response.msg
[213.029s] -- Installing: /home/libok/um_file/install/ur_dashboard_msgs/share/ur_dashboard_msgs/srv/Popup.srv
[213.029s] -- Installing: /home/libok/um_file/install/ur_dashboard_msgs/share/ur_dashboard_msgs/srv/Popup_Request.msg
[213.030s] -- Installing: /home/libok/um_file/install/ur_dashboard_msgs/share/ur_dashboard_msgs/srv/Popup_Response.msg
[213.032s] -- Installing: /home/libok/um_file/install/ur_dashboard_msgs/share/ur_dashboard_msgs/srv/RawRequest.srv
[213.032s] -- Installing: /home/libok/um_file/install/ur_dashboard_msgs/share/ur_dashboard_msgs/srv/RawRequest_Request.msg
[213.032s] -- Installing: /home/libok/um_file/install/ur_dashboard_msgs/share/ur_dashboard_msgs/srv/RawRequest_Response.msg
[213.033s] -- Installing: /home/libok/um_file/install/ur_dashboard_msgs/share/ur_dashboard_msgs/srv/IsInRemoteControl.srv
[213.033s] -- Installing: /home/libok/um_file/install/ur_dashboard_msgs/share/ur_dashboard_msgs/srv/IsInRemoteControl_Request.msg
[213.033s] -- Installing: /home/libok/um_file/install/ur_dashboard_msgs/share/ur_dashboard_msgs/srv/IsInRemoteControl_Response.msg
[213.033s] -- Installing: /home/libok/um_file/install/ur_dashboard_msgs/share/ur_dashboard_msgs/action/SetMode.action
[213.034s] -- Installing: /home/libok/um_file/install/ur_dashboard_msgs/share/ament_index/resource_index/package_run_dependencies/ur_dashboard_msgs
[213.034s] -- Installing: /home/libok/um_file/install/ur_dashboard_msgs/share/ament_index/resource_index/parent_prefix_path/ur_dashboard_msgs
[213.035s] -- Installing: /home/libok/um_file/install/ur_dashboard_msgs/share/ur_dashboard_msgs/environment/ament_prefix_path.sh
[213.036s] -- Installing: /home/libok/um_file/install/ur_dashboard_msgs/share/ur_dashboard_msgs/environment/ament_prefix_path.dsv
[213.040s] -- Installing: /home/libok/um_file/install/ur_dashboard_msgs/share/ur_dashboard_msgs/environment/path.sh
[213.041s] -- Installing: /home/libok/um_file/install/ur_dashboard_msgs/share/ur_dashboard_msgs/environment/path.dsv
[213.041s] -- Installing: /home/libok/um_file/install/ur_dashboard_msgs/share/ur_dashboard_msgs/local_setup.bash
[213.041s] -- Installing: /home/libok/um_file/install/ur_dashboard_msgs/share/ur_dashboard_msgs/local_setup.sh
[213.042s] -- Installing: /home/libok/um_file/install/ur_dashboard_msgs/share/ur_dashboard_msgs/local_setup.zsh
[213.043s] -- Installing: /home/libok/um_file/install/ur_dashboard_msgs/share/ur_dashboard_msgs/local_setup.dsv
[213.043s] -- Installing: /home/libok/um_file/install/ur_dashboard_msgs/share/ur_dashboard_msgs/package.dsv
[213.043s] -- Installing: /home/libok/um_file/install/ur_dashboard_msgs/share/ament_index/resource_index/packages/ur_dashboard_msgs
[213.044s] -- Installing: /home/libok/um_file/install/ur_dashboard_msgs/share/ur_dashboard_msgs/cmake/export_ur_dashboard_msgs__rosidl_generator_cExport.cmake
[213.044s] -- Installing: /home/libok/um_file/install/ur_dashboard_msgs/share/ur_dashboard_msgs/cmake/export_ur_dashboard_msgs__rosidl_generator_cExport-noconfig.cmake
[213.051s] -- Installing: /home/libok/um_file/install/ur_dashboard_msgs/share/ur_dashboard_msgs/cmake/export_ur_dashboard_msgs__rosidl_typesupport_fastrtps_cExport.cmake
[213.052s] -- Installing: /home/libok/um_file/install/ur_dashboard_msgs/share/ur_dashboard_msgs/cmake/export_ur_dashboard_msgs__rosidl_typesupport_fastrtps_cExport-noconfig.cmake
[213.052s] -- Installing: /home/libok/um_file/install/ur_dashboard_msgs/share/ur_dashboard_msgs/cmake/ur_dashboard_msgs__rosidl_typesupport_introspection_cExport.cmake
[213.053s] -- Installing: /home/libok/um_file/install/ur_dashboard_msgs/share/ur_dashboard_msgs/cmake/ur_dashboard_msgs__rosidl_typesupport_introspection_cExport-noconfig.cmake
[213.054s] -- Installing: /home/libok/um_file/install/ur_dashboard_msgs/share/ur_dashboard_msgs/cmake/ur_dashboard_msgs__rosidl_typesupport_cExport.cmake
[213.054s] -- Installing: /home/libok/um_file/install/ur_dashboard_msgs/share/ur_dashboard_msgs/cmake/ur_dashboard_msgs__rosidl_typesupport_cExport-noconfig.cmake
[213.054s] -- Installing: /home/libok/um_file/install/ur_dashboard_msgs/share/ur_dashboard_msgs/cmake/export_ur_dashboard_msgs__rosidl_generator_cppExport.cmake
[213.054s] -- Installing: /home/libok/um_file/install/ur_dashboard_msgs/share/ur_dashboard_msgs/cmake/export_ur_dashboard_msgs__rosidl_typesupport_fastrtps_cppExport.cmake
[213.054s] -- Installing: /home/libok/um_file/install/ur_dashboard_msgs/share/ur_dashboard_msgs/cmake/export_ur_dashboard_msgs__rosidl_typesupport_fastrtps_cppExport-noconfig.cmake
[213.058s] -- Installing: /home/libok/um_file/install/ur_dashboard_msgs/share/ur_dashboard_msgs/cmake/ur_dashboard_msgs__rosidl_typesupport_introspection_cppExport.cmake
[213.060s] -- Installing: /home/libok/um_file/install/ur_dashboard_msgs/share/ur_dashboard_msgs/cmake/ur_dashboard_msgs__rosidl_typesupport_introspection_cppExport-noconfig.cmake
[213.061s] -- Installing: /home/libok/um_file/install/ur_dashboard_msgs/share/ur_dashboard_msgs/cmake/ur_dashboard_msgs__rosidl_typesupport_cppExport.cmake
[213.062s] -- Installing: /home/libok/um_file/install/ur_dashboard_msgs/share/ur_dashboard_msgs/cmake/ur_dashboard_msgs__rosidl_typesupport_cppExport-noconfig.cmake
[213.063s] -- Installing: /home/libok/um_file/install/ur_dashboard_msgs/share/ur_dashboard_msgs/cmake/export_ur_dashboard_msgs__rosidl_generator_pyExport.cmake
[213.064s] -- Installing: /home/libok/um_file/install/ur_dashboard_msgs/share/ur_dashboard_msgs/cmake/export_ur_dashboard_msgs__rosidl_generator_pyExport-noconfig.cmake
[213.064s] -- Installing: /home/libok/um_file/install/ur_dashboard_msgs/share/ur_dashboard_msgs/cmake/rosidl_cmake-extras.cmake
[213.064s] -- Installing: /home/libok/um_file/install/ur_dashboard_msgs/share/ur_dashboard_msgs/cmake/ament_cmake_export_dependencies-extras.cmake
[213.064s] -- Installing: /home/libok/um_file/install/ur_dashboard_msgs/share/ur_dashboard_msgs/cmake/ament_cmake_export_include_directories-extras.cmake
[213.064s] -- Installing: /home/libok/um_file/install/ur_dashboard_msgs/share/ur_dashboard_msgs/cmake/ament_cmake_export_libraries-extras.cmake
[213.065s] -- Installing: /home/libok/um_file/install/ur_dashboard_msgs/share/ur_dashboard_msgs/cmake/ament_cmake_export_targets-extras.cmake
[213.067s] -- Installing: /home/libok/um_file/install/ur_dashboard_msgs/share/ur_dashboard_msgs/cmake/rosidl_cmake_export_typesupport_targets-extras.cmake
[213.068s] -- Installing: /home/libok/um_file/install/ur_dashboard_msgs/share/ur_dashboard_msgs/cmake/rosidl_cmake_export_typesupport_libraries-extras.cmake
[213.069s] -- Installing: /home/libok/um_file/install/ur_dashboard_msgs/share/ur_dashboard_msgs/cmake/ur_dashboard_msgsConfig.cmake
[213.069s] -- Installing: /home/libok/um_file/install/ur_dashboard_msgs/share/ur_dashboard_msgs/cmake/ur_dashboard_msgsConfig-version.cmake
[213.070s] -- Installing: /home/libok/um_file/install/ur_dashboard_msgs/share/ur_dashboard_msgs/package.xml
[213.244s] Invoked command in '/home/libok/um_file/build/ur_dashboard_msgs' returned '0': CMAKE_PREFIX_PATH=${CMAKE_PREFIX_PATH}:/opt/ros/humble /usr/local/bin/cmake --install /home/libok/um_file/build/ur_dashboard_msgs
