[0.099s] [34mcolcon[0m [1;30mDEBUG[0m [32mCommand line arguments: ['/usr/bin/colcon', 'build'][0m
[0.099s] [34mcolcon[0m [1;30mDEBUG[0m [32mParsed command line arguments: Namespace(log_base=None, log_level=None, verb_name='build', build_base='build', install_base='install', merge_install=False, symlink_install=False, test_result_base=None, continue_on_error=False, executor='parallel', parallel_workers=18, event_handlers=None, ignore_user_meta=False, metas=['./colcon.meta'], base_paths=['.'], packages_ignore=None, packages_ignore_regex=None, paths=None, packages_up_to=None, packages_up_to_regex=None, packages_above=None, packages_above_and_dependencies=None, packages_above_depth=None, packages_select_by_dep=None, packages_skip_by_dep=None, packages_skip_up_to=None, packages_select_build_failed=False, packages_skip_build_finished=False, packages_select_test_failures=False, packages_skip_test_passed=False, packages_select=None, packages_skip=None, packages_select_regex=None, packages_skip_regex=None, packages_start=None, packages_end=None, allow_overriding=[], cmake_args=None, cmake_target=None, cmake_target_skip_unavailable=False, cmake_clean_cache=False, cmake_clean_first=False, cmake_force_configure=False, ament_cmake_args=None, catkin_cmake_args=None, catkin_skip_building_tests=False, mixin_files=None, mixin=None, verb_parser=<colcon_mixin.mixin.mixin_argument.MixinArgumentDecorator object at 0x71b28ae9e9e0>, verb_extension=<colcon_core.verb.build.BuildVerb object at 0x71b28afe00a0>, main=<bound method BuildVerb.main of <colcon_core.verb.build.BuildVerb object at 0x71b28afe00a0>>, mixin_verb=('build',))[0m
[0.129s] [34mcolcon.colcon_core.package_discovery[0m [1;30mLevel 1[0m discover_packages(colcon_meta) check parameters
[0.130s] [34mcolcon.colcon_core.package_discovery[0m [1;30mLevel 1[0m discover_packages(recursive) check parameters
[0.130s] [34mcolcon.colcon_core.package_discovery[0m [1;30mLevel 1[0m discover_packages(ignore) check parameters
[0.130s] [34mcolcon.colcon_core.package_discovery[0m [1;30mLevel 1[0m discover_packages(path) check parameters
[0.130s] [34mcolcon.colcon_core.package_discovery[0m [1;30mLevel 1[0m discover_packages(colcon_meta) discover
[0.130s] [34mcolcon.colcon_core.package_discovery[0m [1;30mLevel 1[0m discover_packages(recursive) discover
[0.130s] [34mcolcon.colcon_core.package_discovery[0m [1;30mINFO[0m Crawling recursively for packages in '/home/libok/um_file'
[0.130s] [34mcolcon.colcon_core.package_identification[0m [1;30mLevel 1[0m _identify(.) by extensions ['ignore', 'ignore_ament_install']
[0.130s] [34mcolcon.colcon_core.package_identification[0m [1;30mLevel 1[0m _identify(.) by extension 'ignore'
[0.130s] [34mcolcon.colcon_core.package_identification[0m [1;30mLevel 1[0m _identify(.) by extension 'ignore_ament_install'
[0.130s] [34mcolcon.colcon_core.package_identification[0m [1;30mLevel 1[0m _identify(.) by extensions ['colcon_pkg']
[0.130s] [34mcolcon.colcon_core.package_identification[0m [1;30mLevel 1[0m _identify(.) by extension 'colcon_pkg'
[0.130s] [34mcolcon.colcon_core.package_identification[0m [1;30mLevel 1[0m _identify(.) by extensions ['colcon_meta']
[0.130s] [34mcolcon.colcon_core.package_identification[0m [1;30mLevel 1[0m _identify(.) by extension 'colcon_meta'
[0.130s] [34mcolcon.colcon_core.package_identification[0m [1;30mLevel 1[0m _identify(.) by extensions ['ros']
[0.130s] [34mcolcon.colcon_core.package_identification[0m [1;30mLevel 1[0m _identify(.) by extension 'ros'
[0.150s] [34mcolcon.colcon_core.package_identification[0m [1;30mLevel 1[0m _identify(.) by extensions ['cmake', 'python']
[0.150s] [34mcolcon.colcon_core.package_identification[0m [1;30mLevel 1[0m _identify(.) by extension 'cmake'
[0.150s] [34mcolcon.colcon_core.package_identification[0m [1;30mLevel 1[0m _identify(.) by extension 'python'
[0.150s] [34mcolcon.colcon_core.package_identification[0m [1;30mLevel 1[0m _identify(.) by extensions ['python_setup_py']
[0.150s] [34mcolcon.colcon_core.package_identification[0m [1;30mLevel 1[0m _identify(.) by extension 'python_setup_py'
[0.151s] [34mcolcon.colcon_core.package_identification[0m [1;30mLevel 1[0m _identify(Universal_Robots_ROS2_Driver) by extensions ['ignore', 'ignore_ament_install']
[0.151s] [34mcolcon.colcon_core.package_identification[0m [1;30mLevel 1[0m _identify(Universal_Robots_ROS2_Driver) by extension 'ignore'
[0.151s] [34mcolcon.colcon_core.package_identification[0m [1;30mLevel 1[0m _identify(Universal_Robots_ROS2_Driver) by extension 'ignore_ament_install'
[0.151s] [34mcolcon.colcon_core.package_identification[0m [1;30mLevel 1[0m _identify(Universal_Robots_ROS2_Driver) by extensions ['colcon_pkg']
[0.151s] [34mcolcon.colcon_core.package_identification[0m [1;30mLevel 1[0m _identify(Universal_Robots_ROS2_Driver) by extension 'colcon_pkg'
[0.151s] [34mcolcon.colcon_core.package_identification[0m [1;30mLevel 1[0m _identify(Universal_Robots_ROS2_Driver) by extensions ['colcon_meta']
[0.151s] [34mcolcon.colcon_core.package_identification[0m [1;30mLevel 1[0m _identify(Universal_Robots_ROS2_Driver) by extension 'colcon_meta'
[0.151s] [34mcolcon.colcon_core.package_identification[0m [1;30mLevel 1[0m _identify(Universal_Robots_ROS2_Driver) by extensions ['ros']
[0.151s] [34mcolcon.colcon_core.package_identification[0m [1;30mLevel 1[0m _identify(Universal_Robots_ROS2_Driver) by extension 'ros'
[0.151s] [34mcolcon.colcon_core.package_identification[0m [1;30mLevel 1[0m _identify(Universal_Robots_ROS2_Driver) by extensions ['cmake', 'python']
[0.151s] [34mcolcon.colcon_core.package_identification[0m [1;30mLevel 1[0m _identify(Universal_Robots_ROS2_Driver) by extension 'cmake'
[0.151s] [34mcolcon.colcon_core.package_identification[0m [1;30mLevel 1[0m _identify(Universal_Robots_ROS2_Driver) by extension 'python'
[0.151s] [34mcolcon.colcon_core.package_identification[0m [1;30mLevel 1[0m _identify(Universal_Robots_ROS2_Driver) by extensions ['python_setup_py']
[0.151s] [34mcolcon.colcon_core.package_identification[0m [1;30mLevel 1[0m _identify(Universal_Robots_ROS2_Driver) by extension 'python_setup_py'
[0.151s] [34mcolcon.colcon_core.package_identification[0m [1;30mLevel 1[0m _identify(Universal_Robots_ROS2_Driver/ur) by extensions ['ignore', 'ignore_ament_install']
[0.151s] [34mcolcon.colcon_core.package_identification[0m [1;30mLevel 1[0m _identify(Universal_Robots_ROS2_Driver/ur) by extension 'ignore'
[0.151s] [34mcolcon.colcon_core.package_identification[0m [1;30mLevel 1[0m _identify(Universal_Robots_ROS2_Driver/ur) by extension 'ignore_ament_install'
[0.151s] [34mcolcon.colcon_core.package_identification[0m [1;30mLevel 1[0m _identify(Universal_Robots_ROS2_Driver/ur) by extensions ['colcon_pkg']
[0.151s] [34mcolcon.colcon_core.package_identification[0m [1;30mLevel 1[0m _identify(Universal_Robots_ROS2_Driver/ur) by extension 'colcon_pkg'
[0.151s] [34mcolcon.colcon_core.package_identification[0m [1;30mLevel 1[0m _identify(Universal_Robots_ROS2_Driver/ur) by extensions ['colcon_meta']
[0.151s] [34mcolcon.colcon_core.package_identification[0m [1;30mLevel 1[0m _identify(Universal_Robots_ROS2_Driver/ur) by extension 'colcon_meta'
[0.151s] [34mcolcon.colcon_core.package_identification[0m [1;30mLevel 1[0m _identify(Universal_Robots_ROS2_Driver/ur) by extensions ['ros']
[0.151s] [34mcolcon.colcon_core.package_identification[0m [1;30mLevel 1[0m _identify(Universal_Robots_ROS2_Driver/ur) by extension 'ros'
[0.153s] [34mcolcon.colcon_core.package_identification[0m [1;30mDEBUG[0m [32mPackage 'Universal_Robots_ROS2_Driver/ur' with type 'ros.ament_cmake' and name 'ur'[0m
[0.153s] [34mcolcon.colcon_core.package_identification[0m [1;30mLevel 1[0m _identify(Universal_Robots_ROS2_Driver/ur_bringup) by extensions ['ignore', 'ignore_ament_install']
[0.153s] [34mcolcon.colcon_core.package_identification[0m [1;30mLevel 1[0m _identify(Universal_Robots_ROS2_Driver/ur_bringup) by extension 'ignore'
[0.153s] [34mcolcon.colcon_core.package_identification[0m [1;30mLevel 1[0m _identify(Universal_Robots_ROS2_Driver/ur_bringup) by extension 'ignore_ament_install'
[0.153s] [34mcolcon.colcon_core.package_identification[0m [1;30mLevel 1[0m _identify(Universal_Robots_ROS2_Driver/ur_bringup) by extensions ['colcon_pkg']
[0.153s] [34mcolcon.colcon_core.package_identification[0m [1;30mLevel 1[0m _identify(Universal_Robots_ROS2_Driver/ur_bringup) by extension 'colcon_pkg'
[0.153s] [34mcolcon.colcon_core.package_identification[0m [1;30mLevel 1[0m _identify(Universal_Robots_ROS2_Driver/ur_bringup) by extensions ['colcon_meta']
[0.153s] [34mcolcon.colcon_core.package_identification[0m [1;30mLevel 1[0m _identify(Universal_Robots_ROS2_Driver/ur_bringup) by extension 'colcon_meta'
[0.153s] [34mcolcon.colcon_core.package_identification[0m [1;30mLevel 1[0m _identify(Universal_Robots_ROS2_Driver/ur_bringup) by extensions ['ros']
[0.153s] [34mcolcon.colcon_core.package_identification[0m [1;30mLevel 1[0m _identify(Universal_Robots_ROS2_Driver/ur_bringup) by extension 'ros'
[0.154s] [34mcolcon.colcon_core.package_identification[0m [1;30mDEBUG[0m [32mPackage 'Universal_Robots_ROS2_Driver/ur_bringup' with type 'ros.ament_cmake' and name 'ur_bringup'[0m
[0.154s] [34mcolcon.colcon_core.package_identification[0m [1;30mLevel 1[0m _identify(Universal_Robots_ROS2_Driver/ur_calibration) by extensions ['ignore', 'ignore_ament_install']
[0.154s] [34mcolcon.colcon_core.package_identification[0m [1;30mLevel 1[0m _identify(Universal_Robots_ROS2_Driver/ur_calibration) by extension 'ignore'
[0.154s] [34mcolcon.colcon_core.package_identification[0m [1;30mLevel 1[0m _identify(Universal_Robots_ROS2_Driver/ur_calibration) by extension 'ignore_ament_install'
[0.154s] [34mcolcon.colcon_core.package_identification[0m [1;30mLevel 1[0m _identify(Universal_Robots_ROS2_Driver/ur_calibration) by extensions ['colcon_pkg']
[0.154s] [34mcolcon.colcon_core.package_identification[0m [1;30mLevel 1[0m _identify(Universal_Robots_ROS2_Driver/ur_calibration) by extension 'colcon_pkg'
[0.154s] [34mcolcon.colcon_core.package_identification[0m [1;30mLevel 1[0m _identify(Universal_Robots_ROS2_Driver/ur_calibration) by extensions ['colcon_meta']
[0.154s] [34mcolcon.colcon_core.package_identification[0m [1;30mLevel 1[0m _identify(Universal_Robots_ROS2_Driver/ur_calibration) by extension 'colcon_meta'
[0.154s] [34mcolcon.colcon_core.package_identification[0m [1;30mLevel 1[0m _identify(Universal_Robots_ROS2_Driver/ur_calibration) by extensions ['ros']
[0.154s] [34mcolcon.colcon_core.package_identification[0m [1;30mLevel 1[0m _identify(Universal_Robots_ROS2_Driver/ur_calibration) by extension 'ros'
[0.155s] [34mcolcon.colcon_core.package_identification[0m [1;30mDEBUG[0m [32mPackage 'Universal_Robots_ROS2_Driver/ur_calibration' with type 'ros.ament_cmake' and name 'ur_calibration'[0m
[0.155s] [34mcolcon.colcon_core.package_identification[0m [1;30mLevel 1[0m _identify(Universal_Robots_ROS2_Driver/ur_controllers) by extensions ['ignore', 'ignore_ament_install']
[0.155s] [34mcolcon.colcon_core.package_identification[0m [1;30mLevel 1[0m _identify(Universal_Robots_ROS2_Driver/ur_controllers) by extension 'ignore'
[0.155s] [34mcolcon.colcon_core.package_identification[0m [1;30mLevel 1[0m _identify(Universal_Robots_ROS2_Driver/ur_controllers) by extension 'ignore_ament_install'
[0.155s] [34mcolcon.colcon_core.package_identification[0m [1;30mLevel 1[0m _identify(Universal_Robots_ROS2_Driver/ur_controllers) by extensions ['colcon_pkg']
[0.155s] [34mcolcon.colcon_core.package_identification[0m [1;30mLevel 1[0m _identify(Universal_Robots_ROS2_Driver/ur_controllers) by extension 'colcon_pkg'
[0.155s] [34mcolcon.colcon_core.package_identification[0m [1;30mLevel 1[0m _identify(Universal_Robots_ROS2_Driver/ur_controllers) by extensions ['colcon_meta']
[0.155s] [34mcolcon.colcon_core.package_identification[0m [1;30mLevel 1[0m _identify(Universal_Robots_ROS2_Driver/ur_controllers) by extension 'colcon_meta'
[0.155s] [34mcolcon.colcon_core.package_identification[0m [1;30mLevel 1[0m _identify(Universal_Robots_ROS2_Driver/ur_controllers) by extensions ['ros']
[0.155s] [34mcolcon.colcon_core.package_identification[0m [1;30mLevel 1[0m _identify(Universal_Robots_ROS2_Driver/ur_controllers) by extension 'ros'
[0.157s] [34mcolcon.colcon_core.package_identification[0m [1;30mDEBUG[0m [32mPackage 'Universal_Robots_ROS2_Driver/ur_controllers' with type 'ros.ament_cmake' and name 'ur_controllers'[0m
[0.157s] [34mcolcon.colcon_core.package_identification[0m [1;30mLevel 1[0m _identify(Universal_Robots_ROS2_Driver/ur_dashboard_msgs) by extensions ['ignore', 'ignore_ament_install']
[0.157s] [34mcolcon.colcon_core.package_identification[0m [1;30mLevel 1[0m _identify(Universal_Robots_ROS2_Driver/ur_dashboard_msgs) by extension 'ignore'
[0.157s] [34mcolcon.colcon_core.package_identification[0m [1;30mLevel 1[0m _identify(Universal_Robots_ROS2_Driver/ur_dashboard_msgs) by extension 'ignore_ament_install'
[0.157s] [34mcolcon.colcon_core.package_identification[0m [1;30mLevel 1[0m _identify(Universal_Robots_ROS2_Driver/ur_dashboard_msgs) by extensions ['colcon_pkg']
[0.157s] [34mcolcon.colcon_core.package_identification[0m [1;30mLevel 1[0m _identify(Universal_Robots_ROS2_Driver/ur_dashboard_msgs) by extension 'colcon_pkg'
[0.157s] [34mcolcon.colcon_core.package_identification[0m [1;30mLevel 1[0m _identify(Universal_Robots_ROS2_Driver/ur_dashboard_msgs) by extensions ['colcon_meta']
[0.157s] [34mcolcon.colcon_core.package_identification[0m [1;30mLevel 1[0m _identify(Universal_Robots_ROS2_Driver/ur_dashboard_msgs) by extension 'colcon_meta'
[0.157s] [34mcolcon.colcon_core.package_identification[0m [1;30mLevel 1[0m _identify(Universal_Robots_ROS2_Driver/ur_dashboard_msgs) by extensions ['ros']
[0.157s] [34mcolcon.colcon_core.package_identification[0m [1;30mLevel 1[0m _identify(Universal_Robots_ROS2_Driver/ur_dashboard_msgs) by extension 'ros'
[0.157s] [34mcolcon.colcon_core.package_identification[0m [1;30mDEBUG[0m [32mPackage 'Universal_Robots_ROS2_Driver/ur_dashboard_msgs' with type 'ros.ament_cmake' and name 'ur_dashboard_msgs'[0m
[0.157s] [34mcolcon.colcon_core.package_identification[0m [1;30mLevel 1[0m _identify(Universal_Robots_ROS2_Driver/ur_moveit_config) by extensions ['ignore', 'ignore_ament_install']
[0.158s] [34mcolcon.colcon_core.package_identification[0m [1;30mLevel 1[0m _identify(Universal_Robots_ROS2_Driver/ur_moveit_config) by extension 'ignore'
[0.158s] [34mcolcon.colcon_core.package_identification[0m [1;30mLevel 1[0m _identify(Universal_Robots_ROS2_Driver/ur_moveit_config) by extension 'ignore_ament_install'
[0.158s] [34mcolcon.colcon_core.package_identification[0m [1;30mLevel 1[0m _identify(Universal_Robots_ROS2_Driver/ur_moveit_config) by extensions ['colcon_pkg']
[0.158s] [34mcolcon.colcon_core.package_identification[0m [1;30mLevel 1[0m _identify(Universal_Robots_ROS2_Driver/ur_moveit_config) by extension 'colcon_pkg'
[0.158s] [34mcolcon.colcon_core.package_identification[0m [1;30mLevel 1[0m _identify(Universal_Robots_ROS2_Driver/ur_moveit_config) by extensions ['colcon_meta']
[0.158s] [34mcolcon.colcon_core.package_identification[0m [1;30mLevel 1[0m _identify(Universal_Robots_ROS2_Driver/ur_moveit_config) by extension 'colcon_meta'
[0.158s] [34mcolcon.colcon_core.package_identification[0m [1;30mLevel 1[0m _identify(Universal_Robots_ROS2_Driver/ur_moveit_config) by extensions ['ros']
[0.158s] [34mcolcon.colcon_core.package_identification[0m [1;30mLevel 1[0m _identify(Universal_Robots_ROS2_Driver/ur_moveit_config) by extension 'ros'
[0.158s] [34mcolcon.colcon_core.package_identification[0m [1;30mDEBUG[0m [32mPackage 'Universal_Robots_ROS2_Driver/ur_moveit_config' with type 'ros.ament_cmake' and name 'ur_moveit_config'[0m
[0.158s] [34mcolcon.colcon_core.package_identification[0m [1;30mLevel 1[0m _identify(Universal_Robots_ROS2_Driver/ur_robot_driver) by extensions ['ignore', 'ignore_ament_install']
[0.158s] [34mcolcon.colcon_core.package_identification[0m [1;30mLevel 1[0m _identify(Universal_Robots_ROS2_Driver/ur_robot_driver) by extension 'ignore'
[0.158s] [34mcolcon.colcon_core.package_identification[0m [1;30mLevel 1[0m _identify(Universal_Robots_ROS2_Driver/ur_robot_driver) by extension 'ignore_ament_install'
[0.158s] [34mcolcon.colcon_core.package_identification[0m [1;30mLevel 1[0m _identify(Universal_Robots_ROS2_Driver/ur_robot_driver) by extensions ['colcon_pkg']
[0.159s] [34mcolcon.colcon_core.package_identification[0m [1;30mLevel 1[0m _identify(Universal_Robots_ROS2_Driver/ur_robot_driver) by extension 'colcon_pkg'
[0.159s] [34mcolcon.colcon_core.package_identification[0m [1;30mLevel 1[0m _identify(Universal_Robots_ROS2_Driver/ur_robot_driver) by extensions ['colcon_meta']
[0.159s] [34mcolcon.colcon_core.package_identification[0m [1;30mLevel 1[0m _identify(Universal_Robots_ROS2_Driver/ur_robot_driver) by extension 'colcon_meta'
[0.159s] [34mcolcon.colcon_core.package_identification[0m [1;30mLevel 1[0m _identify(Universal_Robots_ROS2_Driver/ur_robot_driver) by extensions ['ros']
[0.159s] [34mcolcon.colcon_core.package_identification[0m [1;30mLevel 1[0m _identify(Universal_Robots_ROS2_Driver/ur_robot_driver) by extension 'ros'
[0.160s] [34mcolcon.colcon_core.package_identification[0m [1;30mDEBUG[0m [32mPackage 'Universal_Robots_ROS2_Driver/ur_robot_driver' with type 'ros.ament_cmake' and name 'ur_robot_driver'[0m
[0.160s] [34mcolcon.colcon_core.package_identification[0m [1;30mLevel 1[0m _identify(build) by extensions ['ignore', 'ignore_ament_install']
[0.160s] [34mcolcon.colcon_core.package_identification[0m [1;30mLevel 1[0m _identify(build) by extension 'ignore'
[0.160s] [34mcolcon.colcon_core.package_identification[0m [1;30mLevel 1[0m _identify(build) ignored
[0.160s] [34mcolcon.colcon_core.package_identification[0m [1;30mLevel 1[0m _identify(include) by extensions ['ignore', 'ignore_ament_install']
[0.160s] [34mcolcon.colcon_core.package_identification[0m [1;30mLevel 1[0m _identify(include) by extension 'ignore'
[0.160s] [34mcolcon.colcon_core.package_identification[0m [1;30mLevel 1[0m _identify(include) by extension 'ignore_ament_install'
[0.161s] [34mcolcon.colcon_core.package_identification[0m [1;30mLevel 1[0m _identify(include) by extensions ['colcon_pkg']
[0.161s] [34mcolcon.colcon_core.package_identification[0m [1;30mLevel 1[0m _identify(include) by extension 'colcon_pkg'
[0.161s] [34mcolcon.colcon_core.package_identification[0m [1;30mLevel 1[0m _identify(include) by extensions ['colcon_meta']
[0.161s] [34mcolcon.colcon_core.package_identification[0m [1;30mLevel 1[0m _identify(include) by extension 'colcon_meta'
[0.161s] [34mcolcon.colcon_core.package_identification[0m [1;30mLevel 1[0m _identify(include) by extensions ['ros']
[0.161s] [34mcolcon.colcon_core.package_identification[0m [1;30mLevel 1[0m _identify(include) by extension 'ros'
[0.161s] [34mcolcon.colcon_core.package_identification[0m [1;30mLevel 1[0m _identify(include) by extensions ['cmake', 'python']
[0.161s] [34mcolcon.colcon_core.package_identification[0m [1;30mLevel 1[0m _identify(include) by extension 'cmake'
[0.161s] [34mcolcon.colcon_core.package_identification[0m [1;30mLevel 1[0m _identify(include) by extension 'python'
[0.161s] [34mcolcon.colcon_core.package_identification[0m [1;30mLevel 1[0m _identify(include) by extensions ['python_setup_py']
[0.161s] [34mcolcon.colcon_core.package_identification[0m [1;30mLevel 1[0m _identify(include) by extension 'python_setup_py'
[0.161s] [34mcolcon.colcon_core.package_identification[0m [1;30mLevel 1[0m _identify(install) by extensions ['ignore', 'ignore_ament_install']
[0.161s] [34mcolcon.colcon_core.package_identification[0m [1;30mLevel 1[0m _identify(install) by extension 'ignore'
[0.161s] [34mcolcon.colcon_core.package_identification[0m [1;30mLevel 1[0m _identify(install) ignored
[0.161s] [34mcolcon.colcon_core.package_identification[0m [1;30mLevel 1[0m _identify(instructions) by extensions ['ignore', 'ignore_ament_install']
[0.161s] [34mcolcon.colcon_core.package_identification[0m [1;30mLevel 1[0m _identify(instructions) by extension 'ignore'
[0.161s] [34mcolcon.colcon_core.package_identification[0m [1;30mLevel 1[0m _identify(instructions) by extension 'ignore_ament_install'
[0.161s] [34mcolcon.colcon_core.package_identification[0m [1;30mLevel 1[0m _identify(instructions) by extensions ['colcon_pkg']
[0.161s] [34mcolcon.colcon_core.package_identification[0m [1;30mLevel 1[0m _identify(instructions) by extension 'colcon_pkg'
[0.161s] [34mcolcon.colcon_core.package_identification[0m [1;30mLevel 1[0m _identify(instructions) by extensions ['colcon_meta']
[0.161s] [34mcolcon.colcon_core.package_identification[0m [1;30mLevel 1[0m _identify(instructions) by extension 'colcon_meta'
[0.161s] [34mcolcon.colcon_core.package_identification[0m [1;30mLevel 1[0m _identify(instructions) by extensions ['ros']
[0.161s] [34mcolcon.colcon_core.package_identification[0m [1;30mLevel 1[0m _identify(instructions) by extension 'ros'
[0.161s] [34mcolcon.colcon_core.package_identification[0m [1;30mLevel 1[0m _identify(instructions) by extensions ['cmake', 'python']
[0.161s] [34mcolcon.colcon_core.package_identification[0m [1;30mLevel 1[0m _identify(instructions) by extension 'cmake'
[0.161s] [34mcolcon.colcon_core.package_identification[0m [1;30mLevel 1[0m _identify(instructions) by extension 'python'
[0.161s] [34mcolcon.colcon_core.package_identification[0m [1;30mLevel 1[0m _identify(instructions) by extensions ['python_setup_py']
[0.161s] [34mcolcon.colcon_core.package_identification[0m [1;30mLevel 1[0m _identify(instructions) by extension 'python_setup_py'
[0.161s] [34mcolcon.colcon_core.package_identification[0m [1;30mLevel 1[0m _identify(log) by extensions ['ignore', 'ignore_ament_install']
[0.161s] [34mcolcon.colcon_core.package_identification[0m [1;30mLevel 1[0m _identify(log) by extension 'ignore'
[0.161s] [34mcolcon.colcon_core.package_identification[0m [1;30mLevel 1[0m _identify(log) ignored
[0.161s] [34mcolcon.colcon_core.package_identification[0m [1;30mLevel 1[0m _identify(media) by extensions ['ignore', 'ignore_ament_install']
[0.162s] [34mcolcon.colcon_core.package_identification[0m [1;30mLevel 1[0m _identify(media) by extension 'ignore'
[0.162s] [34mcolcon.colcon_core.package_identification[0m [1;30mLevel 1[0m _identify(media) by extension 'ignore_ament_install'
[0.162s] [34mcolcon.colcon_core.package_identification[0m [1;30mLevel 1[0m _identify(media) by extensions ['colcon_pkg']
[0.162s] [34mcolcon.colcon_core.package_identification[0m [1;30mLevel 1[0m _identify(media) by extension 'colcon_pkg'
[0.162s] [34mcolcon.colcon_core.package_identification[0m [1;30mLevel 1[0m _identify(media) by extensions ['colcon_meta']
[0.162s] [34mcolcon.colcon_core.package_identification[0m [1;30mLevel 1[0m _identify(media) by extension 'colcon_meta'
[0.162s] [34mcolcon.colcon_core.package_identification[0m [1;30mLevel 1[0m _identify(media) by extensions ['ros']
[0.162s] [34mcolcon.colcon_core.package_identification[0m [1;30mLevel 1[0m _identify(media) by extension 'ros'
[0.162s] [34mcolcon.colcon_core.package_identification[0m [1;30mLevel 1[0m _identify(media) by extensions ['cmake', 'python']
[0.162s] [34mcolcon.colcon_core.package_identification[0m [1;30mLevel 1[0m _identify(media) by extension 'cmake'
[0.162s] [34mcolcon.colcon_core.package_identification[0m [1;30mLevel 1[0m _identify(media) by extension 'python'
[0.162s] [34mcolcon.colcon_core.package_identification[0m [1;30mLevel 1[0m _identify(media) by extensions ['python_setup_py']
[0.162s] [34mcolcon.colcon_core.package_identification[0m [1;30mLevel 1[0m _identify(media) by extension 'python_setup_py'
[0.162s] [34mcolcon.colcon_core.package_identification[0m [1;30mLevel 1[0m _identify(packages) by extensions ['ignore', 'ignore_ament_install']
[0.162s] [34mcolcon.colcon_core.package_identification[0m [1;30mLevel 1[0m _identify(packages) by extension 'ignore'
[0.162s] [34mcolcon.colcon_core.package_identification[0m [1;30mLevel 1[0m _identify(packages) by extension 'ignore_ament_install'
[0.162s] [34mcolcon.colcon_core.package_identification[0m [1;30mLevel 1[0m _identify(packages) by extensions ['colcon_pkg']
[0.162s] [34mcolcon.colcon_core.package_identification[0m [1;30mLevel 1[0m _identify(packages) by extension 'colcon_pkg'
[0.162s] [34mcolcon.colcon_core.package_identification[0m [1;30mLevel 1[0m _identify(packages) by extensions ['colcon_meta']
[0.162s] [34mcolcon.colcon_core.package_identification[0m [1;30mLevel 1[0m _identify(packages) by extension 'colcon_meta'
[0.162s] [34mcolcon.colcon_core.package_identification[0m [1;30mLevel 1[0m _identify(packages) by extensions ['ros']
[0.162s] [34mcolcon.colcon_core.package_identification[0m [1;30mLevel 1[0m _identify(packages) by extension 'ros'
[0.162s] [34mcolcon.colcon_core.package_identification[0m [1;30mLevel 1[0m _identify(packages) by extensions ['cmake', 'python']
[0.162s] [34mcolcon.colcon_core.package_identification[0m [1;30mLevel 1[0m _identify(packages) by extension 'cmake'
[0.162s] [34mcolcon.colcon_core.package_identification[0m [1;30mLevel 1[0m _identify(packages) by extension 'python'
[0.162s] [34mcolcon.colcon_core.package_identification[0m [1;30mLevel 1[0m _identify(packages) by extensions ['python_setup_py']
[0.162s] [34mcolcon.colcon_core.package_identification[0m [1;30mLevel 1[0m _identify(packages) by extension 'python_setup_py'
[0.162s] [34mcolcon.colcon_core.package_identification[0m [1;30mLevel 1[0m _identify(packages/ros2srrc_ar4) by extensions ['ignore', 'ignore_ament_install']
[0.162s] [34mcolcon.colcon_core.package_identification[0m [1;30mLevel 1[0m _identify(packages/ros2srrc_ar4) by extension 'ignore'
[0.162s] [34mcolcon.colcon_core.package_identification[0m [1;30mLevel 1[0m _identify(packages/ros2srrc_ar4) by extension 'ignore_ament_install'
[0.162s] [34mcolcon.colcon_core.package_identification[0m [1;30mLevel 1[0m _identify(packages/ros2srrc_ar4) by extensions ['colcon_pkg']
[0.162s] [34mcolcon.colcon_core.package_identification[0m [1;30mLevel 1[0m _identify(packages/ros2srrc_ar4) by extension 'colcon_pkg'
[0.162s] [34mcolcon.colcon_core.package_identification[0m [1;30mLevel 1[0m _identify(packages/ros2srrc_ar4) by extensions ['colcon_meta']
[0.162s] [34mcolcon.colcon_core.package_identification[0m [1;30mLevel 1[0m _identify(packages/ros2srrc_ar4) by extension 'colcon_meta'
[0.162s] [34mcolcon.colcon_core.package_identification[0m [1;30mLevel 1[0m _identify(packages/ros2srrc_ar4) by extensions ['ros']
[0.162s] [34mcolcon.colcon_core.package_identification[0m [1;30mLevel 1[0m _identify(packages/ros2srrc_ar4) by extension 'ros'
[0.163s] [34mcolcon.colcon_core.package_identification[0m [1;30mDEBUG[0m [32mPackage 'packages/ros2srrc_ar4' with type 'ros.ament_cmake' and name 'ros2srrc_ar4'[0m
[0.163s] [34mcolcon.colcon_core.package_identification[0m [1;30mLevel 1[0m _identify(packages/ros2srrc_iiwa) by extensions ['ignore', 'ignore_ament_install']
[0.163s] [34mcolcon.colcon_core.package_identification[0m [1;30mLevel 1[0m _identify(packages/ros2srrc_iiwa) by extension 'ignore'
[0.163s] [34mcolcon.colcon_core.package_identification[0m [1;30mLevel 1[0m _identify(packages/ros2srrc_iiwa) by extension 'ignore_ament_install'
[0.163s] [34mcolcon.colcon_core.package_identification[0m [1;30mLevel 1[0m _identify(packages/ros2srrc_iiwa) by extensions ['colcon_pkg']
[0.163s] [34mcolcon.colcon_core.package_identification[0m [1;30mLevel 1[0m _identify(packages/ros2srrc_iiwa) by extension 'colcon_pkg'
[0.163s] [34mcolcon.colcon_core.package_identification[0m [1;30mLevel 1[0m _identify(packages/ros2srrc_iiwa) by extensions ['colcon_meta']
[0.163s] [34mcolcon.colcon_core.package_identification[0m [1;30mLevel 1[0m _identify(packages/ros2srrc_iiwa) by extension 'colcon_meta'
[0.163s] [34mcolcon.colcon_core.package_identification[0m [1;30mLevel 1[0m _identify(packages/ros2srrc_iiwa) by extensions ['ros']
[0.163s] [34mcolcon.colcon_core.package_identification[0m [1;30mLevel 1[0m _identify(packages/ros2srrc_iiwa) by extension 'ros'
[0.164s] [34mcolcon.colcon_core.package_identification[0m [1;30mDEBUG[0m [32mPackage 'packages/ros2srrc_iiwa' with type 'ros.ament_cmake' and name 'ros2srrc_iiwa'[0m
[0.164s] [34mcolcon.colcon_core.package_identification[0m [1;30mLevel 1[0m _identify(packages/ros2srrc_irb120) by extensions ['ignore', 'ignore_ament_install']
[0.164s] [34mcolcon.colcon_core.package_identification[0m [1;30mLevel 1[0m _identify(packages/ros2srrc_irb120) by extension 'ignore'
[0.164s] [34mcolcon.colcon_core.package_identification[0m [1;30mLevel 1[0m _identify(packages/ros2srrc_irb120) by extension 'ignore_ament_install'
[0.164s] [34mcolcon.colcon_core.package_identification[0m [1;30mLevel 1[0m _identify(packages/ros2srrc_irb120) by extensions ['colcon_pkg']
[0.164s] [34mcolcon.colcon_core.package_identification[0m [1;30mLevel 1[0m _identify(packages/ros2srrc_irb120) by extension 'colcon_pkg'
[0.164s] [34mcolcon.colcon_core.package_identification[0m [1;30mLevel 1[0m _identify(packages/ros2srrc_irb120) by extensions ['colcon_meta']
[0.164s] [34mcolcon.colcon_core.package_identification[0m [1;30mLevel 1[0m _identify(packages/ros2srrc_irb120) by extension 'colcon_meta'
[0.164s] [34mcolcon.colcon_core.package_identification[0m [1;30mLevel 1[0m _identify(packages/ros2srrc_irb120) by extensions ['ros']
[0.164s] [34mcolcon.colcon_core.package_identification[0m [1;30mLevel 1[0m _identify(packages/ros2srrc_irb120) by extension 'ros'
[0.164s] [34mcolcon.colcon_core.package_identification[0m [1;30mDEBUG[0m [32mPackage 'packages/ros2srrc_irb120' with type 'ros.ament_cmake' and name 'ros2srrc_irb120'[0m
[0.164s] [34mcolcon.colcon_core.package_identification[0m [1;30mLevel 1[0m _identify(packages/ros2srrc_irb1200) by extensions ['ignore', 'ignore_ament_install']
[0.164s] [34mcolcon.colcon_core.package_identification[0m [1;30mLevel 1[0m _identify(packages/ros2srrc_irb1200) by extension 'ignore'
[0.164s] [34mcolcon.colcon_core.package_identification[0m [1;30mLevel 1[0m _identify(packages/ros2srrc_irb1200) by extension 'ignore_ament_install'
[0.164s] [34mcolcon.colcon_core.package_identification[0m [1;30mLevel 1[0m _identify(packages/ros2srrc_irb1200) by extensions ['colcon_pkg']
[0.164s] [34mcolcon.colcon_core.package_identification[0m [1;30mLevel 1[0m _identify(packages/ros2srrc_irb1200) by extension 'colcon_pkg'
[0.165s] [34mcolcon.colcon_core.package_identification[0m [1;30mLevel 1[0m _identify(packages/ros2srrc_irb1200) by extensions ['colcon_meta']
[0.165s] [34mcolcon.colcon_core.package_identification[0m [1;30mLevel 1[0m _identify(packages/ros2srrc_irb1200) by extension 'colcon_meta'
[0.165s] [34mcolcon.colcon_core.package_identification[0m [1;30mLevel 1[0m _identify(packages/ros2srrc_irb1200) by extensions ['ros']
[0.165s] [34mcolcon.colcon_core.package_identification[0m [1;30mLevel 1[0m _identify(packages/ros2srrc_irb1200) by extension 'ros'
[0.165s] [34mcolcon.colcon_core.package_identification[0m [1;30mDEBUG[0m [32mPackage 'packages/ros2srrc_irb1200' with type 'ros.ament_cmake' and name 'ros2srrc_irb1200'[0m
[0.165s] [34mcolcon.colcon_core.package_identification[0m [1;30mLevel 1[0m _identify(packages/ros2srrc_irb1600) by extensions ['ignore', 'ignore_ament_install']
[0.165s] [34mcolcon.colcon_core.package_identification[0m [1;30mLevel 1[0m _identify(packages/ros2srrc_irb1600) by extension 'ignore'
[0.165s] [34mcolcon.colcon_core.package_identification[0m [1;30mLevel 1[0m _identify(packages/ros2srrc_irb1600) by extension 'ignore_ament_install'
[0.165s] [34mcolcon.colcon_core.package_identification[0m [1;30mLevel 1[0m _identify(packages/ros2srrc_irb1600) by extensions ['colcon_pkg']
[0.165s] [34mcolcon.colcon_core.package_identification[0m [1;30mLevel 1[0m _identify(packages/ros2srrc_irb1600) by extension 'colcon_pkg'
[0.165s] [34mcolcon.colcon_core.package_identification[0m [1;30mLevel 1[0m _identify(packages/ros2srrc_irb1600) by extensions ['colcon_meta']
[0.165s] [34mcolcon.colcon_core.package_identification[0m [1;30mLevel 1[0m _identify(packages/ros2srrc_irb1600) by extension 'colcon_meta'
[0.165s] [34mcolcon.colcon_core.package_identification[0m [1;30mLevel 1[0m _identify(packages/ros2srrc_irb1600) by extensions ['ros']
[0.165s] [34mcolcon.colcon_core.package_identification[0m [1;30mLevel 1[0m _identify(packages/ros2srrc_irb1600) by extension 'ros'
[0.166s] [34mcolcon.colcon_core.package_identification[0m [1;30mDEBUG[0m [32mPackage 'packages/ros2srrc_irb1600' with type 'ros.ament_cmake' and name 'ros2srrc_irb1600'[0m
[0.166s] [34mcolcon.colcon_core.package_identification[0m [1;30mLevel 1[0m _identify(packages/ros2srrc_irb6640) by extensions ['ignore', 'ignore_ament_install']
[0.166s] [34mcolcon.colcon_core.package_identification[0m [1;30mLevel 1[0m _identify(packages/ros2srrc_irb6640) by extension 'ignore'
[0.166s] [34mcolcon.colcon_core.package_identification[0m [1;30mLevel 1[0m _identify(packages/ros2srrc_irb6640) by extension 'ignore_ament_install'
[0.166s] [34mcolcon.colcon_core.package_identification[0m [1;30mLevel 1[0m _identify(packages/ros2srrc_irb6640) by extensions ['colcon_pkg']
[0.166s] [34mcolcon.colcon_core.package_identification[0m [1;30mLevel 1[0m _identify(packages/ros2srrc_irb6640) by extension 'colcon_pkg'
[0.166s] [34mcolcon.colcon_core.package_identification[0m [1;30mLevel 1[0m _identify(packages/ros2srrc_irb6640) by extensions ['colcon_meta']
[0.166s] [34mcolcon.colcon_core.package_identification[0m [1;30mLevel 1[0m _identify(packages/ros2srrc_irb6640) by extension 'colcon_meta'
[0.166s] [34mcolcon.colcon_core.package_identification[0m [1;30mLevel 1[0m _identify(packages/ros2srrc_irb6640) by extensions ['ros']
[0.166s] [34mcolcon.colcon_core.package_identification[0m [1;30mLevel 1[0m _identify(packages/ros2srrc_irb6640) by extension 'ros'
[0.166s] [34mcolcon.colcon_core.package_identification[0m [1;30mDEBUG[0m [32mPackage 'packages/ros2srrc_irb6640' with type 'ros.ament_cmake' and name 'ros2srrc_irb6640'[0m
[0.166s] [34mcolcon.colcon_core.package_identification[0m [1;30mLevel 1[0m _identify(packages/ros2srrc_rx160) by extensions ['ignore', 'ignore_ament_install']
[0.166s] [34mcolcon.colcon_core.package_identification[0m [1;30mLevel 1[0m _identify(packages/ros2srrc_rx160) by extension 'ignore'
[0.166s] [34mcolcon.colcon_core.package_identification[0m [1;30mLevel 1[0m _identify(packages/ros2srrc_rx160) by extension 'ignore_ament_install'
[0.166s] [34mcolcon.colcon_core.package_identification[0m [1;30mLevel 1[0m _identify(packages/ros2srrc_rx160) by extensions ['colcon_pkg']
[0.166s] [34mcolcon.colcon_core.package_identification[0m [1;30mLevel 1[0m _identify(packages/ros2srrc_rx160) by extension 'colcon_pkg'
[0.166s] [34mcolcon.colcon_core.package_identification[0m [1;30mLevel 1[0m _identify(packages/ros2srrc_rx160) by extensions ['colcon_meta']
[0.166s] [34mcolcon.colcon_core.package_identification[0m [1;30mLevel 1[0m _identify(packages/ros2srrc_rx160) by extension 'colcon_meta'
[0.167s] [34mcolcon.colcon_core.package_identification[0m [1;30mLevel 1[0m _identify(packages/ros2srrc_rx160) by extensions ['ros']
[0.167s] [34mcolcon.colcon_core.package_identification[0m [1;30mLevel 1[0m _identify(packages/ros2srrc_rx160) by extension 'ros'
[0.167s] [34mcolcon.colcon_core.package_identification[0m [1;30mDEBUG[0m [32mPackage 'packages/ros2srrc_rx160' with type 'ros.ament_cmake' and name 'ros2srrc_rx160'[0m
[0.167s] [34mcolcon.colcon_core.package_identification[0m [1;30mLevel 1[0m _identify(packages/ros2srrc_ur10) by extensions ['ignore', 'ignore_ament_install']
[0.167s] [34mcolcon.colcon_core.package_identification[0m [1;30mLevel 1[0m _identify(packages/ros2srrc_ur10) by extension 'ignore'
[0.167s] [34mcolcon.colcon_core.package_identification[0m [1;30mLevel 1[0m _identify(packages/ros2srrc_ur10) by extension 'ignore_ament_install'
[0.167s] [34mcolcon.colcon_core.package_identification[0m [1;30mLevel 1[0m _identify(packages/ros2srrc_ur10) by extensions ['colcon_pkg']
[0.167s] [34mcolcon.colcon_core.package_identification[0m [1;30mLevel 1[0m _identify(packages/ros2srrc_ur10) by extension 'colcon_pkg'
[0.167s] [34mcolcon.colcon_core.package_identification[0m [1;30mLevel 1[0m _identify(packages/ros2srrc_ur10) by extensions ['colcon_meta']
[0.167s] [34mcolcon.colcon_core.package_identification[0m [1;30mLevel 1[0m _identify(packages/ros2srrc_ur10) by extension 'colcon_meta'
[0.167s] [34mcolcon.colcon_core.package_identification[0m [1;30mLevel 1[0m _identify(packages/ros2srrc_ur10) by extensions ['ros']
[0.167s] [34mcolcon.colcon_core.package_identification[0m [1;30mLevel 1[0m _identify(packages/ros2srrc_ur10) by extension 'ros'
[0.168s] [34mcolcon.colcon_core.package_identification[0m [1;30mDEBUG[0m [32mPackage 'packages/ros2srrc_ur10' with type 'ros.ament_cmake' and name 'ros2srrc_ur10'[0m
[0.168s] [34mcolcon.colcon_core.package_identification[0m [1;30mLevel 1[0m _identify(packages/ros2srrc_ur10e) by extensions ['ignore', 'ignore_ament_install']
[0.168s] [34mcolcon.colcon_core.package_identification[0m [1;30mLevel 1[0m _identify(packages/ros2srrc_ur10e) by extension 'ignore'
[0.168s] [34mcolcon.colcon_core.package_identification[0m [1;30mLevel 1[0m _identify(packages/ros2srrc_ur10e) by extension 'ignore_ament_install'
[0.168s] [34mcolcon.colcon_core.package_identification[0m [1;30mLevel 1[0m _identify(packages/ros2srrc_ur10e) by extensions ['colcon_pkg']
[0.168s] [34mcolcon.colcon_core.package_identification[0m [1;30mLevel 1[0m _identify(packages/ros2srrc_ur10e) by extension 'colcon_pkg'
[0.168s] [34mcolcon.colcon_core.package_identification[0m [1;30mLevel 1[0m _identify(packages/ros2srrc_ur10e) by extensions ['colcon_meta']
[0.168s] [34mcolcon.colcon_core.package_identification[0m [1;30mLevel 1[0m _identify(packages/ros2srrc_ur10e) by extension 'colcon_meta'
[0.168s] [34mcolcon.colcon_core.package_identification[0m [1;30mLevel 1[0m _identify(packages/ros2srrc_ur10e) by extensions ['ros']
[0.168s] [34mcolcon.colcon_core.package_identification[0m [1;30mLevel 1[0m _identify(packages/ros2srrc_ur10e) by extension 'ros'
[0.168s] [34mcolcon.colcon_core.package_identification[0m [1;30mDEBUG[0m [32mPackage 'packages/ros2srrc_ur10e' with type 'ros.ament_cmake' and name 'ros2srrc_ur10e'[0m
[0.168s] [34mcolcon.colcon_core.package_identification[0m [1;30mLevel 1[0m _identify(packages/ros2srrc_ur16e) by extensions ['ignore', 'ignore_ament_install']
[0.168s] [34mcolcon.colcon_core.package_identification[0m [1;30mLevel 1[0m _identify(packages/ros2srrc_ur16e) by extension 'ignore'
[0.168s] [34mcolcon.colcon_core.package_identification[0m [1;30mLevel 1[0m _identify(packages/ros2srrc_ur16e) by extension 'ignore_ament_install'
[0.168s] [34mcolcon.colcon_core.package_identification[0m [1;30mLevel 1[0m _identify(packages/ros2srrc_ur16e) by extensions ['colcon_pkg']
[0.168s] [34mcolcon.colcon_core.package_identification[0m [1;30mLevel 1[0m _identify(packages/ros2srrc_ur16e) by extension 'colcon_pkg'
[0.168s] [34mcolcon.colcon_core.package_identification[0m [1;30mLevel 1[0m _identify(packages/ros2srrc_ur16e) by extensions ['colcon_meta']
[0.169s] [34mcolcon.colcon_core.package_identification[0m [1;30mLevel 1[0m _identify(packages/ros2srrc_ur16e) by extension 'colcon_meta'
[0.169s] [34mcolcon.colcon_core.package_identification[0m [1;30mLevel 1[0m _identify(packages/ros2srrc_ur16e) by extensions ['ros']
[0.169s] [34mcolcon.colcon_core.package_identification[0m [1;30mLevel 1[0m _identify(packages/ros2srrc_ur16e) by extension 'ros'
[0.169s] [34mcolcon.colcon_core.package_identification[0m [1;30mDEBUG[0m [32mPackage 'packages/ros2srrc_ur16e' with type 'ros.ament_cmake' and name 'ros2srrc_ur16e'[0m
[0.169s] [34mcolcon.colcon_core.package_identification[0m [1;30mLevel 1[0m _identify(packages/ros2srrc_ur20) by extensions ['ignore', 'ignore_ament_install']
[0.169s] [34mcolcon.colcon_core.package_identification[0m [1;30mLevel 1[0m _identify(packages/ros2srrc_ur20) by extension 'ignore'
[0.169s] [34mcolcon.colcon_core.package_identification[0m [1;30mLevel 1[0m _identify(packages/ros2srrc_ur20) by extension 'ignore_ament_install'
[0.169s] [34mcolcon.colcon_core.package_identification[0m [1;30mLevel 1[0m _identify(packages/ros2srrc_ur20) by extensions ['colcon_pkg']
[0.169s] [34mcolcon.colcon_core.package_identification[0m [1;30mLevel 1[0m _identify(packages/ros2srrc_ur20) by extension 'colcon_pkg'
[0.169s] [34mcolcon.colcon_core.package_identification[0m [1;30mLevel 1[0m _identify(packages/ros2srrc_ur20) by extensions ['colcon_meta']
[0.169s] [34mcolcon.colcon_core.package_identification[0m [1;30mLevel 1[0m _identify(packages/ros2srrc_ur20) by extension 'colcon_meta'
[0.169s] [34mcolcon.colcon_core.package_identification[0m [1;30mLevel 1[0m _identify(packages/ros2srrc_ur20) by extensions ['ros']
[0.169s] [34mcolcon.colcon_core.package_identification[0m [1;30mLevel 1[0m _identify(packages/ros2srrc_ur20) by extension 'ros'
[0.170s] [34mcolcon.colcon_core.package_identification[0m [1;30mDEBUG[0m [32mPackage 'packages/ros2srrc_ur20' with type 'ros.ament_cmake' and name 'ros2srrc_ur20'[0m
[0.170s] [34mcolcon.colcon_core.package_identification[0m [1;30mLevel 1[0m _identify(packages/ros2srrc_ur3) by extensions ['ignore', 'ignore_ament_install']
[0.170s] [34mcolcon.colcon_core.package_identification[0m [1;30mLevel 1[0m _identify(packages/ros2srrc_ur3) by extension 'ignore'
[0.170s] [34mcolcon.colcon_core.package_identification[0m [1;30mLevel 1[0m _identify(packages/ros2srrc_ur3) by extension 'ignore_ament_install'
[0.170s] [34mcolcon.colcon_core.package_identification[0m [1;30mLevel 1[0m _identify(packages/ros2srrc_ur3) by extensions ['colcon_pkg']
[0.170s] [34mcolcon.colcon_core.package_identification[0m [1;30mLevel 1[0m _identify(packages/ros2srrc_ur3) by extension 'colcon_pkg'
[0.170s] [34mcolcon.colcon_core.package_identification[0m [1;30mLevel 1[0m _identify(packages/ros2srrc_ur3) by extensions ['colcon_meta']
[0.170s] [34mcolcon.colcon_core.package_identification[0m [1;30mLevel 1[0m _identify(packages/ros2srrc_ur3) by extension 'colcon_meta'
[0.170s] [34mcolcon.colcon_core.package_identification[0m [1;30mLevel 1[0m _identify(packages/ros2srrc_ur3) by extensions ['ros']
[0.170s] [34mcolcon.colcon_core.package_identification[0m [1;30mLevel 1[0m _identify(packages/ros2srrc_ur3) by extension 'ros'
[0.170s] [34mcolcon.colcon_core.package_identification[0m [1;30mDEBUG[0m [32mPackage 'packages/ros2srrc_ur3' with type 'ros.ament_cmake' and name 'ros2srrc_ur3'[0m
[0.170s] [34mcolcon.colcon_core.package_identification[0m [1;30mLevel 1[0m _identify(packages/ros2srrc_ur3e) by extensions ['ignore', 'ignore_ament_install']
[0.170s] [34mcolcon.colcon_core.package_identification[0m [1;30mLevel 1[0m _identify(packages/ros2srrc_ur3e) by extension 'ignore'
[0.170s] [34mcolcon.colcon_core.package_identification[0m [1;30mLevel 1[0m _identify(packages/ros2srrc_ur3e) by extension 'ignore_ament_install'
[0.170s] [34mcolcon.colcon_core.package_identification[0m [1;30mLevel 1[0m _identify(packages/ros2srrc_ur3e) by extensions ['colcon_pkg']
[0.170s] [34mcolcon.colcon_core.package_identification[0m [1;30mLevel 1[0m _identify(packages/ros2srrc_ur3e) by extension 'colcon_pkg'
[0.170s] [34mcolcon.colcon_core.package_identification[0m [1;30mLevel 1[0m _identify(packages/ros2srrc_ur3e) by extensions ['colcon_meta']
[0.170s] [34mcolcon.colcon_core.package_identification[0m [1;30mLevel 1[0m _identify(packages/ros2srrc_ur3e) by extension 'colcon_meta'
[0.170s] [34mcolcon.colcon_core.package_identification[0m [1;30mLevel 1[0m _identify(packages/ros2srrc_ur3e) by extensions ['ros']
[0.170s] [34mcolcon.colcon_core.package_identification[0m [1;30mLevel 1[0m _identify(packages/ros2srrc_ur3e) by extension 'ros'
[0.171s] [34mcolcon.colcon_core.package_identification[0m [1;30mDEBUG[0m [32mPackage 'packages/ros2srrc_ur3e' with type 'ros.ament_cmake' and name 'ros2srrc_ur3e'[0m
[0.171s] [34mcolcon.colcon_core.package_identification[0m [1;30mLevel 1[0m _identify(packages/ros2srrc_ur5) by extensions ['ignore', 'ignore_ament_install']
[0.171s] [34mcolcon.colcon_core.package_identification[0m [1;30mLevel 1[0m _identify(packages/ros2srrc_ur5) by extension 'ignore'
[0.171s] [34mcolcon.colcon_core.package_identification[0m [1;30mLevel 1[0m _identify(packages/ros2srrc_ur5) by extension 'ignore_ament_install'
[0.171s] [34mcolcon.colcon_core.package_identification[0m [1;30mLevel 1[0m _identify(packages/ros2srrc_ur5) by extensions ['colcon_pkg']
[0.171s] [34mcolcon.colcon_core.package_identification[0m [1;30mLevel 1[0m _identify(packages/ros2srrc_ur5) by extension 'colcon_pkg'
[0.171s] [34mcolcon.colcon_core.package_identification[0m [1;30mLevel 1[0m _identify(packages/ros2srrc_ur5) by extensions ['colcon_meta']
[0.171s] [34mcolcon.colcon_core.package_identification[0m [1;30mLevel 1[0m _identify(packages/ros2srrc_ur5) by extension 'colcon_meta'
[0.171s] [34mcolcon.colcon_core.package_identification[0m [1;30mLevel 1[0m _identify(packages/ros2srrc_ur5) by extensions ['ros']
[0.171s] [34mcolcon.colcon_core.package_identification[0m [1;30mLevel 1[0m _identify(packages/ros2srrc_ur5) by extension 'ros'
[0.171s] [34mcolcon.colcon_core.package_identification[0m [1;30mDEBUG[0m [32mPackage 'packages/ros2srrc_ur5' with type 'ros.ament_cmake' and name 'ros2srrc_ur5'[0m
[0.172s] [34mcolcon.colcon_core.package_identification[0m [1;30mLevel 1[0m _identify(packages/ros2srrc_ur5e) by extensions ['ignore', 'ignore_ament_install']
[0.172s] [34mcolcon.colcon_core.package_identification[0m [1;30mLevel 1[0m _identify(packages/ros2srrc_ur5e) by extension 'ignore'
[0.172s] [34mcolcon.colcon_core.package_identification[0m [1;30mLevel 1[0m _identify(packages/ros2srrc_ur5e) by extension 'ignore_ament_install'
[0.172s] [34mcolcon.colcon_core.package_identification[0m [1;30mLevel 1[0m _identify(packages/ros2srrc_ur5e) by extensions ['colcon_pkg']
[0.172s] [34mcolcon.colcon_core.package_identification[0m [1;30mLevel 1[0m _identify(packages/ros2srrc_ur5e) by extension 'colcon_pkg'
[0.172s] [34mcolcon.colcon_core.package_identification[0m [1;30mLevel 1[0m _identify(packages/ros2srrc_ur5e) by extensions ['colcon_meta']
[0.172s] [34mcolcon.colcon_core.package_identification[0m [1;30mLevel 1[0m _identify(packages/ros2srrc_ur5e) by extension 'colcon_meta'
[0.172s] [34mcolcon.colcon_core.package_identification[0m [1;30mLevel 1[0m _identify(packages/ros2srrc_ur5e) by extensions ['ros']
[0.172s] [34mcolcon.colcon_core.package_identification[0m [1;30mLevel 1[0m _identify(packages/ros2srrc_ur5e) by extension 'ros'
[0.172s] [34mcolcon.colcon_core.package_identification[0m [1;30mDEBUG[0m [32mPackage 'packages/ros2srrc_ur5e' with type 'ros.ament_cmake' and name 'ros2srrc_ur5e'[0m
[0.172s] [34mcolcon.colcon_core.package_identification[0m [1;30mLevel 1[0m _identify(ros2_controllers) by extensions ['ignore', 'ignore_ament_install']
[0.172s] [34mcolcon.colcon_core.package_identification[0m [1;30mLevel 1[0m _identify(ros2_controllers) by extension 'ignore'
[0.172s] [34mcolcon.colcon_core.package_identification[0m [1;30mLevel 1[0m _identify(ros2_controllers) by extension 'ignore_ament_install'
[0.172s] [34mcolcon.colcon_core.package_identification[0m [1;30mLevel 1[0m _identify(ros2_controllers) by extensions ['colcon_pkg']
[0.172s] [34mcolcon.colcon_core.package_identification[0m [1;30mLevel 1[0m _identify(ros2_controllers) by extension 'colcon_pkg'
[0.172s] [34mcolcon.colcon_core.package_identification[0m [1;30mLevel 1[0m _identify(ros2_controllers) by extensions ['colcon_meta']
[0.172s] [34mcolcon.colcon_core.package_identification[0m [1;30mLevel 1[0m _identify(ros2_controllers) by extension 'colcon_meta'
[0.172s] [34mcolcon.colcon_core.package_identification[0m [1;30mLevel 1[0m _identify(ros2_controllers) by extensions ['ros']
[0.172s] [34mcolcon.colcon_core.package_identification[0m [1;30mLevel 1[0m _identify(ros2_controllers) by extension 'ros'
[0.172s] [34mcolcon.colcon_core.package_identification[0m [1;30mLevel 1[0m _identify(ros2_controllers) by extensions ['cmake', 'python']
[0.172s] [34mcolcon.colcon_core.package_identification[0m [1;30mLevel 1[0m _identify(ros2_controllers) by extension 'cmake'
[0.173s] [34mcolcon.colcon_core.package_identification[0m [1;30mLevel 1[0m _identify(ros2_controllers) by extension 'python'
[0.173s] [34mcolcon.colcon_core.package_identification[0m [1;30mLevel 1[0m _identify(ros2_controllers) by extensions ['python_setup_py']
[0.173s] [34mcolcon.colcon_core.package_identification[0m [1;30mLevel 1[0m _identify(ros2_controllers) by extension 'python_setup_py'
[0.173s] [34mcolcon.colcon_core.package_identification[0m [1;30mLevel 1[0m _identify(ros2_controllers/ackermann_steering_controller) by extensions ['ignore', 'ignore_ament_install']
[0.173s] [34mcolcon.colcon_core.package_identification[0m [1;30mLevel 1[0m _identify(ros2_controllers/ackermann_steering_controller) by extension 'ignore'
[0.173s] [34mcolcon.colcon_core.package_identification[0m [1;30mLevel 1[0m _identify(ros2_controllers/ackermann_steering_controller) by extension 'ignore_ament_install'
[0.173s] [34mcolcon.colcon_core.package_identification[0m [1;30mLevel 1[0m _identify(ros2_controllers/ackermann_steering_controller) by extensions ['colcon_pkg']
[0.173s] [34mcolcon.colcon_core.package_identification[0m [1;30mLevel 1[0m _identify(ros2_controllers/ackermann_steering_controller) by extension 'colcon_pkg'
[0.173s] [34mcolcon.colcon_core.package_identification[0m [1;30mLevel 1[0m _identify(ros2_controllers/ackermann_steering_controller) by extensions ['colcon_meta']
[0.173s] [34mcolcon.colcon_core.package_identification[0m [1;30mLevel 1[0m _identify(ros2_controllers/ackermann_steering_controller) by extension 'colcon_meta'
[0.173s] [34mcolcon.colcon_core.package_identification[0m [1;30mLevel 1[0m _identify(ros2_controllers/ackermann_steering_controller) by extensions ['ros']
[0.173s] [34mcolcon.colcon_core.package_identification[0m [1;30mLevel 1[0m _identify(ros2_controllers/ackermann_steering_controller) by extension 'ros'
[0.174s] [34mcolcon.colcon_core.package_identification[0m [1;30mDEBUG[0m [32mPackage 'ros2_controllers/ackermann_steering_controller' with type 'ros.ament_cmake' and name 'ackermann_steering_controller'[0m
[0.174s] [34mcolcon.colcon_core.package_identification[0m [1;30mLevel 1[0m _identify(ros2_controllers/admittance_controller) by extensions ['ignore', 'ignore_ament_install']
[0.174s] [34mcolcon.colcon_core.package_identification[0m [1;30mLevel 1[0m _identify(ros2_controllers/admittance_controller) by extension 'ignore'
[0.174s] [34mcolcon.colcon_core.package_identification[0m [1;30mLevel 1[0m _identify(ros2_controllers/admittance_controller) by extension 'ignore_ament_install'
[0.174s] [34mcolcon.colcon_core.package_identification[0m [1;30mLevel 1[0m _identify(ros2_controllers/admittance_controller) by extensions ['colcon_pkg']
[0.174s] [34mcolcon.colcon_core.package_identification[0m [1;30mLevel 1[0m _identify(ros2_controllers/admittance_controller) by extension 'colcon_pkg'
[0.174s] [34mcolcon.colcon_core.package_identification[0m [1;30mLevel 1[0m _identify(ros2_controllers/admittance_controller) by extensions ['colcon_meta']
[0.174s] [34mcolcon.colcon_core.package_identification[0m [1;30mLevel 1[0m _identify(ros2_controllers/admittance_controller) by extension 'colcon_meta'
[0.174s] [34mcolcon.colcon_core.package_identification[0m [1;30mLevel 1[0m _identify(ros2_controllers/admittance_controller) by extensions ['ros']
[0.174s] [34mcolcon.colcon_core.package_identification[0m [1;30mLevel 1[0m _identify(ros2_controllers/admittance_controller) by extension 'ros'
[0.175s] [34mcolcon.colcon_core.package_identification[0m [1;30mDEBUG[0m [32mPackage 'ros2_controllers/admittance_controller' with type 'ros.ament_cmake' and name 'admittance_controller'[0m
[0.176s] [34mcolcon.colcon_core.package_identification[0m [1;30mLevel 1[0m _identify(ros2_controllers/bicycle_steering_controller) by extensions ['ignore', 'ignore_ament_install']
[0.176s] [34mcolcon.colcon_core.package_identification[0m [1;30mLevel 1[0m _identify(ros2_controllers/bicycle_steering_controller) by extension 'ignore'
[0.176s] [34mcolcon.colcon_core.package_identification[0m [1;30mLevel 1[0m _identify(ros2_controllers/bicycle_steering_controller) by extension 'ignore_ament_install'
[0.176s] [34mcolcon.colcon_core.package_identification[0m [1;30mLevel 1[0m _identify(ros2_controllers/bicycle_steering_controller) by extensions ['colcon_pkg']
[0.176s] [34mcolcon.colcon_core.package_identification[0m [1;30mLevel 1[0m _identify(ros2_controllers/bicycle_steering_controller) by extension 'colcon_pkg'
[0.176s] [34mcolcon.colcon_core.package_identification[0m [1;30mLevel 1[0m _identify(ros2_controllers/bicycle_steering_controller) by extensions ['colcon_meta']
[0.176s] [34mcolcon.colcon_core.package_identification[0m [1;30mLevel 1[0m _identify(ros2_controllers/bicycle_steering_controller) by extension 'colcon_meta'
[0.176s] [34mcolcon.colcon_core.package_identification[0m [1;30mLevel 1[0m _identify(ros2_controllers/bicycle_steering_controller) by extensions ['ros']
[0.176s] [34mcolcon.colcon_core.package_identification[0m [1;30mLevel 1[0m _identify(ros2_controllers/bicycle_steering_controller) by extension 'ros'
[0.177s] [34mcolcon.colcon_core.package_identification[0m [1;30mDEBUG[0m [32mPackage 'ros2_controllers/bicycle_steering_controller' with type 'ros.ament_cmake' and name 'bicycle_steering_controller'[0m
[0.177s] [34mcolcon.colcon_core.package_identification[0m [1;30mLevel 1[0m _identify(ros2_controllers/diff_drive_controller) by extensions ['ignore', 'ignore_ament_install']
[0.177s] [34mcolcon.colcon_core.package_identification[0m [1;30mLevel 1[0m _identify(ros2_controllers/diff_drive_controller) by extension 'ignore'
[0.177s] [34mcolcon.colcon_core.package_identification[0m [1;30mLevel 1[0m _identify(ros2_controllers/diff_drive_controller) by extension 'ignore_ament_install'
[0.177s] [34mcolcon.colcon_core.package_identification[0m [1;30mLevel 1[0m _identify(ros2_controllers/diff_drive_controller) by extensions ['colcon_pkg']
[0.177s] [34mcolcon.colcon_core.package_identification[0m [1;30mLevel 1[0m _identify(ros2_controllers/diff_drive_controller) by extension 'colcon_pkg'
[0.177s] [34mcolcon.colcon_core.package_identification[0m [1;30mLevel 1[0m _identify(ros2_controllers/diff_drive_controller) by extensions ['colcon_meta']
[0.177s] [34mcolcon.colcon_core.package_identification[0m [1;30mLevel 1[0m _identify(ros2_controllers/diff_drive_controller) by extension 'colcon_meta'
[0.177s] [34mcolcon.colcon_core.package_identification[0m [1;30mLevel 1[0m _identify(ros2_controllers/diff_drive_controller) by extensions ['ros']
[0.177s] [34mcolcon.colcon_core.package_identification[0m [1;30mLevel 1[0m _identify(ros2_controllers/diff_drive_controller) by extension 'ros'
[0.178s] [34mcolcon.colcon_core.package_identification[0m [1;30mDEBUG[0m [32mPackage 'ros2_controllers/diff_drive_controller' with type 'ros.ament_cmake' and name 'diff_drive_controller'[0m
[0.178s] [34mcolcon.colcon_core.package_identification[0m [1;30mLevel 1[0m _identify(ros2_controllers/doc) by extensions ['ignore', 'ignore_ament_install']
[0.178s] [34mcolcon.colcon_core.package_identification[0m [1;30mLevel 1[0m _identify(ros2_controllers/doc) by extension 'ignore'
[0.178s] [34mcolcon.colcon_core.package_identification[0m [1;30mLevel 1[0m _identify(ros2_controllers/doc) by extension 'ignore_ament_install'
[0.178s] [34mcolcon.colcon_core.package_identification[0m [1;30mLevel 1[0m _identify(ros2_controllers/doc) by extensions ['colcon_pkg']
[0.178s] [34mcolcon.colcon_core.package_identification[0m [1;30mLevel 1[0m _identify(ros2_controllers/doc) by extension 'colcon_pkg'
[0.178s] [34mcolcon.colcon_core.package_identification[0m [1;30mLevel 1[0m _identify(ros2_controllers/doc) by extensions ['colcon_meta']
[0.178s] [34mcolcon.colcon_core.package_identification[0m [1;30mLevel 1[0m _identify(ros2_controllers/doc) by extension 'colcon_meta'
[0.178s] [34mcolcon.colcon_core.package_identification[0m [1;30mLevel 1[0m _identify(ros2_controllers/doc) by extensions ['ros']
[0.178s] [34mcolcon.colcon_core.package_identification[0m [1;30mLevel 1[0m _identify(ros2_controllers/doc) by extension 'ros'
[0.178s] [34mcolcon.colcon_core.package_identification[0m [1;30mLevel 1[0m _identify(ros2_controllers/doc) by extensions ['cmake', 'python']
[0.178s] [34mcolcon.colcon_core.package_identification[0m [1;30mLevel 1[0m _identify(ros2_controllers/doc) by extension 'cmake'
[0.179s] [34mcolcon.colcon_core.package_identification[0m [1;30mLevel 1[0m _identify(ros2_controllers/doc) by extension 'python'
[0.179s] [34mcolcon.colcon_core.package_identification[0m [1;30mLevel 1[0m _identify(ros2_controllers/doc) by extensions ['python_setup_py']
[0.179s] [34mcolcon.colcon_core.package_identification[0m [1;30mLevel 1[0m _identify(ros2_controllers/doc) by extension 'python_setup_py'
[0.179s] [34mcolcon.colcon_core.package_identification[0m [1;30mLevel 1[0m _identify(ros2_controllers/doc/images) by extensions ['ignore', 'ignore_ament_install']
[0.179s] [34mcolcon.colcon_core.package_identification[0m [1;30mLevel 1[0m _identify(ros2_controllers/doc/images) by extension 'ignore'
[0.179s] [34mcolcon.colcon_core.package_identification[0m [1;30mLevel 1[0m _identify(ros2_controllers/doc/images) by extension 'ignore_ament_install'
[0.179s] [34mcolcon.colcon_core.package_identification[0m [1;30mLevel 1[0m _identify(ros2_controllers/doc/images) by extensions ['colcon_pkg']
[0.179s] [34mcolcon.colcon_core.package_identification[0m [1;30mLevel 1[0m _identify(ros2_controllers/doc/images) by extension 'colcon_pkg'
[0.179s] [34mcolcon.colcon_core.package_identification[0m [1;30mLevel 1[0m _identify(ros2_controllers/doc/images) by extensions ['colcon_meta']
[0.179s] [34mcolcon.colcon_core.package_identification[0m [1;30mLevel 1[0m _identify(ros2_controllers/doc/images) by extension 'colcon_meta'
[0.179s] [34mcolcon.colcon_core.package_identification[0m [1;30mLevel 1[0m _identify(ros2_controllers/doc/images) by extensions ['ros']
[0.179s] [34mcolcon.colcon_core.package_identification[0m [1;30mLevel 1[0m _identify(ros2_controllers/doc/images) by extension 'ros'
[0.179s] [34mcolcon.colcon_core.package_identification[0m [1;30mLevel 1[0m _identify(ros2_controllers/doc/images) by extensions ['cmake', 'python']
[0.179s] [34mcolcon.colcon_core.package_identification[0m [1;30mLevel 1[0m _identify(ros2_controllers/doc/images) by extension 'cmake'
[0.179s] [34mcolcon.colcon_core.package_identification[0m [1;30mLevel 1[0m _identify(ros2_controllers/doc/images) by extension 'python'
[0.179s] [34mcolcon.colcon_core.package_identification[0m [1;30mLevel 1[0m _identify(ros2_controllers/doc/images) by extensions ['python_setup_py']
[0.179s] [34mcolcon.colcon_core.package_identification[0m [1;30mLevel 1[0m _identify(ros2_controllers/doc/images) by extension 'python_setup_py'
[0.179s] [34mcolcon.colcon_core.package_identification[0m [1;30mLevel 1[0m _identify(ros2_controllers/effort_controllers) by extensions ['ignore', 'ignore_ament_install']
[0.179s] [34mcolcon.colcon_core.package_identification[0m [1;30mLevel 1[0m _identify(ros2_controllers/effort_controllers) by extension 'ignore'
[0.179s] [34mcolcon.colcon_core.package_identification[0m [1;30mLevel 1[0m _identify(ros2_controllers/effort_controllers) by extension 'ignore_ament_install'
[0.179s] [34mcolcon.colcon_core.package_identification[0m [1;30mLevel 1[0m _identify(ros2_controllers/effort_controllers) by extensions ['colcon_pkg']
[0.179s] [34mcolcon.colcon_core.package_identification[0m [1;30mLevel 1[0m _identify(ros2_controllers/effort_controllers) by extension 'colcon_pkg'
[0.179s] [34mcolcon.colcon_core.package_identification[0m [1;30mLevel 1[0m _identify(ros2_controllers/effort_controllers) by extensions ['colcon_meta']
[0.179s] [34mcolcon.colcon_core.package_identification[0m [1;30mLevel 1[0m _identify(ros2_controllers/effort_controllers) by extension 'colcon_meta'
[0.179s] [34mcolcon.colcon_core.package_identification[0m [1;30mLevel 1[0m _identify(ros2_controllers/effort_controllers) by extensions ['ros']
[0.179s] [34mcolcon.colcon_core.package_identification[0m [1;30mLevel 1[0m _identify(ros2_controllers/effort_controllers) by extension 'ros'
[0.180s] [34mcolcon.colcon_core.package_identification[0m [1;30mDEBUG[0m [32mPackage 'ros2_controllers/effort_controllers' with type 'ros.ament_cmake' and name 'effort_controllers'[0m
[0.180s] [34mcolcon.colcon_core.package_identification[0m [1;30mLevel 1[0m _identify(ros2_controllers/force_torque_sensor_broadcaster) by extensions ['ignore', 'ignore_ament_install']
[0.180s] [34mcolcon.colcon_core.package_identification[0m [1;30mLevel 1[0m _identify(ros2_controllers/force_torque_sensor_broadcaster) by extension 'ignore'
[0.180s] [34mcolcon.colcon_core.package_identification[0m [1;30mLevel 1[0m _identify(ros2_controllers/force_torque_sensor_broadcaster) by extension 'ignore_ament_install'
[0.180s] [34mcolcon.colcon_core.package_identification[0m [1;30mLevel 1[0m _identify(ros2_controllers/force_torque_sensor_broadcaster) by extensions ['colcon_pkg']
[0.180s] [34mcolcon.colcon_core.package_identification[0m [1;30mLevel 1[0m _identify(ros2_controllers/force_torque_sensor_broadcaster) by extension 'colcon_pkg'
[0.180s] [34mcolcon.colcon_core.package_identification[0m [1;30mLevel 1[0m _identify(ros2_controllers/force_torque_sensor_broadcaster) by extensions ['colcon_meta']
[0.180s] [34mcolcon.colcon_core.package_identification[0m [1;30mLevel 1[0m _identify(ros2_controllers/force_torque_sensor_broadcaster) by extension 'colcon_meta'
[0.180s] [34mcolcon.colcon_core.package_identification[0m [1;30mLevel 1[0m _identify(ros2_controllers/force_torque_sensor_broadcaster) by extensions ['ros']
[0.180s] [34mcolcon.colcon_core.package_identification[0m [1;30mLevel 1[0m _identify(ros2_controllers/force_torque_sensor_broadcaster) by extension 'ros'
[0.181s] [34mcolcon.colcon_core.package_identification[0m [1;30mDEBUG[0m [32mPackage 'ros2_controllers/force_torque_sensor_broadcaster' with type 'ros.ament_cmake' and name 'force_torque_sensor_broadcaster'[0m
[0.181s] [34mcolcon.colcon_core.package_identification[0m [1;30mLevel 1[0m _identify(ros2_controllers/forward_command_controller) by extensions ['ignore', 'ignore_ament_install']
[0.181s] [34mcolcon.colcon_core.package_identification[0m [1;30mLevel 1[0m _identify(ros2_controllers/forward_command_controller) by extension 'ignore'
[0.181s] [34mcolcon.colcon_core.package_identification[0m [1;30mLevel 1[0m _identify(ros2_controllers/forward_command_controller) by extension 'ignore_ament_install'
[0.181s] [34mcolcon.colcon_core.package_identification[0m [1;30mLevel 1[0m _identify(ros2_controllers/forward_command_controller) by extensions ['colcon_pkg']
[0.181s] [34mcolcon.colcon_core.package_identification[0m [1;30mLevel 1[0m _identify(ros2_controllers/forward_command_controller) by extension 'colcon_pkg'
[0.182s] [34mcolcon.colcon_core.package_identification[0m [1;30mLevel 1[0m _identify(ros2_controllers/forward_command_controller) by extensions ['colcon_meta']
[0.182s] [34mcolcon.colcon_core.package_identification[0m [1;30mLevel 1[0m _identify(ros2_controllers/forward_command_controller) by extension 'colcon_meta'
[0.182s] [34mcolcon.colcon_core.package_identification[0m [1;30mLevel 1[0m _identify(ros2_controllers/forward_command_controller) by extensions ['ros']
[0.182s] [34mcolcon.colcon_core.package_identification[0m [1;30mLevel 1[0m _identify(ros2_controllers/forward_command_controller) by extension 'ros'
[0.182s] [34mcolcon.colcon_core.package_identification[0m [1;30mDEBUG[0m [32mPackage 'ros2_controllers/forward_command_controller' with type 'ros.ament_cmake' and name 'forward_command_controller'[0m
[0.182s] [34mcolcon.colcon_core.package_identification[0m [1;30mLevel 1[0m _identify(ros2_controllers/gpio_controllers) by extensions ['ignore', 'ignore_ament_install']
[0.183s] [34mcolcon.colcon_core.package_identification[0m [1;30mLevel 1[0m _identify(ros2_controllers/gpio_controllers) by extension 'ignore'
[0.183s] [34mcolcon.colcon_core.package_identification[0m [1;30mLevel 1[0m _identify(ros2_controllers/gpio_controllers) by extension 'ignore_ament_install'
[0.183s] [34mcolcon.colcon_core.package_identification[0m [1;30mLevel 1[0m _identify(ros2_controllers/gpio_controllers) by extensions ['colcon_pkg']
[0.183s] [34mcolcon.colcon_core.package_identification[0m [1;30mLevel 1[0m _identify(ros2_controllers/gpio_controllers) by extension 'colcon_pkg'
[0.183s] [34mcolcon.colcon_core.package_identification[0m [1;30mLevel 1[0m _identify(ros2_controllers/gpio_controllers) by extensions ['colcon_meta']
[0.183s] [34mcolcon.colcon_core.package_identification[0m [1;30mLevel 1[0m _identify(ros2_controllers/gpio_controllers) by extension 'colcon_meta'
[0.183s] [34mcolcon.colcon_core.package_identification[0m [1;30mLevel 1[0m _identify(ros2_controllers/gpio_controllers) by extensions ['ros']
[0.183s] [34mcolcon.colcon_core.package_identification[0m [1;30mLevel 1[0m _identify(ros2_controllers/gpio_controllers) by extension 'ros'
[0.184s] [34mcolcon.colcon_core.package_identification[0m [1;30mDEBUG[0m [32mPackage 'ros2_controllers/gpio_controllers' with type 'ros.ament_cmake' and name 'gpio_controllers'[0m
[0.184s] [34mcolcon.colcon_core.package_identification[0m [1;30mLevel 1[0m _identify(ros2_controllers/gripper_controllers) by extensions ['ignore', 'ignore_ament_install']
[0.184s] [34mcolcon.colcon_core.package_identification[0m [1;30mLevel 1[0m _identify(ros2_controllers/gripper_controllers) by extension 'ignore'
[0.184s] [34mcolcon.colcon_core.package_identification[0m [1;30mLevel 1[0m _identify(ros2_controllers/gripper_controllers) by extension 'ignore_ament_install'
[0.184s] [34mcolcon.colcon_core.package_identification[0m [1;30mLevel 1[0m _identify(ros2_controllers/gripper_controllers) by extensions ['colcon_pkg']
[0.184s] [34mcolcon.colcon_core.package_identification[0m [1;30mLevel 1[0m _identify(ros2_controllers/gripper_controllers) by extension 'colcon_pkg'
[0.184s] [34mcolcon.colcon_core.package_identification[0m [1;30mLevel 1[0m _identify(ros2_controllers/gripper_controllers) by extensions ['colcon_meta']
[0.184s] [34mcolcon.colcon_core.package_identification[0m [1;30mLevel 1[0m _identify(ros2_controllers/gripper_controllers) by extension 'colcon_meta'
[0.184s] [34mcolcon.colcon_core.package_identification[0m [1;30mLevel 1[0m _identify(ros2_controllers/gripper_controllers) by extensions ['ros']
[0.184s] [34mcolcon.colcon_core.package_identification[0m [1;30mLevel 1[0m _identify(ros2_controllers/gripper_controllers) by extension 'ros'
[0.185s] [34mcolcon.colcon_core.package_identification[0m [1;30mDEBUG[0m [32mPackage 'ros2_controllers/gripper_controllers' with type 'ros.ament_cmake' and name 'gripper_controllers'[0m
[0.185s] [34mcolcon.colcon_core.package_identification[0m [1;30mLevel 1[0m _identify(ros2_controllers/imu_sensor_broadcaster) by extensions ['ignore', 'ignore_ament_install']
[0.185s] [34mcolcon.colcon_core.package_identification[0m [1;30mLevel 1[0m _identify(ros2_controllers/imu_sensor_broadcaster) by extension 'ignore'
[0.185s] [34mcolcon.colcon_core.package_identification[0m [1;30mLevel 1[0m _identify(ros2_controllers/imu_sensor_broadcaster) by extension 'ignore_ament_install'
[0.185s] [34mcolcon.colcon_core.package_identification[0m [1;30mLevel 1[0m _identify(ros2_controllers/imu_sensor_broadcaster) by extensions ['colcon_pkg']
[0.185s] [34mcolcon.colcon_core.package_identification[0m [1;30mLevel 1[0m _identify(ros2_controllers/imu_sensor_broadcaster) by extension 'colcon_pkg'
[0.185s] [34mcolcon.colcon_core.package_identification[0m [1;30mLevel 1[0m _identify(ros2_controllers/imu_sensor_broadcaster) by extensions ['colcon_meta']
[0.185s] [34mcolcon.colcon_core.package_identification[0m [1;30mLevel 1[0m _identify(ros2_controllers/imu_sensor_broadcaster) by extension 'colcon_meta'
[0.185s] [34mcolcon.colcon_core.package_identification[0m [1;30mLevel 1[0m _identify(ros2_controllers/imu_sensor_broadcaster) by extensions ['ros']
[0.185s] [34mcolcon.colcon_core.package_identification[0m [1;30mLevel 1[0m _identify(ros2_controllers/imu_sensor_broadcaster) by extension 'ros'
[0.186s] [34mcolcon.colcon_core.package_identification[0m [1;30mDEBUG[0m [32mPackage 'ros2_controllers/imu_sensor_broadcaster' with type 'ros.ament_cmake' and name 'imu_sensor_broadcaster'[0m
[0.186s] [34mcolcon.colcon_core.package_identification[0m [1;30mLevel 1[0m _identify(ros2_controllers/joint_state_broadcaster) by extensions ['ignore', 'ignore_ament_install']
[0.186s] [34mcolcon.colcon_core.package_identification[0m [1;30mLevel 1[0m _identify(ros2_controllers/joint_state_broadcaster) by extension 'ignore'
[0.186s] [34mcolcon.colcon_core.package_identification[0m [1;30mLevel 1[0m _identify(ros2_controllers/joint_state_broadcaster) by extension 'ignore_ament_install'
[0.186s] [34mcolcon.colcon_core.package_identification[0m [1;30mLevel 1[0m _identify(ros2_controllers/joint_state_broadcaster) by extensions ['colcon_pkg']
[0.186s] [34mcolcon.colcon_core.package_identification[0m [1;30mLevel 1[0m _identify(ros2_controllers/joint_state_broadcaster) by extension 'colcon_pkg'
[0.186s] [34mcolcon.colcon_core.package_identification[0m [1;30mLevel 1[0m _identify(ros2_controllers/joint_state_broadcaster) by extensions ['colcon_meta']
[0.186s] [34mcolcon.colcon_core.package_identification[0m [1;30mLevel 1[0m _identify(ros2_controllers/joint_state_broadcaster) by extension 'colcon_meta'
[0.186s] [34mcolcon.colcon_core.package_identification[0m [1;30mLevel 1[0m _identify(ros2_controllers/joint_state_broadcaster) by extensions ['ros']
[0.186s] [34mcolcon.colcon_core.package_identification[0m [1;30mLevel 1[0m _identify(ros2_controllers/joint_state_broadcaster) by extension 'ros'
[0.187s] [34mcolcon.colcon_core.package_identification[0m [1;30mDEBUG[0m [32mPackage 'ros2_controllers/joint_state_broadcaster' with type 'ros.ament_cmake' and name 'joint_state_broadcaster'[0m
[0.187s] [34mcolcon.colcon_core.package_identification[0m [1;30mLevel 1[0m _identify(ros2_controllers/joint_trajectory_controller) by extensions ['ignore', 'ignore_ament_install']
[0.187s] [34mcolcon.colcon_core.package_identification[0m [1;30mLevel 1[0m _identify(ros2_controllers/joint_trajectory_controller) by extension 'ignore'
[0.187s] [34mcolcon.colcon_core.package_identification[0m [1;30mLevel 1[0m _identify(ros2_controllers/joint_trajectory_controller) by extension 'ignore_ament_install'
[0.187s] [34mcolcon.colcon_core.package_identification[0m [1;30mLevel 1[0m _identify(ros2_controllers/joint_trajectory_controller) by extensions ['colcon_pkg']
[0.187s] [34mcolcon.colcon_core.package_identification[0m [1;30mLevel 1[0m _identify(ros2_controllers/joint_trajectory_controller) by extension 'colcon_pkg'
[0.187s] [34mcolcon.colcon_core.package_identification[0m [1;30mLevel 1[0m _identify(ros2_controllers/joint_trajectory_controller) by extensions ['colcon_meta']
[0.187s] [34mcolcon.colcon_core.package_identification[0m [1;30mLevel 1[0m _identify(ros2_controllers/joint_trajectory_controller) by extension 'colcon_meta'
[0.187s] [34mcolcon.colcon_core.package_identification[0m [1;30mLevel 1[0m _identify(ros2_controllers/joint_trajectory_controller) by extensions ['ros']
[0.187s] [34mcolcon.colcon_core.package_identification[0m [1;30mLevel 1[0m _identify(ros2_controllers/joint_trajectory_controller) by extension 'ros'
[0.188s] [34mcolcon.colcon_core.package_identification[0m [1;30mDEBUG[0m [32mPackage 'ros2_controllers/joint_trajectory_controller' with type 'ros.ament_cmake' and name 'joint_trajectory_controller'[0m
[0.189s] [34mcolcon.colcon_core.package_identification[0m [1;30mLevel 1[0m _identify(ros2_controllers/mecanum_drive_controller) by extensions ['ignore', 'ignore_ament_install']
[0.189s] [34mcolcon.colcon_core.package_identification[0m [1;30mLevel 1[0m _identify(ros2_controllers/mecanum_drive_controller) by extension 'ignore'
[0.189s] [34mcolcon.colcon_core.package_identification[0m [1;30mLevel 1[0m _identify(ros2_controllers/mecanum_drive_controller) by extension 'ignore_ament_install'
[0.189s] [34mcolcon.colcon_core.package_identification[0m [1;30mLevel 1[0m _identify(ros2_controllers/mecanum_drive_controller) by extensions ['colcon_pkg']
[0.189s] [34mcolcon.colcon_core.package_identification[0m [1;30mLevel 1[0m _identify(ros2_controllers/mecanum_drive_controller) by extension 'colcon_pkg'
[0.189s] [34mcolcon.colcon_core.package_identification[0m [1;30mLevel 1[0m _identify(ros2_controllers/mecanum_drive_controller) by extensions ['colcon_meta']
[0.189s] [34mcolcon.colcon_core.package_identification[0m [1;30mLevel 1[0m _identify(ros2_controllers/mecanum_drive_controller) by extension 'colcon_meta'
[0.189s] [34mcolcon.colcon_core.package_identification[0m [1;30mLevel 1[0m _identify(ros2_controllers/mecanum_drive_controller) by extensions ['ros']
[0.189s] [34mcolcon.colcon_core.package_identification[0m [1;30mLevel 1[0m _identify(ros2_controllers/mecanum_drive_controller) by extension 'ros'
[0.190s] [34mcolcon.colcon_core.package_identification[0m [1;30mDEBUG[0m [32mPackage 'ros2_controllers/mecanum_drive_controller' with type 'ros.ament_cmake' and name 'mecanum_drive_controller'[0m
[0.190s] [34mcolcon.colcon_core.package_identification[0m [1;30mLevel 1[0m _identify(ros2_controllers/pid_controller) by extensions ['ignore', 'ignore_ament_install']
[0.190s] [34mcolcon.colcon_core.package_identification[0m [1;30mLevel 1[0m _identify(ros2_controllers/pid_controller) by extension 'ignore'
[0.190s] [34mcolcon.colcon_core.package_identification[0m [1;30mLevel 1[0m _identify(ros2_controllers/pid_controller) by extension 'ignore_ament_install'
[0.190s] [34mcolcon.colcon_core.package_identification[0m [1;30mLevel 1[0m _identify(ros2_controllers/pid_controller) by extensions ['colcon_pkg']
[0.190s] [34mcolcon.colcon_core.package_identification[0m [1;30mLevel 1[0m _identify(ros2_controllers/pid_controller) by extension 'colcon_pkg'
[0.190s] [34mcolcon.colcon_core.package_identification[0m [1;30mLevel 1[0m _identify(ros2_controllers/pid_controller) by extensions ['colcon_meta']
[0.190s] [34mcolcon.colcon_core.package_identification[0m [1;30mLevel 1[0m _identify(ros2_controllers/pid_controller) by extension 'colcon_meta'
[0.190s] [34mcolcon.colcon_core.package_identification[0m [1;30mLevel 1[0m _identify(ros2_controllers/pid_controller) by extensions ['ros']
[0.190s] [34mcolcon.colcon_core.package_identification[0m [1;30mLevel 1[0m _identify(ros2_controllers/pid_controller) by extension 'ros'
[0.191s] [34mcolcon.colcon_core.package_identification[0m [1;30mDEBUG[0m [32mPackage 'ros2_controllers/pid_controller' with type 'ros.ament_cmake' and name 'pid_controller'[0m
[0.191s] [34mcolcon.colcon_core.package_identification[0m [1;30mLevel 1[0m _identify(ros2_controllers/pose_broadcaster) by extensions ['ignore', 'ignore_ament_install']
[0.191s] [34mcolcon.colcon_core.package_identification[0m [1;30mLevel 1[0m _identify(ros2_controllers/pose_broadcaster) by extension 'ignore'
[0.191s] [34mcolcon.colcon_core.package_identification[0m [1;30mLevel 1[0m _identify(ros2_controllers/pose_broadcaster) by extension 'ignore_ament_install'
[0.191s] [34mcolcon.colcon_core.package_identification[0m [1;30mLevel 1[0m _identify(ros2_controllers/pose_broadcaster) by extensions ['colcon_pkg']
[0.191s] [34mcolcon.colcon_core.package_identification[0m [1;30mLevel 1[0m _identify(ros2_controllers/pose_broadcaster) by extension 'colcon_pkg'
[0.191s] [34mcolcon.colcon_core.package_identification[0m [1;30mLevel 1[0m _identify(ros2_controllers/pose_broadcaster) by extensions ['colcon_meta']
[0.192s] [34mcolcon.colcon_core.package_identification[0m [1;30mLevel 1[0m _identify(ros2_controllers/pose_broadcaster) by extension 'colcon_meta'
[0.192s] [34mcolcon.colcon_core.package_identification[0m [1;30mLevel 1[0m _identify(ros2_controllers/pose_broadcaster) by extensions ['ros']
[0.192s] [34mcolcon.colcon_core.package_identification[0m [1;30mLevel 1[0m _identify(ros2_controllers/pose_broadcaster) by extension 'ros'
[0.192s] [34mcolcon.colcon_core.package_identification[0m [1;30mDEBUG[0m [32mPackage 'ros2_controllers/pose_broadcaster' with type 'ros.ament_cmake' and name 'pose_broadcaster'[0m
[0.192s] [34mcolcon.colcon_core.package_identification[0m [1;30mLevel 1[0m _identify(ros2_controllers/position_controllers) by extensions ['ignore', 'ignore_ament_install']
[0.193s] [34mcolcon.colcon_core.package_identification[0m [1;30mLevel 1[0m _identify(ros2_controllers/position_controllers) by extension 'ignore'
[0.193s] [34mcolcon.colcon_core.package_identification[0m [1;30mLevel 1[0m _identify(ros2_controllers/position_controllers) by extension 'ignore_ament_install'
[0.193s] [34mcolcon.colcon_core.package_identification[0m [1;30mLevel 1[0m _identify(ros2_controllers/position_controllers) by extensions ['colcon_pkg']
[0.193s] [34mcolcon.colcon_core.package_identification[0m [1;30mLevel 1[0m _identify(ros2_controllers/position_controllers) by extension 'colcon_pkg'
[0.193s] [34mcolcon.colcon_core.package_identification[0m [1;30mLevel 1[0m _identify(ros2_controllers/position_controllers) by extensions ['colcon_meta']
[0.193s] [34mcolcon.colcon_core.package_identification[0m [1;30mLevel 1[0m _identify(ros2_controllers/position_controllers) by extension 'colcon_meta'
[0.193s] [34mcolcon.colcon_core.package_identification[0m [1;30mLevel 1[0m _identify(ros2_controllers/position_controllers) by extensions ['ros']
[0.193s] [34mcolcon.colcon_core.package_identification[0m [1;30mLevel 1[0m _identify(ros2_controllers/position_controllers) by extension 'ros'
[0.194s] [34mcolcon.colcon_core.package_identification[0m [1;30mDEBUG[0m [32mPackage 'ros2_controllers/position_controllers' with type 'ros.ament_cmake' and name 'position_controllers'[0m
[0.194s] [34mcolcon.colcon_core.package_identification[0m [1;30mLevel 1[0m _identify(ros2_controllers/range_sensor_broadcaster) by extensions ['ignore', 'ignore_ament_install']
[0.194s] [34mcolcon.colcon_core.package_identification[0m [1;30mLevel 1[0m _identify(ros2_controllers/range_sensor_broadcaster) by extension 'ignore'
[0.194s] [34mcolcon.colcon_core.package_identification[0m [1;30mLevel 1[0m _identify(ros2_controllers/range_sensor_broadcaster) by extension 'ignore_ament_install'
[0.194s] [34mcolcon.colcon_core.package_identification[0m [1;30mLevel 1[0m _identify(ros2_controllers/range_sensor_broadcaster) by extensions ['colcon_pkg']
[0.194s] [34mcolcon.colcon_core.package_identification[0m [1;30mLevel 1[0m _identify(ros2_controllers/range_sensor_broadcaster) by extension 'colcon_pkg'
[0.194s] [34mcolcon.colcon_core.package_identification[0m [1;30mLevel 1[0m _identify(ros2_controllers/range_sensor_broadcaster) by extensions ['colcon_meta']
[0.194s] [34mcolcon.colcon_core.package_identification[0m [1;30mLevel 1[0m _identify(ros2_controllers/range_sensor_broadcaster) by extension 'colcon_meta'
[0.194s] [34mcolcon.colcon_core.package_identification[0m [1;30mLevel 1[0m _identify(ros2_controllers/range_sensor_broadcaster) by extensions ['ros']
[0.194s] [34mcolcon.colcon_core.package_identification[0m [1;30mLevel 1[0m _identify(ros2_controllers/range_sensor_broadcaster) by extension 'ros'
[0.195s] [34mcolcon.colcon_core.package_identification[0m [1;30mDEBUG[0m [32mPackage 'ros2_controllers/range_sensor_broadcaster' with type 'ros.ament_cmake' and name 'range_sensor_broadcaster'[0m
[0.195s] [34mcolcon.colcon_core.package_identification[0m [1;30mLevel 1[0m _identify(ros2_controllers/ros2_controllers) by extensions ['ignore', 'ignore_ament_install']
[0.195s] [34mcolcon.colcon_core.package_identification[0m [1;30mLevel 1[0m _identify(ros2_controllers/ros2_controllers) by extension 'ignore'
[0.195s] [34mcolcon.colcon_core.package_identification[0m [1;30mLevel 1[0m _identify(ros2_controllers/ros2_controllers) by extension 'ignore_ament_install'
[0.195s] [34mcolcon.colcon_core.package_identification[0m [1;30mLevel 1[0m _identify(ros2_controllers/ros2_controllers) by extensions ['colcon_pkg']
[0.195s] [34mcolcon.colcon_core.package_identification[0m [1;30mLevel 1[0m _identify(ros2_controllers/ros2_controllers) by extension 'colcon_pkg'
[0.195s] [34mcolcon.colcon_core.package_identification[0m [1;30mLevel 1[0m _identify(ros2_controllers/ros2_controllers) by extensions ['colcon_meta']
[0.195s] [34mcolcon.colcon_core.package_identification[0m [1;30mLevel 1[0m _identify(ros2_controllers/ros2_controllers) by extension 'colcon_meta'
[0.195s] [34mcolcon.colcon_core.package_identification[0m [1;30mLevel 1[0m _identify(ros2_controllers/ros2_controllers) by extensions ['ros']
[0.195s] [34mcolcon.colcon_core.package_identification[0m [1;30mLevel 1[0m _identify(ros2_controllers/ros2_controllers) by extension 'ros'
[0.196s] [34mcolcon.colcon_core.package_identification[0m [1;30mDEBUG[0m [32mPackage 'ros2_controllers/ros2_controllers' with type 'ros.ament_cmake' and name 'ros2_controllers'[0m
[0.196s] [34mcolcon.colcon_core.package_identification[0m [1;30mLevel 1[0m _identify(ros2_controllers/ros2_controllers_test_nodes) by extensions ['ignore', 'ignore_ament_install']
[0.196s] [34mcolcon.colcon_core.package_identification[0m [1;30mLevel 1[0m _identify(ros2_controllers/ros2_controllers_test_nodes) by extension 'ignore'
[0.196s] [34mcolcon.colcon_core.package_identification[0m [1;30mLevel 1[0m _identify(ros2_controllers/ros2_controllers_test_nodes) ignored
[0.196s] [34mcolcon.colcon_core.package_identification[0m [1;30mLevel 1[0m _identify(ros2_controllers/rqt_joint_trajectory_controller) by extensions ['ignore', 'ignore_ament_install']
[0.196s] [34mcolcon.colcon_core.package_identification[0m [1;30mLevel 1[0m _identify(ros2_controllers/rqt_joint_trajectory_controller) by extension 'ignore'
[0.196s] [34mcolcon.colcon_core.package_identification[0m [1;30mLevel 1[0m _identify(ros2_controllers/rqt_joint_trajectory_controller) ignored
[0.196s] [34mcolcon.colcon_core.package_identification[0m [1;30mLevel 1[0m _identify(ros2_controllers/steering_controllers_library) by extensions ['ignore', 'ignore_ament_install']
[0.196s] [34mcolcon.colcon_core.package_identification[0m [1;30mLevel 1[0m _identify(ros2_controllers/steering_controllers_library) by extension 'ignore'
[0.196s] [34mcolcon.colcon_core.package_identification[0m [1;30mLevel 1[0m _identify(ros2_controllers/steering_controllers_library) by extension 'ignore_ament_install'
[0.196s] [34mcolcon.colcon_core.package_identification[0m [1;30mLevel 1[0m _identify(ros2_controllers/steering_controllers_library) by extensions ['colcon_pkg']
[0.196s] [34mcolcon.colcon_core.package_identification[0m [1;30mLevel 1[0m _identify(ros2_controllers/steering_controllers_library) by extension 'colcon_pkg'
[0.196s] [34mcolcon.colcon_core.package_identification[0m [1;30mLevel 1[0m _identify(ros2_controllers/steering_controllers_library) by extensions ['colcon_meta']
[0.196s] [34mcolcon.colcon_core.package_identification[0m [1;30mLevel 1[0m _identify(ros2_controllers/steering_controllers_library) by extension 'colcon_meta'
[0.196s] [34mcolcon.colcon_core.package_identification[0m [1;30mLevel 1[0m _identify(ros2_controllers/steering_controllers_library) by extensions ['ros']
[0.196s] [34mcolcon.colcon_core.package_identification[0m [1;30mLevel 1[0m _identify(ros2_controllers/steering_controllers_library) by extension 'ros'
[0.205s] [34mcolcon.colcon_core.package_identification[0m [1;30mDEBUG[0m [32mPackage 'ros2_controllers/steering_controllers_library' with type 'ros.ament_cmake' and name 'steering_controllers_library'[0m
[0.205s] [34mcolcon.colcon_core.package_identification[0m [1;30mLevel 1[0m _identify(ros2_controllers/tricycle_controller) by extensions ['ignore', 'ignore_ament_install']
[0.205s] [34mcolcon.colcon_core.package_identification[0m [1;30mLevel 1[0m _identify(ros2_controllers/tricycle_controller) by extension 'ignore'
[0.205s] [34mcolcon.colcon_core.package_identification[0m [1;30mLevel 1[0m _identify(ros2_controllers/tricycle_controller) by extension 'ignore_ament_install'
[0.205s] [34mcolcon.colcon_core.package_identification[0m [1;30mLevel 1[0m _identify(ros2_controllers/tricycle_controller) by extensions ['colcon_pkg']
[0.205s] [34mcolcon.colcon_core.package_identification[0m [1;30mLevel 1[0m _identify(ros2_controllers/tricycle_controller) by extension 'colcon_pkg'
[0.205s] [34mcolcon.colcon_core.package_identification[0m [1;30mLevel 1[0m _identify(ros2_controllers/tricycle_controller) by extensions ['colcon_meta']
[0.205s] [34mcolcon.colcon_core.package_identification[0m [1;30mLevel 1[0m _identify(ros2_controllers/tricycle_controller) by extension 'colcon_meta'
[0.205s] [34mcolcon.colcon_core.package_identification[0m [1;30mLevel 1[0m _identify(ros2_controllers/tricycle_controller) by extensions ['ros']
[0.205s] [34mcolcon.colcon_core.package_identification[0m [1;30mLevel 1[0m _identify(ros2_controllers/tricycle_controller) by extension 'ros'
[0.206s] [34mcolcon.colcon_core.package_identification[0m [1;30mDEBUG[0m [32mPackage 'ros2_controllers/tricycle_controller' with type 'ros.ament_cmake' and name 'tricycle_controller'[0m
[0.206s] [34mcolcon.colcon_core.package_identification[0m [1;30mLevel 1[0m _identify(ros2_controllers/tricycle_steering_controller) by extensions ['ignore', 'ignore_ament_install']
[0.206s] [34mcolcon.colcon_core.package_identification[0m [1;30mLevel 1[0m _identify(ros2_controllers/tricycle_steering_controller) by extension 'ignore'
[0.206s] [34mcolcon.colcon_core.package_identification[0m [1;30mLevel 1[0m _identify(ros2_controllers/tricycle_steering_controller) by extension 'ignore_ament_install'
[0.206s] [34mcolcon.colcon_core.package_identification[0m [1;30mLevel 1[0m _identify(ros2_controllers/tricycle_steering_controller) by extensions ['colcon_pkg']
[0.206s] [34mcolcon.colcon_core.package_identification[0m [1;30mLevel 1[0m _identify(ros2_controllers/tricycle_steering_controller) by extension 'colcon_pkg'
[0.206s] [34mcolcon.colcon_core.package_identification[0m [1;30mLevel 1[0m _identify(ros2_controllers/tricycle_steering_controller) by extensions ['colcon_meta']
[0.206s] [34mcolcon.colcon_core.package_identification[0m [1;30mLevel 1[0m _identify(ros2_controllers/tricycle_steering_controller) by extension 'colcon_meta'
[0.206s] [34mcolcon.colcon_core.package_identification[0m [1;30mLevel 1[0m _identify(ros2_controllers/tricycle_steering_controller) by extensions ['ros']
[0.206s] [34mcolcon.colcon_core.package_identification[0m [1;30mLevel 1[0m _identify(ros2_controllers/tricycle_steering_controller) by extension 'ros'
[0.207s] [34mcolcon.colcon_core.package_identification[0m [1;30mDEBUG[0m [32mPackage 'ros2_controllers/tricycle_steering_controller' with type 'ros.ament_cmake' and name 'tricycle_steering_controller'[0m
[0.207s] [34mcolcon.colcon_core.package_identification[0m [1;30mLevel 1[0m _identify(ros2_controllers/velocity_controllers) by extensions ['ignore', 'ignore_ament_install']
[0.207s] [34mcolcon.colcon_core.package_identification[0m [1;30mLevel 1[0m _identify(ros2_controllers/velocity_controllers) by extension 'ignore'
[0.207s] [34mcolcon.colcon_core.package_identification[0m [1;30mLevel 1[0m _identify(ros2_controllers/velocity_controllers) by extension 'ignore_ament_install'
[0.207s] [34mcolcon.colcon_core.package_identification[0m [1;30mLevel 1[0m _identify(ros2_controllers/velocity_controllers) by extensions ['colcon_pkg']
[0.207s] [34mcolcon.colcon_core.package_identification[0m [1;30mLevel 1[0m _identify(ros2_controllers/velocity_controllers) by extension 'colcon_pkg'
[0.207s] [34mcolcon.colcon_core.package_identification[0m [1;30mLevel 1[0m _identify(ros2_controllers/velocity_controllers) by extensions ['colcon_meta']
[0.207s] [34mcolcon.colcon_core.package_identification[0m [1;30mLevel 1[0m _identify(ros2_controllers/velocity_controllers) by extension 'colcon_meta'
[0.207s] [34mcolcon.colcon_core.package_identification[0m [1;30mLevel 1[0m _identify(ros2_controllers/velocity_controllers) by extensions ['ros']
[0.207s] [34mcolcon.colcon_core.package_identification[0m [1;30mLevel 1[0m _identify(ros2_controllers/velocity_controllers) by extension 'ros'
[0.208s] [34mcolcon.colcon_core.package_identification[0m [1;30mDEBUG[0m [32mPackage 'ros2_controllers/velocity_controllers' with type 'ros.ament_cmake' and name 'velocity_controllers'[0m
[0.208s] [34mcolcon.colcon_core.package_identification[0m [1;30mLevel 1[0m _identify(ros2_robotiq_gripper) by extensions ['ignore', 'ignore_ament_install']
[0.208s] [34mcolcon.colcon_core.package_identification[0m [1;30mLevel 1[0m _identify(ros2_robotiq_gripper) by extension 'ignore'
[0.208s] [34mcolcon.colcon_core.package_identification[0m [1;30mLevel 1[0m _identify(ros2_robotiq_gripper) by extension 'ignore_ament_install'
[0.208s] [34mcolcon.colcon_core.package_identification[0m [1;30mLevel 1[0m _identify(ros2_robotiq_gripper) by extensions ['colcon_pkg']
[0.208s] [34mcolcon.colcon_core.package_identification[0m [1;30mLevel 1[0m _identify(ros2_robotiq_gripper) by extension 'colcon_pkg'
[0.208s] [34mcolcon.colcon_core.package_identification[0m [1;30mLevel 1[0m _identify(ros2_robotiq_gripper) by extensions ['colcon_meta']
[0.208s] [34mcolcon.colcon_core.package_identification[0m [1;30mLevel 1[0m _identify(ros2_robotiq_gripper) by extension 'colcon_meta'
[0.208s] [34mcolcon.colcon_core.package_identification[0m [1;30mLevel 1[0m _identify(ros2_robotiq_gripper) by extensions ['ros']
[0.208s] [34mcolcon.colcon_core.package_identification[0m [1;30mLevel 1[0m _identify(ros2_robotiq_gripper) by extension 'ros'
[0.208s] [34mcolcon.colcon_core.package_identification[0m [1;30mLevel 1[0m _identify(ros2_robotiq_gripper) by extensions ['cmake', 'python']
[0.208s] [34mcolcon.colcon_core.package_identification[0m [1;30mLevel 1[0m _identify(ros2_robotiq_gripper) by extension 'cmake'
[0.208s] [34mcolcon.colcon_core.package_identification[0m [1;30mLevel 1[0m _identify(ros2_robotiq_gripper) by extension 'python'
[0.208s] [34mcolcon.colcon_core.package_identification[0m [1;30mLevel 1[0m _identify(ros2_robotiq_gripper) by extensions ['python_setup_py']
[0.208s] [34mcolcon.colcon_core.package_identification[0m [1;30mLevel 1[0m _identify(ros2_robotiq_gripper) by extension 'python_setup_py'
[0.208s] [34mcolcon.colcon_core.package_identification[0m [1;30mLevel 1[0m _identify(ros2_robotiq_gripper/robotiq_controllers) by extensions ['ignore', 'ignore_ament_install']
[0.208s] [34mcolcon.colcon_core.package_identification[0m [1;30mLevel 1[0m _identify(ros2_robotiq_gripper/robotiq_controllers) by extension 'ignore'
[0.208s] [34mcolcon.colcon_core.package_identification[0m [1;30mLevel 1[0m _identify(ros2_robotiq_gripper/robotiq_controllers) by extension 'ignore_ament_install'
[0.208s] [34mcolcon.colcon_core.package_identification[0m [1;30mLevel 1[0m _identify(ros2_robotiq_gripper/robotiq_controllers) by extensions ['colcon_pkg']
[0.208s] [34mcolcon.colcon_core.package_identification[0m [1;30mLevel 1[0m _identify(ros2_robotiq_gripper/robotiq_controllers) by extension 'colcon_pkg'
[0.209s] [34mcolcon.colcon_core.package_identification[0m [1;30mLevel 1[0m _identify(ros2_robotiq_gripper/robotiq_controllers) by extensions ['colcon_meta']
[0.209s] [34mcolcon.colcon_core.package_identification[0m [1;30mLevel 1[0m _identify(ros2_robotiq_gripper/robotiq_controllers) by extension 'colcon_meta'
[0.209s] [34mcolcon.colcon_core.package_identification[0m [1;30mLevel 1[0m _identify(ros2_robotiq_gripper/robotiq_controllers) by extensions ['ros']
[0.209s] [34mcolcon.colcon_core.package_identification[0m [1;30mLevel 1[0m _identify(ros2_robotiq_gripper/robotiq_controllers) by extension 'ros'
[0.209s] [34mcolcon.colcon_core.package_identification[0m [1;30mDEBUG[0m [32mPackage 'ros2_robotiq_gripper/robotiq_controllers' with type 'ros.ament_cmake' and name 'robotiq_controllers'[0m
[0.209s] [34mcolcon.colcon_core.package_identification[0m [1;30mLevel 1[0m _identify(ros2_robotiq_gripper/robotiq_description) by extensions ['ignore', 'ignore_ament_install']
[0.209s] [34mcolcon.colcon_core.package_identification[0m [1;30mLevel 1[0m _identify(ros2_robotiq_gripper/robotiq_description) by extension 'ignore'
[0.209s] [34mcolcon.colcon_core.package_identification[0m [1;30mLevel 1[0m _identify(ros2_robotiq_gripper/robotiq_description) by extension 'ignore_ament_install'
[0.209s] [34mcolcon.colcon_core.package_identification[0m [1;30mLevel 1[0m _identify(ros2_robotiq_gripper/robotiq_description) by extensions ['colcon_pkg']
[0.209s] [34mcolcon.colcon_core.package_identification[0m [1;30mLevel 1[0m _identify(ros2_robotiq_gripper/robotiq_description) by extension 'colcon_pkg'
[0.209s] [34mcolcon.colcon_core.package_identification[0m [1;30mLevel 1[0m _identify(ros2_robotiq_gripper/robotiq_description) by extensions ['colcon_meta']
[0.209s] [34mcolcon.colcon_core.package_identification[0m [1;30mLevel 1[0m _identify(ros2_robotiq_gripper/robotiq_description) by extension 'colcon_meta'
[0.209s] [34mcolcon.colcon_core.package_identification[0m [1;30mLevel 1[0m _identify(ros2_robotiq_gripper/robotiq_description) by extensions ['ros']
[0.209s] [34mcolcon.colcon_core.package_identification[0m [1;30mLevel 1[0m _identify(ros2_robotiq_gripper/robotiq_description) by extension 'ros'
[0.210s] [34mcolcon.colcon_core.package_identification[0m [1;30mDEBUG[0m [32mPackage 'ros2_robotiq_gripper/robotiq_description' with type 'ros.ament_cmake' and name 'robotiq_description'[0m
[0.210s] [34mcolcon.colcon_core.package_identification[0m [1;30mLevel 1[0m _identify(ros2_robotiq_gripper/robotiq_driver) by extensions ['ignore', 'ignore_ament_install']
[0.210s] [34mcolcon.colcon_core.package_identification[0m [1;30mLevel 1[0m _identify(ros2_robotiq_gripper/robotiq_driver) by extension 'ignore'
[0.210s] [34mcolcon.colcon_core.package_identification[0m [1;30mLevel 1[0m _identify(ros2_robotiq_gripper/robotiq_driver) by extension 'ignore_ament_install'
[0.210s] [34mcolcon.colcon_core.package_identification[0m [1;30mLevel 1[0m _identify(ros2_robotiq_gripper/robotiq_driver) by extensions ['colcon_pkg']
[0.210s] [34mcolcon.colcon_core.package_identification[0m [1;30mLevel 1[0m _identify(ros2_robotiq_gripper/robotiq_driver) by extension 'colcon_pkg'
[0.210s] [34mcolcon.colcon_core.package_identification[0m [1;30mLevel 1[0m _identify(ros2_robotiq_gripper/robotiq_driver) by extensions ['colcon_meta']
[0.210s] [34mcolcon.colcon_core.package_identification[0m [1;30mLevel 1[0m _identify(ros2_robotiq_gripper/robotiq_driver) by extension 'colcon_meta'
[0.210s] [34mcolcon.colcon_core.package_identification[0m [1;30mLevel 1[0m _identify(ros2_robotiq_gripper/robotiq_driver) by extensions ['ros']
[0.210s] [34mcolcon.colcon_core.package_identification[0m [1;30mLevel 1[0m _identify(ros2_robotiq_gripper/robotiq_driver) by extension 'ros'
[0.211s] [34mcolcon.colcon_core.package_identification[0m [1;30mDEBUG[0m [32mPackage 'ros2_robotiq_gripper/robotiq_driver' with type 'ros.ament_cmake' and name 'robotiq_driver'[0m
[0.211s] [34mcolcon.colcon_core.package_identification[0m [1;30mLevel 1[0m _identify(ros2_robotiq_gripper/robotiq_hardware_tests) by extensions ['ignore', 'ignore_ament_install']
[0.211s] [34mcolcon.colcon_core.package_identification[0m [1;30mLevel 1[0m _identify(ros2_robotiq_gripper/robotiq_hardware_tests) by extension 'ignore'
[0.211s] [34mcolcon.colcon_core.package_identification[0m [1;30mLevel 1[0m _identify(ros2_robotiq_gripper/robotiq_hardware_tests) by extension 'ignore_ament_install'
[0.211s] [34mcolcon.colcon_core.package_identification[0m [1;30mLevel 1[0m _identify(ros2_robotiq_gripper/robotiq_hardware_tests) by extensions ['colcon_pkg']
[0.211s] [34mcolcon.colcon_core.package_identification[0m [1;30mLevel 1[0m _identify(ros2_robotiq_gripper/robotiq_hardware_tests) by extension 'colcon_pkg'
[0.211s] [34mcolcon.colcon_core.package_identification[0m [1;30mLevel 1[0m _identify(ros2_robotiq_gripper/robotiq_hardware_tests) by extensions ['colcon_meta']
[0.211s] [34mcolcon.colcon_core.package_identification[0m [1;30mLevel 1[0m _identify(ros2_robotiq_gripper/robotiq_hardware_tests) by extension 'colcon_meta'
[0.211s] [34mcolcon.colcon_core.package_identification[0m [1;30mLevel 1[0m _identify(ros2_robotiq_gripper/robotiq_hardware_tests) by extensions ['ros']
[0.211s] [34mcolcon.colcon_core.package_identification[0m [1;30mLevel 1[0m _identify(ros2_robotiq_gripper/robotiq_hardware_tests) by extension 'ros'
[0.211s] [34mcolcon.colcon_core.package_identification[0m [1;30mDEBUG[0m [32mPackage 'ros2_robotiq_gripper/robotiq_hardware_tests' with type 'ros.ament_cmake' and name 'robotiq_hardware_tests'[0m
[0.211s] [34mcolcon.colcon_core.package_identification[0m [1;30mLevel 1[0m _identify(ros2srrc_data) by extensions ['ignore', 'ignore_ament_install']
[0.212s] [34mcolcon.colcon_core.package_identification[0m [1;30mLevel 1[0m _identify(ros2srrc_data) by extension 'ignore'
[0.212s] [34mcolcon.colcon_core.package_identification[0m [1;30mLevel 1[0m _identify(ros2srrc_data) by extension 'ignore_ament_install'
[0.212s] [34mcolcon.colcon_core.package_identification[0m [1;30mLevel 1[0m _identify(ros2srrc_data) by extensions ['colcon_pkg']
[0.212s] [34mcolcon.colcon_core.package_identification[0m [1;30mLevel 1[0m _identify(ros2srrc_data) by extension 'colcon_pkg'
[0.212s] [34mcolcon.colcon_core.package_identification[0m [1;30mLevel 1[0m _identify(ros2srrc_data) by extensions ['colcon_meta']
[0.212s] [34mcolcon.colcon_core.package_identification[0m [1;30mLevel 1[0m _identify(ros2srrc_data) by extension 'colcon_meta'
[0.212s] [34mcolcon.colcon_core.package_identification[0m [1;30mLevel 1[0m _identify(ros2srrc_data) by extensions ['ros']
[0.212s] [34mcolcon.colcon_core.package_identification[0m [1;30mLevel 1[0m _identify(ros2srrc_data) by extension 'ros'
[0.212s] [34mcolcon.colcon_core.package_identification[0m [1;30mDEBUG[0m [32mPackage 'ros2srrc_data' with type 'ros.ament_cmake' and name 'ros2srrc_data'[0m
[0.212s] [34mcolcon.colcon_core.package_identification[0m [1;30mLevel 1[0m _identify(ros2srrc_endeffectors) by extensions ['ignore', 'ignore_ament_install']
[0.212s] [34mcolcon.colcon_core.package_identification[0m [1;30mLevel 1[0m _identify(ros2srrc_endeffectors) by extension 'ignore'
[0.212s] [34mcolcon.colcon_core.package_identification[0m [1;30mLevel 1[0m _identify(ros2srrc_endeffectors) by extension 'ignore_ament_install'
[0.212s] [34mcolcon.colcon_core.package_identification[0m [1;30mLevel 1[0m _identify(ros2srrc_endeffectors) by extensions ['colcon_pkg']
[0.212s] [34mcolcon.colcon_core.package_identification[0m [1;30mLevel 1[0m _identify(ros2srrc_endeffectors) by extension 'colcon_pkg'
[0.212s] [34mcolcon.colcon_core.package_identification[0m [1;30mLevel 1[0m _identify(ros2srrc_endeffectors) by extensions ['colcon_meta']
[0.212s] [34mcolcon.colcon_core.package_identification[0m [1;30mLevel 1[0m _identify(ros2srrc_endeffectors) by extension 'colcon_meta'
[0.212s] [34mcolcon.colcon_core.package_identification[0m [1;30mLevel 1[0m _identify(ros2srrc_endeffectors) by extensions ['ros']
[0.212s] [34mcolcon.colcon_core.package_identification[0m [1;30mLevel 1[0m _identify(ros2srrc_endeffectors) by extension 'ros'
[0.213s] [34mcolcon.colcon_core.package_identification[0m [1;30mDEBUG[0m [32mPackage 'ros2srrc_endeffectors' with type 'ros.ament_cmake' and name 'ros2srrc_endeffectors'[0m
[0.213s] [34mcolcon.colcon_core.package_identification[0m [1;30mLevel 1[0m _identify(ros2srrc_execution) by extensions ['ignore', 'ignore_ament_install']
[0.213s] [34mcolcon.colcon_core.package_identification[0m [1;30mLevel 1[0m _identify(ros2srrc_execution) by extension 'ignore'
[0.213s] [34mcolcon.colcon_core.package_identification[0m [1;30mLevel 1[0m _identify(ros2srrc_execution) by extension 'ignore_ament_install'
[0.213s] [34mcolcon.colcon_core.package_identification[0m [1;30mLevel 1[0m _identify(ros2srrc_execution) by extensions ['colcon_pkg']
[0.213s] [34mcolcon.colcon_core.package_identification[0m [1;30mLevel 1[0m _identify(ros2srrc_execution) by extension 'colcon_pkg'
[0.213s] [34mcolcon.colcon_core.package_identification[0m [1;30mLevel 1[0m _identify(ros2srrc_execution) by extensions ['colcon_meta']
[0.213s] [34mcolcon.colcon_core.package_identification[0m [1;30mLevel 1[0m _identify(ros2srrc_execution) by extension 'colcon_meta'
[0.213s] [34mcolcon.colcon_core.package_identification[0m [1;30mLevel 1[0m _identify(ros2srrc_execution) by extensions ['ros']
[0.213s] [34mcolcon.colcon_core.package_identification[0m [1;30mLevel 1[0m _identify(ros2srrc_execution) by extension 'ros'
[0.214s] [34mcolcon.colcon_core.package_identification[0m [1;30mDEBUG[0m [32mPackage 'ros2srrc_execution' with type 'ros.ament_cmake' and name 'ros2srrc_execution'[0m
[0.214s] [34mcolcon.colcon_core.package_identification[0m [1;30mLevel 1[0m _identify(ros2srrc_gazebo) by extensions ['ignore', 'ignore_ament_install']
[0.214s] [34mcolcon.colcon_core.package_identification[0m [1;30mLevel 1[0m _identify(ros2srrc_gazebo) by extension 'ignore'
[0.214s] [34mcolcon.colcon_core.package_identification[0m [1;30mLevel 1[0m _identify(ros2srrc_gazebo) by extension 'ignore_ament_install'
[0.214s] [34mcolcon.colcon_core.package_identification[0m [1;30mLevel 1[0m _identify(ros2srrc_gazebo) by extensions ['colcon_pkg']
[0.214s] [34mcolcon.colcon_core.package_identification[0m [1;30mLevel 1[0m _identify(ros2srrc_gazebo) by extension 'colcon_pkg'
[0.214s] [34mcolcon.colcon_core.package_identification[0m [1;30mLevel 1[0m _identify(ros2srrc_gazebo) by extensions ['colcon_meta']
[0.214s] [34mcolcon.colcon_core.package_identification[0m [1;30mLevel 1[0m _identify(ros2srrc_gazebo) by extension 'colcon_meta'
[0.214s] [34mcolcon.colcon_core.package_identification[0m [1;30mLevel 1[0m _identify(ros2srrc_gazebo) by extensions ['ros']
[0.214s] [34mcolcon.colcon_core.package_identification[0m [1;30mLevel 1[0m _identify(ros2srrc_gazebo) by extension 'ros'
[0.215s] [34mcolcon.colcon_core.package_identification[0m [1;30mDEBUG[0m [32mPackage 'ros2srrc_gazebo' with type 'ros.ament_cmake' and name 'ros2srrc_gazebo'[0m
[0.215s] [34mcolcon.colcon_core.package_identification[0m [1;30mLevel 1[0m _identify(ros2srrc_launch) by extensions ['ignore', 'ignore_ament_install']
[0.215s] [34mcolcon.colcon_core.package_identification[0m [1;30mLevel 1[0m _identify(ros2srrc_launch) by extension 'ignore'
[0.215s] [34mcolcon.colcon_core.package_identification[0m [1;30mLevel 1[0m _identify(ros2srrc_launch) by extension 'ignore_ament_install'
[0.215s] [34mcolcon.colcon_core.package_identification[0m [1;30mLevel 1[0m _identify(ros2srrc_launch) by extensions ['colcon_pkg']
[0.215s] [34mcolcon.colcon_core.package_identification[0m [1;30mLevel 1[0m _identify(ros2srrc_launch) by extension 'colcon_pkg'
[0.215s] [34mcolcon.colcon_core.package_identification[0m [1;30mLevel 1[0m _identify(ros2srrc_launch) by extensions ['colcon_meta']
[0.215s] [34mcolcon.colcon_core.package_identification[0m [1;30mLevel 1[0m _identify(ros2srrc_launch) by extension 'colcon_meta'
[0.215s] [34mcolcon.colcon_core.package_identification[0m [1;30mLevel 1[0m _identify(ros2srrc_launch) by extensions ['ros']
[0.215s] [34mcolcon.colcon_core.package_identification[0m [1;30mLevel 1[0m _identify(ros2srrc_launch) by extension 'ros'
[0.215s] [34mcolcon.colcon_core.package_identification[0m [1;30mDEBUG[0m [32mPackage 'ros2srrc_launch' with type 'ros.ament_cmake' and name 'ros2srrc_launch'[0m
[0.215s] [34mcolcon.colcon_core.package_identification[0m [1;30mLevel 1[0m _identify(ros2srrc_moveit) by extensions ['ignore', 'ignore_ament_install']
[0.215s] [34mcolcon.colcon_core.package_identification[0m [1;30mLevel 1[0m _identify(ros2srrc_moveit) by extension 'ignore'
[0.215s] [34mcolcon.colcon_core.package_identification[0m [1;30mLevel 1[0m _identify(ros2srrc_moveit) by extension 'ignore_ament_install'
[0.215s] [34mcolcon.colcon_core.package_identification[0m [1;30mLevel 1[0m _identify(ros2srrc_moveit) by extensions ['colcon_pkg']
[0.215s] [34mcolcon.colcon_core.package_identification[0m [1;30mLevel 1[0m _identify(ros2srrc_moveit) by extension 'colcon_pkg'
[0.215s] [34mcolcon.colcon_core.package_identification[0m [1;30mLevel 1[0m _identify(ros2srrc_moveit) by extensions ['colcon_meta']
[0.215s] [34mcolcon.colcon_core.package_identification[0m [1;30mLevel 1[0m _identify(ros2srrc_moveit) by extension 'colcon_meta'
[0.216s] [34mcolcon.colcon_core.package_identification[0m [1;30mLevel 1[0m _identify(ros2srrc_moveit) by extensions ['ros']
[0.216s] [34mcolcon.colcon_core.package_identification[0m [1;30mLevel 1[0m _identify(ros2srrc_moveit) by extension 'ros'
[0.216s] [34mcolcon.colcon_core.package_identification[0m [1;30mDEBUG[0m [32mPackage 'ros2srrc_moveit' with type 'ros.ament_cmake' and name 'ros2srrc_moveit'[0m
[0.216s] [34mcolcon.colcon_core.package_identification[0m [1;30mLevel 1[0m _identify(ros2srrc_robots) by extensions ['ignore', 'ignore_ament_install']
[0.216s] [34mcolcon.colcon_core.package_identification[0m [1;30mLevel 1[0m _identify(ros2srrc_robots) by extension 'ignore'
[0.216s] [34mcolcon.colcon_core.package_identification[0m [1;30mLevel 1[0m _identify(ros2srrc_robots) by extension 'ignore_ament_install'
[0.216s] [34mcolcon.colcon_core.package_identification[0m [1;30mLevel 1[0m _identify(ros2srrc_robots) by extensions ['colcon_pkg']
[0.216s] [34mcolcon.colcon_core.package_identification[0m [1;30mLevel 1[0m _identify(ros2srrc_robots) by extension 'colcon_pkg'
[0.216s] [34mcolcon.colcon_core.package_identification[0m [1;30mLevel 1[0m _identify(ros2srrc_robots) by extensions ['colcon_meta']
[0.216s] [34mcolcon.colcon_core.package_identification[0m [1;30mLevel 1[0m _identify(ros2srrc_robots) by extension 'colcon_meta'
[0.216s] [34mcolcon.colcon_core.package_identification[0m [1;30mLevel 1[0m _identify(ros2srrc_robots) by extensions ['ros']
[0.216s] [34mcolcon.colcon_core.package_identification[0m [1;30mLevel 1[0m _identify(ros2srrc_robots) by extension 'ros'
[0.216s] [34mcolcon.colcon_core.package_identification[0m [1;30mDEBUG[0m [32mPackage 'ros2srrc_robots' with type 'ros.ament_cmake' and name 'ros2srrc_robots'[0m
[0.216s] [34mcolcon.colcon_core.package_identification[0m [1;30mLevel 1[0m _identify(serial) by extensions ['ignore', 'ignore_ament_install']
[0.217s] [34mcolcon.colcon_core.package_identification[0m [1;30mLevel 1[0m _identify(serial) by extension 'ignore'
[0.217s] [34mcolcon.colcon_core.package_identification[0m [1;30mLevel 1[0m _identify(serial) by extension 'ignore_ament_install'
[0.217s] [34mcolcon.colcon_core.package_identification[0m [1;30mLevel 1[0m _identify(serial) by extensions ['colcon_pkg']
[0.217s] [34mcolcon.colcon_core.package_identification[0m [1;30mLevel 1[0m _identify(serial) by extension 'colcon_pkg'
[0.217s] [34mcolcon.colcon_core.package_identification[0m [1;30mLevel 1[0m _identify(serial) by extensions ['colcon_meta']
[0.217s] [34mcolcon.colcon_core.package_identification[0m [1;30mLevel 1[0m _identify(serial) by extension 'colcon_meta'
[0.217s] [34mcolcon.colcon_core.package_identification[0m [1;30mLevel 1[0m _identify(serial) by extensions ['ros']
[0.217s] [34mcolcon.colcon_core.package_identification[0m [1;30mLevel 1[0m _identify(serial) by extension 'ros'
[0.217s] [34mcolcon.colcon_core.package_identification[0m [1;30mDEBUG[0m [32mPackage 'serial' with type 'ros.ament_cmake' and name 'serial'[0m
[0.217s] [34mcolcon.colcon_core.package_identification[0m [1;30mLevel 1[0m _identify(ur_msgs) by extensions ['ignore', 'ignore_ament_install']
[0.217s] [34mcolcon.colcon_core.package_identification[0m [1;30mLevel 1[0m _identify(ur_msgs) by extension 'ignore'
[0.217s] [34mcolcon.colcon_core.package_identification[0m [1;30mLevel 1[0m _identify(ur_msgs) by extension 'ignore_ament_install'
[0.217s] [34mcolcon.colcon_core.package_identification[0m [1;30mLevel 1[0m _identify(ur_msgs) by extensions ['colcon_pkg']
[0.217s] [34mcolcon.colcon_core.package_identification[0m [1;30mLevel 1[0m _identify(ur_msgs) by extension 'colcon_pkg'
[0.217s] [34mcolcon.colcon_core.package_identification[0m [1;30mLevel 1[0m _identify(ur_msgs) by extensions ['colcon_meta']
[0.217s] [34mcolcon.colcon_core.package_identification[0m [1;30mLevel 1[0m _identify(ur_msgs) by extension 'colcon_meta'
[0.217s] [34mcolcon.colcon_core.package_identification[0m [1;30mLevel 1[0m _identify(ur_msgs) by extensions ['ros']
[0.217s] [34mcolcon.colcon_core.package_identification[0m [1;30mLevel 1[0m _identify(ur_msgs) by extension 'ros'
[0.218s] [34mcolcon.colcon_core.package_identification[0m [1;30mDEBUG[0m [32mPackage 'ur_msgs' with type 'ros.ament_cmake' and name 'ur_msgs'[0m
[0.218s] [34mcolcon.colcon_core.package_discovery[0m [1;30mLevel 1[0m discover_packages(recursive) using defaults
[0.218s] [34mcolcon.colcon_core.package_discovery[0m [1;30mLevel 1[0m discover_packages(ignore) discover
[0.218s] [34mcolcon.colcon_core.package_discovery[0m [1;30mLevel 1[0m discover_packages(ignore) using defaults
[0.218s] [34mcolcon.colcon_core.package_discovery[0m [1;30mLevel 1[0m discover_packages(path) discover
[0.218s] [34mcolcon.colcon_core.package_discovery[0m [1;30mLevel 1[0m discover_packages(path) using defaults
[0.240s] [34mcolcon.colcon_core.package_discovery[0m [1;30mLevel 1[0m discover_packages(prefix_path) check parameters
[0.240s] [34mcolcon.colcon_core.package_discovery[0m [1;30mLevel 1[0m discover_packages(prefix_path) discover
[0.241s] [34mcolcon.colcon_ros.prefix_path.ament[0m [1;30mWARNING[0m [33mThe path '/home/libok/um_file/install/ur' in the environment variable AMENT_PREFIX_PATH doesn't exist[0m
[0.241s] [34mcolcon.colcon_ros.prefix_path.ament[0m [1;30mWARNING[0m [33mThe path '/home/libok/um_file/install/ur_calibration' in the environment variable AMENT_PREFIX_PATH doesn't exist[0m
[0.241s] [34mcolcon.colcon_ros.prefix_path.ament[0m [1;30mWARNING[0m [33mThe path '/home/libok/um_file/install/ur_robot_driver' in the environment variable AMENT_PREFIX_PATH doesn't exist[0m
[0.241s] [34mcolcon.colcon_ros.prefix_path.ament[0m [1;30mWARNING[0m [33mThe path '/home/libok/um_file/install/ur_bringup' in the environment variable AMENT_PREFIX_PATH doesn't exist[0m
[0.241s] [34mcolcon.colcon_ros.prefix_path.ament[0m [1;30mWARNING[0m [33mThe path '/home/libok/um_file/install/robotiq_description' in the environment variable AMENT_PREFIX_PATH doesn't exist[0m
[0.241s] [34mcolcon.colcon_ros.prefix_path.ament[0m [1;30mWARNING[0m [33mThe path '/home/libok/um_file/install/ros2_controllers' in the environment variable AMENT_PREFIX_PATH doesn't exist[0m
[0.241s] [34mcolcon.colcon_ros.prefix_path.ament[0m [1;30mWARNING[0m [33mThe path '/home/libok/um_file/install/velocity_controllers' in the environment variable AMENT_PREFIX_PATH doesn't exist[0m
[0.241s] [34mcolcon.colcon_ros.prefix_path.ament[0m [1;30mWARNING[0m [33mThe path '/home/libok/um_file/install/ur_controllers' in the environment variable AMENT_PREFIX_PATH doesn't exist[0m
[0.241s] [34mcolcon.colcon_ros.prefix_path.ament[0m [1;30mWARNING[0m [33mThe path '/home/libok/um_file/install/ur_msgs' in the environment variable AMENT_PREFIX_PATH doesn't exist[0m
[0.241s] [34mcolcon.colcon_ros.prefix_path.ament[0m [1;30mWARNING[0m [33mThe path '/home/libok/um_file/install/ur_moveit_config' in the environment variable AMENT_PREFIX_PATH doesn't exist[0m
[0.241s] [34mcolcon.colcon_ros.prefix_path.ament[0m [1;30mWARNING[0m [33mThe path '/home/libok/um_file/install/ur_dashboard_msgs' in the environment variable AMENT_PREFIX_PATH doesn't exist[0m
[0.242s] [34mcolcon.colcon_ros.prefix_path.ament[0m [1;30mWARNING[0m [33mThe path '/home/libok/um_file/install/tricycle_steering_controller' in the environment variable AMENT_PREFIX_PATH doesn't exist[0m
[0.242s] [34mcolcon.colcon_ros.prefix_path.ament[0m [1;30mWARNING[0m [33mThe path '/home/libok/um_file/install/tricycle_controller' in the environment variable AMENT_PREFIX_PATH doesn't exist[0m
[0.242s] [34mcolcon.colcon_ros.prefix_path.ament[0m [1;30mWARNING[0m [33mThe path '/home/libok/um_file/install/bicycle_steering_controller' in the environment variable AMENT_PREFIX_PATH doesn't exist[0m
[0.242s] [34mcolcon.colcon_ros.prefix_path.ament[0m [1;30mWARNING[0m [33mThe path '/home/libok/um_file/install/ackermann_steering_controller' in the environment variable AMENT_PREFIX_PATH doesn't exist[0m
[0.242s] [34mcolcon.colcon_ros.prefix_path.ament[0m [1;30mWARNING[0m [33mThe path '/home/libok/um_file/install/steering_controllers_library' in the environment variable AMENT_PREFIX_PATH doesn't exist[0m
[0.242s] [34mcolcon.colcon_ros.prefix_path.ament[0m [1;30mWARNING[0m [33mThe path '/home/libok/um_file/install/robotiq_hardware_tests' in the environment variable AMENT_PREFIX_PATH doesn't exist[0m
[0.242s] [34mcolcon.colcon_ros.prefix_path.ament[0m [1;30mWARNING[0m [33mThe path '/home/libok/um_file/install/robotiq_driver' in the environment variable AMENT_PREFIX_PATH doesn't exist[0m
[0.242s] [34mcolcon.colcon_ros.prefix_path.ament[0m [1;30mWARNING[0m [33mThe path '/home/libok/um_file/install/serial' in the environment variable AMENT_PREFIX_PATH doesn't exist[0m
[0.242s] [34mcolcon.colcon_ros.prefix_path.ament[0m [1;30mWARNING[0m [33mThe path '/home/libok/um_file/install/ros2srrc_robots' in the environment variable AMENT_PREFIX_PATH doesn't exist[0m
[0.242s] [34mcolcon.colcon_ros.prefix_path.ament[0m [1;30mWARNING[0m [33mThe path '/home/libok/um_file/install/ros2srrc_moveit' in the environment variable AMENT_PREFIX_PATH doesn't exist[0m
[0.242s] [34mcolcon.colcon_ros.prefix_path.ament[0m [1;30mWARNING[0m [33mThe path '/home/libok/um_file/install/ros2srrc_launch' in the environment variable AMENT_PREFIX_PATH doesn't exist[0m
[0.242s] [34mcolcon.colcon_ros.prefix_path.ament[0m [1;30mWARNING[0m [33mThe path '/home/libok/um_file/install/ros2srrc_gazebo' in the environment variable AMENT_PREFIX_PATH doesn't exist[0m
[0.242s] [34mcolcon.colcon_ros.prefix_path.ament[0m [1;30mWARNING[0m [33mThe path '/home/libok/um_file/install/ros2srrc_endeffectors' in the environment variable AMENT_PREFIX_PATH doesn't exist[0m
[0.242s] [34mcolcon.colcon_ros.prefix_path.ament[0m [1;30mWARNING[0m [33mThe path '/home/libok/um_file/install/ros2srrc_data' in the environment variable AMENT_PREFIX_PATH doesn't exist[0m
[0.242s] [34mcolcon.colcon_ros.prefix_path.ament[0m [1;30mWARNING[0m [33mThe path '/home/libok/um_file/install/robotiq_controllers' in the environment variable AMENT_PREFIX_PATH doesn't exist[0m
[0.242s] [34mcolcon.colcon_ros.prefix_path.ament[0m [1;30mWARNING[0m [33mThe path '/home/libok/um_file/install/range_sensor_broadcaster' in the environment variable AMENT_PREFIX_PATH doesn't exist[0m
[0.242s] [34mcolcon.colcon_ros.prefix_path.ament[0m [1;30mWARNING[0m [33mThe path '/home/libok/um_file/install/position_controllers' in the environment variable AMENT_PREFIX_PATH doesn't exist[0m
[0.242s] [34mcolcon.colcon_ros.prefix_path.ament[0m [1;30mWARNING[0m [33mThe path '/home/libok/um_file/install/pose_broadcaster' in the environment variable AMENT_PREFIX_PATH doesn't exist[0m
[0.242s] [34mcolcon.colcon_ros.prefix_path.ament[0m [1;30mWARNING[0m [33mThe path '/home/libok/um_file/install/pid_controller' in the environment variable AMENT_PREFIX_PATH doesn't exist[0m
[0.242s] [34mcolcon.colcon_ros.prefix_path.ament[0m [1;30mWARNING[0m [33mThe path '/home/libok/um_file/install/mecanum_drive_controller' in the environment variable AMENT_PREFIX_PATH doesn't exist[0m
[0.242s] [34mcolcon.colcon_ros.prefix_path.ament[0m [1;30mWARNING[0m [33mThe path '/home/libok/um_file/install/joint_trajectory_controller' in the environment variable AMENT_PREFIX_PATH doesn't exist[0m
[0.242s] [34mcolcon.colcon_ros.prefix_path.ament[0m [1;30mWARNING[0m [33mThe path '/home/libok/um_file/install/joint_state_broadcaster' in the environment variable AMENT_PREFIX_PATH doesn't exist[0m
[0.242s] [34mcolcon.colcon_ros.prefix_path.ament[0m [1;30mWARNING[0m [33mThe path '/home/libok/um_file/install/imu_sensor_broadcaster' in the environment variable AMENT_PREFIX_PATH doesn't exist[0m
[0.242s] [34mcolcon.colcon_ros.prefix_path.ament[0m [1;30mWARNING[0m [33mThe path '/home/libok/um_file/install/gripper_controllers' in the environment variable AMENT_PREFIX_PATH doesn't exist[0m
[0.242s] [34mcolcon.colcon_ros.prefix_path.ament[0m [1;30mWARNING[0m [33mThe path '/home/libok/um_file/install/gpio_controllers' in the environment variable AMENT_PREFIX_PATH doesn't exist[0m
[0.242s] [34mcolcon.colcon_ros.prefix_path.ament[0m [1;30mWARNING[0m [33mThe path '/home/libok/um_file/install/effort_controllers' in the environment variable AMENT_PREFIX_PATH doesn't exist[0m
[0.242s] [34mcolcon.colcon_ros.prefix_path.ament[0m [1;30mWARNING[0m [33mThe path '/home/libok/um_file/install/forward_command_controller' in the environment variable AMENT_PREFIX_PATH doesn't exist[0m
[0.242s] [34mcolcon.colcon_ros.prefix_path.ament[0m [1;30mWARNING[0m [33mThe path '/home/libok/um_file/install/force_torque_sensor_broadcaster' in the environment variable AMENT_PREFIX_PATH doesn't exist[0m
[0.242s] [34mcolcon.colcon_ros.prefix_path.ament[0m [1;30mWARNING[0m [33mThe path '/home/libok/um_file/install/diff_drive_controller' in the environment variable AMENT_PREFIX_PATH doesn't exist[0m
[0.242s] [34mcolcon.colcon_ros.prefix_path.ament[0m [1;30mWARNING[0m [33mThe path '/home/libok/um_file/install/admittance_controller' in the environment variable AMENT_PREFIX_PATH doesn't exist[0m
[0.243s] [34mcolcon.colcon_ros.prefix_path.catkin[0m [1;30mWARNING[0m [33mThe path '/home/libok/um_file/install/ur' in the environment variable CMAKE_PREFIX_PATH doesn't exist[0m
[0.243s] [34mcolcon.colcon_ros.prefix_path.catkin[0m [1;30mWARNING[0m [33mThe path '/home/libok/um_file/install/ur_calibration' in the environment variable CMAKE_PREFIX_PATH doesn't exist[0m
[0.243s] [34mcolcon.colcon_ros.prefix_path.catkin[0m [1;30mWARNING[0m [33mThe path '/home/libok/um_file/install/ur_robot_driver' in the environment variable CMAKE_PREFIX_PATH doesn't exist[0m
[0.243s] [34mcolcon.colcon_ros.prefix_path.catkin[0m [1;30mWARNING[0m [33mThe path '/home/libok/um_file/install/ur_bringup' in the environment variable CMAKE_PREFIX_PATH doesn't exist[0m
[0.243s] [34mcolcon.colcon_ros.prefix_path.catkin[0m [1;30mWARNING[0m [33mThe path '/home/libok/um_file/install/robotiq_description' in the environment variable CMAKE_PREFIX_PATH doesn't exist[0m
[0.243s] [34mcolcon.colcon_ros.prefix_path.catkin[0m [1;30mWARNING[0m [33mThe path '/home/libok/um_file/install/ros2_controllers' in the environment variable CMAKE_PREFIX_PATH doesn't exist[0m
[0.243s] [34mcolcon.colcon_ros.prefix_path.catkin[0m [1;30mWARNING[0m [33mThe path '/home/libok/um_file/install/velocity_controllers' in the environment variable CMAKE_PREFIX_PATH doesn't exist[0m
[0.243s] [34mcolcon.colcon_ros.prefix_path.catkin[0m [1;30mWARNING[0m [33mThe path '/home/libok/um_file/install/ur_controllers' in the environment variable CMAKE_PREFIX_PATH doesn't exist[0m
[0.243s] [34mcolcon.colcon_ros.prefix_path.catkin[0m [1;30mWARNING[0m [33mThe path '/home/libok/um_file/install/ur_msgs' in the environment variable CMAKE_PREFIX_PATH doesn't exist[0m
[0.243s] [34mcolcon.colcon_ros.prefix_path.catkin[0m [1;30mWARNING[0m [33mThe path '/home/libok/um_file/install/ur_moveit_config' in the environment variable CMAKE_PREFIX_PATH doesn't exist[0m
[0.243s] [34mcolcon.colcon_ros.prefix_path.catkin[0m [1;30mWARNING[0m [33mThe path '/home/libok/um_file/install/ur_dashboard_msgs' in the environment variable CMAKE_PREFIX_PATH doesn't exist[0m
[0.243s] [34mcolcon.colcon_ros.prefix_path.catkin[0m [1;30mWARNING[0m [33mThe path '/home/libok/um_file/install/tricycle_steering_controller' in the environment variable CMAKE_PREFIX_PATH doesn't exist[0m
[0.243s] [34mcolcon.colcon_ros.prefix_path.catkin[0m [1;30mWARNING[0m [33mThe path '/home/libok/um_file/install/tricycle_controller' in the environment variable CMAKE_PREFIX_PATH doesn't exist[0m
[0.243s] [34mcolcon.colcon_ros.prefix_path.catkin[0m [1;30mWARNING[0m [33mThe path '/home/libok/um_file/install/bicycle_steering_controller' in the environment variable CMAKE_PREFIX_PATH doesn't exist[0m
[0.243s] [34mcolcon.colcon_ros.prefix_path.catkin[0m [1;30mWARNING[0m [33mThe path '/home/libok/um_file/install/ackermann_steering_controller' in the environment variable CMAKE_PREFIX_PATH doesn't exist[0m
[0.243s] [34mcolcon.colcon_ros.prefix_path.catkin[0m [1;30mWARNING[0m [33mThe path '/home/libok/um_file/install/steering_controllers_library' in the environment variable CMAKE_PREFIX_PATH doesn't exist[0m
[0.243s] [34mcolcon.colcon_ros.prefix_path.catkin[0m [1;30mWARNING[0m [33mThe path '/home/libok/um_file/install/robotiq_hardware_tests' in the environment variable CMAKE_PREFIX_PATH doesn't exist[0m
[0.243s] [34mcolcon.colcon_ros.prefix_path.catkin[0m [1;30mWARNING[0m [33mThe path '/home/libok/um_file/install/robotiq_driver' in the environment variable CMAKE_PREFIX_PATH doesn't exist[0m
[0.243s] [34mcolcon.colcon_ros.prefix_path.catkin[0m [1;30mWARNING[0m [33mThe path '/home/libok/um_file/install/serial' in the environment variable CMAKE_PREFIX_PATH doesn't exist[0m
[0.243s] [34mcolcon.colcon_ros.prefix_path.catkin[0m [1;30mWARNING[0m [33mThe path '/home/libok/um_file/install/ros2srrc_robots' in the environment variable CMAKE_PREFIX_PATH doesn't exist[0m
[0.243s] [34mcolcon.colcon_ros.prefix_path.catkin[0m [1;30mWARNING[0m [33mThe path '/home/libok/um_file/install/ros2srrc_moveit' in the environment variable CMAKE_PREFIX_PATH doesn't exist[0m
[0.243s] [34mcolcon.colcon_ros.prefix_path.catkin[0m [1;30mWARNING[0m [33mThe path '/home/libok/um_file/install/ros2srrc_launch' in the environment variable CMAKE_PREFIX_PATH doesn't exist[0m
[0.243s] [34mcolcon.colcon_ros.prefix_path.catkin[0m [1;30mWARNING[0m [33mThe path '/home/libok/um_file/install/ros2srrc_gazebo' in the environment variable CMAKE_PREFIX_PATH doesn't exist[0m
[0.243s] [34mcolcon.colcon_ros.prefix_path.catkin[0m [1;30mWARNING[0m [33mThe path '/home/libok/um_file/install/ros2srrc_endeffectors' in the environment variable CMAKE_PREFIX_PATH doesn't exist[0m
[0.243s] [34mcolcon.colcon_ros.prefix_path.catkin[0m [1;30mWARNING[0m [33mThe path '/home/libok/um_file/install/ros2srrc_data' in the environment variable CMAKE_PREFIX_PATH doesn't exist[0m
[0.243s] [34mcolcon.colcon_ros.prefix_path.catkin[0m [1;30mWARNING[0m [33mThe path '/home/libok/um_file/install/robotiq_controllers' in the environment variable CMAKE_PREFIX_PATH doesn't exist[0m
[0.243s] [34mcolcon.colcon_ros.prefix_path.catkin[0m [1;30mWARNING[0m [33mThe path '/home/libok/um_file/install/range_sensor_broadcaster' in the environment variable CMAKE_PREFIX_PATH doesn't exist[0m
[0.243s] [34mcolcon.colcon_ros.prefix_path.catkin[0m [1;30mWARNING[0m [33mThe path '/home/libok/um_file/install/position_controllers' in the environment variable CMAKE_PREFIX_PATH doesn't exist[0m
[0.243s] [34mcolcon.colcon_ros.prefix_path.catkin[0m [1;30mWARNING[0m [33mThe path '/home/libok/um_file/install/pose_broadcaster' in the environment variable CMAKE_PREFIX_PATH doesn't exist[0m
[0.243s] [34mcolcon.colcon_ros.prefix_path.catkin[0m [1;30mWARNING[0m [33mThe path '/home/libok/um_file/install/pid_controller' in the environment variable CMAKE_PREFIX_PATH doesn't exist[0m
[0.243s] [34mcolcon.colcon_ros.prefix_path.catkin[0m [1;30mWARNING[0m [33mThe path '/home/libok/um_file/install/mecanum_drive_controller' in the environment variable CMAKE_PREFIX_PATH doesn't exist[0m
[0.243s] [34mcolcon.colcon_ros.prefix_path.catkin[0m [1;30mWARNING[0m [33mThe path '/home/libok/um_file/install/joint_trajectory_controller' in the environment variable CMAKE_PREFIX_PATH doesn't exist[0m
[0.243s] [34mcolcon.colcon_ros.prefix_path.catkin[0m [1;30mWARNING[0m [33mThe path '/home/libok/um_file/install/joint_state_broadcaster' in the environment variable CMAKE_PREFIX_PATH doesn't exist[0m
[0.243s] [34mcolcon.colcon_ros.prefix_path.catkin[0m [1;30mWARNING[0m [33mThe path '/home/libok/um_file/install/imu_sensor_broadcaster' in the environment variable CMAKE_PREFIX_PATH doesn't exist[0m
[0.244s] [34mcolcon.colcon_ros.prefix_path.catkin[0m [1;30mWARNING[0m [33mThe path '/home/libok/um_file/install/gripper_controllers' in the environment variable CMAKE_PREFIX_PATH doesn't exist[0m
[0.244s] [34mcolcon.colcon_ros.prefix_path.catkin[0m [1;30mWARNING[0m [33mThe path '/home/libok/um_file/install/gpio_controllers' in the environment variable CMAKE_PREFIX_PATH doesn't exist[0m
[0.244s] [34mcolcon.colcon_ros.prefix_path.catkin[0m [1;30mWARNING[0m [33mThe path '/home/libok/um_file/install/effort_controllers' in the environment variable CMAKE_PREFIX_PATH doesn't exist[0m
[0.244s] [34mcolcon.colcon_ros.prefix_path.catkin[0m [1;30mWARNING[0m [33mThe path '/home/libok/um_file/install/forward_command_controller' in the environment variable CMAKE_PREFIX_PATH doesn't exist[0m
[0.244s] [34mcolcon.colcon_ros.prefix_path.catkin[0m [1;30mWARNING[0m [33mThe path '/home/libok/um_file/install/force_torque_sensor_broadcaster' in the environment variable CMAKE_PREFIX_PATH doesn't exist[0m
[0.244s] [34mcolcon.colcon_ros.prefix_path.catkin[0m [1;30mWARNING[0m [33mThe path '/home/libok/um_file/install/diff_drive_controller' in the environment variable CMAKE_PREFIX_PATH doesn't exist[0m
[0.244s] [34mcolcon.colcon_ros.prefix_path.catkin[0m [1;30mWARNING[0m [33mThe path '/home/libok/um_file/install/admittance_controller' in the environment variable CMAKE_PREFIX_PATH doesn't exist[0m
[0.244s] [34mcolcon.colcon_installed_package_information.package_discovery[0m [1;30mDEBUG[0m [32mFound 0 installed packages in /home/libok/um_file/install[0m
[0.245s] [34mcolcon.colcon_installed_package_information.package_discovery[0m [1;30mDEBUG[0m [32mFound 417 installed packages in /opt/ros/humble[0m
[0.247s] [34mcolcon.colcon_core.package_discovery[0m [1;30mLevel 1[0m discover_packages(prefix_path) using defaults
[0.278s] [34mcolcon.colcon_core.package_selection[0m [1;30mWARNING[0m [33mSome selected packages are already built in one or more underlay workspaces:
	'joint_state_broadcaster' is in: /opt/ros/humble
	'position_controllers' is in: /opt/ros/humble
	'gripper_controllers' is in: /opt/ros/humble
	'joint_trajectory_controller' is in: /opt/ros/humble
If a package in a merged underlay workspace is overridden and it installs headers, then all packages in the overlay must sort their include directories by workspace order. Failure to do so may result in build failures or undefined behavior at run time.
If the overridden package is used by another package in any underlay, then the overriding package in the overlay must be API and ABI compatible or undefined behavior at run time may occur.

If you understand the risks and want to override a package anyways, add the following to the command line:
	--allow-overriding gripper_controllers joint_state_broadcaster joint_trajectory_controller position_controllers

This may be promoted to an error in a future release of colcon-override-check.[0m
[0.278s] [34mcolcon.colcon_core.verb[0m [1;30mLevel 5[0m set package 'admittance_controller' build argument 'cmake_args' from command line to 'None'
[0.278s] [34mcolcon.colcon_core.verb[0m [1;30mLevel 5[0m set package 'admittance_controller' build argument 'cmake_target' from command line to 'None'
[0.278s] [34mcolcon.colcon_core.verb[0m [1;30mLevel 5[0m set package 'admittance_controller' build argument 'cmake_target_skip_unavailable' from command line to 'False'
[0.278s] [34mcolcon.colcon_core.verb[0m [1;30mLevel 5[0m set package 'admittance_controller' build argument 'cmake_clean_cache' from command line to 'False'
[0.279s] [34mcolcon.colcon_core.verb[0m [1;30mLevel 5[0m set package 'admittance_controller' build argument 'cmake_clean_first' from command line to 'False'
[0.279s] [34mcolcon.colcon_core.verb[0m [1;30mLevel 5[0m set package 'admittance_controller' build argument 'cmake_force_configure' from command line to 'False'
[0.279s] [34mcolcon.colcon_core.verb[0m [1;30mLevel 5[0m set package 'admittance_controller' build argument 'ament_cmake_args' from command line to 'None'
[0.279s] [34mcolcon.colcon_core.verb[0m [1;30mLevel 5[0m set package 'admittance_controller' build argument 'catkin_cmake_args' from command line to 'None'
[0.279s] [34mcolcon.colcon_core.verb[0m [1;30mLevel 5[0m set package 'admittance_controller' build argument 'catkin_skip_building_tests' from command line to 'False'
[0.279s] [34mcolcon.colcon_core.verb[0m [1;30mDEBUG[0m [32mBuilding package 'admittance_controller' with the following arguments: {'ament_cmake_args': None, 'build_base': '/home/libok/um_file/build/admittance_controller', 'catkin_cmake_args': None, 'catkin_skip_building_tests': False, 'cmake_args': None, 'cmake_clean_cache': False, 'cmake_clean_first': False, 'cmake_force_configure': False, 'cmake_target': None, 'cmake_target_skip_unavailable': False, 'install_base': '/home/libok/um_file/install/admittance_controller', 'merge_install': False, 'path': '/home/libok/um_file/ros2_controllers/admittance_controller', 'symlink_install': False, 'test_result_base': None}[0m
[0.279s] [34mcolcon.colcon_core.verb[0m [1;30mLevel 5[0m set package 'diff_drive_controller' build argument 'cmake_args' from command line to 'None'
[0.279s] [34mcolcon.colcon_core.verb[0m [1;30mLevel 5[0m set package 'diff_drive_controller' build argument 'cmake_target' from command line to 'None'
[0.279s] [34mcolcon.colcon_core.verb[0m [1;30mLevel 5[0m set package 'diff_drive_controller' build argument 'cmake_target_skip_unavailable' from command line to 'False'
[0.279s] [34mcolcon.colcon_core.verb[0m [1;30mLevel 5[0m set package 'diff_drive_controller' build argument 'cmake_clean_cache' from command line to 'False'
[0.279s] [34mcolcon.colcon_core.verb[0m [1;30mLevel 5[0m set package 'diff_drive_controller' build argument 'cmake_clean_first' from command line to 'False'
[0.279s] [34mcolcon.colcon_core.verb[0m [1;30mLevel 5[0m set package 'diff_drive_controller' build argument 'cmake_force_configure' from command line to 'False'
[0.279s] [34mcolcon.colcon_core.verb[0m [1;30mLevel 5[0m set package 'diff_drive_controller' build argument 'ament_cmake_args' from command line to 'None'
[0.279s] [34mcolcon.colcon_core.verb[0m [1;30mLevel 5[0m set package 'diff_drive_controller' build argument 'catkin_cmake_args' from command line to 'None'
[0.279s] [34mcolcon.colcon_core.verb[0m [1;30mLevel 5[0m set package 'diff_drive_controller' build argument 'catkin_skip_building_tests' from command line to 'False'
[0.279s] [34mcolcon.colcon_core.verb[0m [1;30mDEBUG[0m [32mBuilding package 'diff_drive_controller' with the following arguments: {'ament_cmake_args': None, 'build_base': '/home/libok/um_file/build/diff_drive_controller', 'catkin_cmake_args': None, 'catkin_skip_building_tests': False, 'cmake_args': None, 'cmake_clean_cache': False, 'cmake_clean_first': False, 'cmake_force_configure': False, 'cmake_target': None, 'cmake_target_skip_unavailable': False, 'install_base': '/home/libok/um_file/install/diff_drive_controller', 'merge_install': False, 'path': '/home/libok/um_file/ros2_controllers/diff_drive_controller', 'symlink_install': False, 'test_result_base': None}[0m
[0.279s] [34mcolcon.colcon_core.verb[0m [1;30mLevel 5[0m set package 'force_torque_sensor_broadcaster' build argument 'cmake_args' from command line to 'None'
[0.279s] [34mcolcon.colcon_core.verb[0m [1;30mLevel 5[0m set package 'force_torque_sensor_broadcaster' build argument 'cmake_target' from command line to 'None'
[0.279s] [34mcolcon.colcon_core.verb[0m [1;30mLevel 5[0m set package 'force_torque_sensor_broadcaster' build argument 'cmake_target_skip_unavailable' from command line to 'False'
[0.279s] [34mcolcon.colcon_core.verb[0m [1;30mLevel 5[0m set package 'force_torque_sensor_broadcaster' build argument 'cmake_clean_cache' from command line to 'False'
[0.279s] [34mcolcon.colcon_core.verb[0m [1;30mLevel 5[0m set package 'force_torque_sensor_broadcaster' build argument 'cmake_clean_first' from command line to 'False'
[0.279s] [34mcolcon.colcon_core.verb[0m [1;30mLevel 5[0m set package 'force_torque_sensor_broadcaster' build argument 'cmake_force_configure' from command line to 'False'
[0.279s] [34mcolcon.colcon_core.verb[0m [1;30mLevel 5[0m set package 'force_torque_sensor_broadcaster' build argument 'ament_cmake_args' from command line to 'None'
[0.279s] [34mcolcon.colcon_core.verb[0m [1;30mLevel 5[0m set package 'force_torque_sensor_broadcaster' build argument 'catkin_cmake_args' from command line to 'None'
[0.279s] [34mcolcon.colcon_core.verb[0m [1;30mLevel 5[0m set package 'force_torque_sensor_broadcaster' build argument 'catkin_skip_building_tests' from command line to 'False'
[0.279s] [34mcolcon.colcon_core.verb[0m [1;30mDEBUG[0m [32mBuilding package 'force_torque_sensor_broadcaster' with the following arguments: {'ament_cmake_args': None, 'build_base': '/home/libok/um_file/build/force_torque_sensor_broadcaster', 'catkin_cmake_args': None, 'catkin_skip_building_tests': False, 'cmake_args': None, 'cmake_clean_cache': False, 'cmake_clean_first': False, 'cmake_force_configure': False, 'cmake_target': None, 'cmake_target_skip_unavailable': False, 'install_base': '/home/libok/um_file/install/force_torque_sensor_broadcaster', 'merge_install': False, 'path': '/home/libok/um_file/ros2_controllers/force_torque_sensor_broadcaster', 'symlink_install': False, 'test_result_base': None}[0m
[0.280s] [34mcolcon.colcon_core.verb[0m [1;30mLevel 5[0m set package 'forward_command_controller' build argument 'cmake_args' from command line to 'None'
[0.280s] [34mcolcon.colcon_core.verb[0m [1;30mLevel 5[0m set package 'forward_command_controller' build argument 'cmake_target' from command line to 'None'
[0.280s] [34mcolcon.colcon_core.verb[0m [1;30mLevel 5[0m set package 'forward_command_controller' build argument 'cmake_target_skip_unavailable' from command line to 'False'
[0.280s] [34mcolcon.colcon_core.verb[0m [1;30mLevel 5[0m set package 'forward_command_controller' build argument 'cmake_clean_cache' from command line to 'False'
[0.280s] [34mcolcon.colcon_core.verb[0m [1;30mLevel 5[0m set package 'forward_command_controller' build argument 'cmake_clean_first' from command line to 'False'
[0.280s] [34mcolcon.colcon_core.verb[0m [1;30mLevel 5[0m set package 'forward_command_controller' build argument 'cmake_force_configure' from command line to 'False'
[0.280s] [34mcolcon.colcon_core.verb[0m [1;30mLevel 5[0m set package 'forward_command_controller' build argument 'ament_cmake_args' from command line to 'None'
[0.280s] [34mcolcon.colcon_core.verb[0m [1;30mLevel 5[0m set package 'forward_command_controller' build argument 'catkin_cmake_args' from command line to 'None'
[0.280s] [34mcolcon.colcon_core.verb[0m [1;30mLevel 5[0m set package 'forward_command_controller' build argument 'catkin_skip_building_tests' from command line to 'False'
[0.280s] [34mcolcon.colcon_core.verb[0m [1;30mDEBUG[0m [32mBuilding package 'forward_command_controller' with the following arguments: {'ament_cmake_args': None, 'build_base': '/home/libok/um_file/build/forward_command_controller', 'catkin_cmake_args': None, 'catkin_skip_building_tests': False, 'cmake_args': None, 'cmake_clean_cache': False, 'cmake_clean_first': False, 'cmake_force_configure': False, 'cmake_target': None, 'cmake_target_skip_unavailable': False, 'install_base': '/home/libok/um_file/install/forward_command_controller', 'merge_install': False, 'path': '/home/libok/um_file/ros2_controllers/forward_command_controller', 'symlink_install': False, 'test_result_base': None}[0m
[0.280s] [34mcolcon.colcon_core.verb[0m [1;30mLevel 5[0m set package 'gpio_controllers' build argument 'cmake_args' from command line to 'None'
[0.280s] [34mcolcon.colcon_core.verb[0m [1;30mLevel 5[0m set package 'gpio_controllers' build argument 'cmake_target' from command line to 'None'
[0.280s] [34mcolcon.colcon_core.verb[0m [1;30mLevel 5[0m set package 'gpio_controllers' build argument 'cmake_target_skip_unavailable' from command line to 'False'
[0.280s] [34mcolcon.colcon_core.verb[0m [1;30mLevel 5[0m set package 'gpio_controllers' build argument 'cmake_clean_cache' from command line to 'False'
[0.280s] [34mcolcon.colcon_core.verb[0m [1;30mLevel 5[0m set package 'gpio_controllers' build argument 'cmake_clean_first' from command line to 'False'
[0.280s] [34mcolcon.colcon_core.verb[0m [1;30mLevel 5[0m set package 'gpio_controllers' build argument 'cmake_force_configure' from command line to 'False'
[0.280s] [34mcolcon.colcon_core.verb[0m [1;30mLevel 5[0m set package 'gpio_controllers' build argument 'ament_cmake_args' from command line to 'None'
[0.280s] [34mcolcon.colcon_core.verb[0m [1;30mLevel 5[0m set package 'gpio_controllers' build argument 'catkin_cmake_args' from command line to 'None'
[0.280s] [34mcolcon.colcon_core.verb[0m [1;30mLevel 5[0m set package 'gpio_controllers' build argument 'catkin_skip_building_tests' from command line to 'False'
[0.280s] [34mcolcon.colcon_core.verb[0m [1;30mDEBUG[0m [32mBuilding package 'gpio_controllers' with the following arguments: {'ament_cmake_args': None, 'build_base': '/home/libok/um_file/build/gpio_controllers', 'catkin_cmake_args': None, 'catkin_skip_building_tests': False, 'cmake_args': None, 'cmake_clean_cache': False, 'cmake_clean_first': False, 'cmake_force_configure': False, 'cmake_target': None, 'cmake_target_skip_unavailable': False, 'install_base': '/home/libok/um_file/install/gpio_controllers', 'merge_install': False, 'path': '/home/libok/um_file/ros2_controllers/gpio_controllers', 'symlink_install': False, 'test_result_base': None}[0m
[0.280s] [34mcolcon.colcon_core.verb[0m [1;30mLevel 5[0m set package 'gripper_controllers' build argument 'cmake_args' from command line to 'None'
[0.280s] [34mcolcon.colcon_core.verb[0m [1;30mLevel 5[0m set package 'gripper_controllers' build argument 'cmake_target' from command line to 'None'
[0.280s] [34mcolcon.colcon_core.verb[0m [1;30mLevel 5[0m set package 'gripper_controllers' build argument 'cmake_target_skip_unavailable' from command line to 'False'
[0.280s] [34mcolcon.colcon_core.verb[0m [1;30mLevel 5[0m set package 'gripper_controllers' build argument 'cmake_clean_cache' from command line to 'False'
[0.280s] [34mcolcon.colcon_core.verb[0m [1;30mLevel 5[0m set package 'gripper_controllers' build argument 'cmake_clean_first' from command line to 'False'
[0.280s] [34mcolcon.colcon_core.verb[0m [1;30mLevel 5[0m set package 'gripper_controllers' build argument 'cmake_force_configure' from command line to 'False'
[0.280s] [34mcolcon.colcon_core.verb[0m [1;30mLevel 5[0m set package 'gripper_controllers' build argument 'ament_cmake_args' from command line to 'None'
[0.280s] [34mcolcon.colcon_core.verb[0m [1;30mLevel 5[0m set package 'gripper_controllers' build argument 'catkin_cmake_args' from command line to 'None'
[0.280s] [34mcolcon.colcon_core.verb[0m [1;30mLevel 5[0m set package 'gripper_controllers' build argument 'catkin_skip_building_tests' from command line to 'False'
[0.280s] [34mcolcon.colcon_core.verb[0m [1;30mDEBUG[0m [32mBuilding package 'gripper_controllers' with the following arguments: {'ament_cmake_args': None, 'build_base': '/home/libok/um_file/build/gripper_controllers', 'catkin_cmake_args': None, 'catkin_skip_building_tests': False, 'cmake_args': None, 'cmake_clean_cache': False, 'cmake_clean_first': False, 'cmake_force_configure': False, 'cmake_target': None, 'cmake_target_skip_unavailable': False, 'install_base': '/home/libok/um_file/install/gripper_controllers', 'merge_install': False, 'path': '/home/libok/um_file/ros2_controllers/gripper_controllers', 'symlink_install': False, 'test_result_base': None}[0m
[0.281s] [34mcolcon.colcon_core.verb[0m [1;30mLevel 5[0m set package 'imu_sensor_broadcaster' build argument 'cmake_args' from command line to 'None'
[0.281s] [34mcolcon.colcon_core.verb[0m [1;30mLevel 5[0m set package 'imu_sensor_broadcaster' build argument 'cmake_target' from command line to 'None'
[0.281s] [34mcolcon.colcon_core.verb[0m [1;30mLevel 5[0m set package 'imu_sensor_broadcaster' build argument 'cmake_target_skip_unavailable' from command line to 'False'
[0.281s] [34mcolcon.colcon_core.verb[0m [1;30mLevel 5[0m set package 'imu_sensor_broadcaster' build argument 'cmake_clean_cache' from command line to 'False'
[0.281s] [34mcolcon.colcon_core.verb[0m [1;30mLevel 5[0m set package 'imu_sensor_broadcaster' build argument 'cmake_clean_first' from command line to 'False'
[0.281s] [34mcolcon.colcon_core.verb[0m [1;30mLevel 5[0m set package 'imu_sensor_broadcaster' build argument 'cmake_force_configure' from command line to 'False'
[0.281s] [34mcolcon.colcon_core.verb[0m [1;30mLevel 5[0m set package 'imu_sensor_broadcaster' build argument 'ament_cmake_args' from command line to 'None'
[0.281s] [34mcolcon.colcon_core.verb[0m [1;30mLevel 5[0m set package 'imu_sensor_broadcaster' build argument 'catkin_cmake_args' from command line to 'None'
[0.281s] [34mcolcon.colcon_core.verb[0m [1;30mLevel 5[0m set package 'imu_sensor_broadcaster' build argument 'catkin_skip_building_tests' from command line to 'False'
[0.281s] [34mcolcon.colcon_core.verb[0m [1;30mDEBUG[0m [32mBuilding package 'imu_sensor_broadcaster' with the following arguments: {'ament_cmake_args': None, 'build_base': '/home/libok/um_file/build/imu_sensor_broadcaster', 'catkin_cmake_args': None, 'catkin_skip_building_tests': False, 'cmake_args': None, 'cmake_clean_cache': False, 'cmake_clean_first': False, 'cmake_force_configure': False, 'cmake_target': None, 'cmake_target_skip_unavailable': False, 'install_base': '/home/libok/um_file/install/imu_sensor_broadcaster', 'merge_install': False, 'path': '/home/libok/um_file/ros2_controllers/imu_sensor_broadcaster', 'symlink_install': False, 'test_result_base': None}[0m
[0.281s] [34mcolcon.colcon_core.verb[0m [1;30mLevel 5[0m set package 'joint_state_broadcaster' build argument 'cmake_args' from command line to 'None'
[0.281s] [34mcolcon.colcon_core.verb[0m [1;30mLevel 5[0m set package 'joint_state_broadcaster' build argument 'cmake_target' from command line to 'None'
[0.281s] [34mcolcon.colcon_core.verb[0m [1;30mLevel 5[0m set package 'joint_state_broadcaster' build argument 'cmake_target_skip_unavailable' from command line to 'False'
[0.281s] [34mcolcon.colcon_core.verb[0m [1;30mLevel 5[0m set package 'joint_state_broadcaster' build argument 'cmake_clean_cache' from command line to 'False'
[0.281s] [34mcolcon.colcon_core.verb[0m [1;30mLevel 5[0m set package 'joint_state_broadcaster' build argument 'cmake_clean_first' from command line to 'False'
[0.281s] [34mcolcon.colcon_core.verb[0m [1;30mLevel 5[0m set package 'joint_state_broadcaster' build argument 'cmake_force_configure' from command line to 'False'
[0.281s] [34mcolcon.colcon_core.verb[0m [1;30mLevel 5[0m set package 'joint_state_broadcaster' build argument 'ament_cmake_args' from command line to 'None'
[0.281s] [34mcolcon.colcon_core.verb[0m [1;30mLevel 5[0m set package 'joint_state_broadcaster' build argument 'catkin_cmake_args' from command line to 'None'
[0.281s] [34mcolcon.colcon_core.verb[0m [1;30mLevel 5[0m set package 'joint_state_broadcaster' build argument 'catkin_skip_building_tests' from command line to 'False'
[0.281s] [34mcolcon.colcon_core.verb[0m [1;30mDEBUG[0m [32mBuilding package 'joint_state_broadcaster' with the following arguments: {'ament_cmake_args': None, 'build_base': '/home/libok/um_file/build/joint_state_broadcaster', 'catkin_cmake_args': None, 'catkin_skip_building_tests': False, 'cmake_args': None, 'cmake_clean_cache': False, 'cmake_clean_first': False, 'cmake_force_configure': False, 'cmake_target': None, 'cmake_target_skip_unavailable': False, 'install_base': '/home/libok/um_file/install/joint_state_broadcaster', 'merge_install': False, 'path': '/home/libok/um_file/ros2_controllers/joint_state_broadcaster', 'symlink_install': False, 'test_result_base': None}[0m
[0.281s] [34mcolcon.colcon_core.verb[0m [1;30mLevel 5[0m set package 'joint_trajectory_controller' build argument 'cmake_args' from command line to 'None'
[0.281s] [34mcolcon.colcon_core.verb[0m [1;30mLevel 5[0m set package 'joint_trajectory_controller' build argument 'cmake_target' from command line to 'None'
[0.281s] [34mcolcon.colcon_core.verb[0m [1;30mLevel 5[0m set package 'joint_trajectory_controller' build argument 'cmake_target_skip_unavailable' from command line to 'False'
[0.281s] [34mcolcon.colcon_core.verb[0m [1;30mLevel 5[0m set package 'joint_trajectory_controller' build argument 'cmake_clean_cache' from command line to 'False'
[0.281s] [34mcolcon.colcon_core.verb[0m [1;30mLevel 5[0m set package 'joint_trajectory_controller' build argument 'cmake_clean_first' from command line to 'False'
[0.281s] [34mcolcon.colcon_core.verb[0m [1;30mLevel 5[0m set package 'joint_trajectory_controller' build argument 'cmake_force_configure' from command line to 'False'
[0.281s] [34mcolcon.colcon_core.verb[0m [1;30mLevel 5[0m set package 'joint_trajectory_controller' build argument 'ament_cmake_args' from command line to 'None'
[0.281s] [34mcolcon.colcon_core.verb[0m [1;30mLevel 5[0m set package 'joint_trajectory_controller' build argument 'catkin_cmake_args' from command line to 'None'
[0.281s] [34mcolcon.colcon_core.verb[0m [1;30mLevel 5[0m set package 'joint_trajectory_controller' build argument 'catkin_skip_building_tests' from command line to 'False'
[0.281s] [34mcolcon.colcon_core.verb[0m [1;30mDEBUG[0m [32mBuilding package 'joint_trajectory_controller' with the following arguments: {'ament_cmake_args': None, 'build_base': '/home/libok/um_file/build/joint_trajectory_controller', 'catkin_cmake_args': None, 'catkin_skip_building_tests': False, 'cmake_args': None, 'cmake_clean_cache': False, 'cmake_clean_first': False, 'cmake_force_configure': False, 'cmake_target': None, 'cmake_target_skip_unavailable': False, 'install_base': '/home/libok/um_file/install/joint_trajectory_controller', 'merge_install': False, 'path': '/home/libok/um_file/ros2_controllers/joint_trajectory_controller', 'symlink_install': False, 'test_result_base': None}[0m
[0.282s] [34mcolcon.colcon_core.verb[0m [1;30mLevel 5[0m set package 'mecanum_drive_controller' build argument 'cmake_args' from command line to 'None'
[0.282s] [34mcolcon.colcon_core.verb[0m [1;30mLevel 5[0m set package 'mecanum_drive_controller' build argument 'cmake_target' from command line to 'None'
[0.282s] [34mcolcon.colcon_core.verb[0m [1;30mLevel 5[0m set package 'mecanum_drive_controller' build argument 'cmake_target_skip_unavailable' from command line to 'False'
[0.282s] [34mcolcon.colcon_core.verb[0m [1;30mLevel 5[0m set package 'mecanum_drive_controller' build argument 'cmake_clean_cache' from command line to 'False'
[0.282s] [34mcolcon.colcon_core.verb[0m [1;30mLevel 5[0m set package 'mecanum_drive_controller' build argument 'cmake_clean_first' from command line to 'False'
[0.282s] [34mcolcon.colcon_core.verb[0m [1;30mLevel 5[0m set package 'mecanum_drive_controller' build argument 'cmake_force_configure' from command line to 'False'
[0.282s] [34mcolcon.colcon_core.verb[0m [1;30mLevel 5[0m set package 'mecanum_drive_controller' build argument 'ament_cmake_args' from command line to 'None'
[0.282s] [34mcolcon.colcon_core.verb[0m [1;30mLevel 5[0m set package 'mecanum_drive_controller' build argument 'catkin_cmake_args' from command line to 'None'
[0.282s] [34mcolcon.colcon_core.verb[0m [1;30mLevel 5[0m set package 'mecanum_drive_controller' build argument 'catkin_skip_building_tests' from command line to 'False'
[0.282s] [34mcolcon.colcon_core.verb[0m [1;30mDEBUG[0m [32mBuilding package 'mecanum_drive_controller' with the following arguments: {'ament_cmake_args': None, 'build_base': '/home/libok/um_file/build/mecanum_drive_controller', 'catkin_cmake_args': None, 'catkin_skip_building_tests': False, 'cmake_args': None, 'cmake_clean_cache': False, 'cmake_clean_first': False, 'cmake_force_configure': False, 'cmake_target': None, 'cmake_target_skip_unavailable': False, 'install_base': '/home/libok/um_file/install/mecanum_drive_controller', 'merge_install': False, 'path': '/home/libok/um_file/ros2_controllers/mecanum_drive_controller', 'symlink_install': False, 'test_result_base': None}[0m
[0.282s] [34mcolcon.colcon_core.verb[0m [1;30mLevel 5[0m set package 'pid_controller' build argument 'cmake_args' from command line to 'None'
[0.282s] [34mcolcon.colcon_core.verb[0m [1;30mLevel 5[0m set package 'pid_controller' build argument 'cmake_target' from command line to 'None'
[0.282s] [34mcolcon.colcon_core.verb[0m [1;30mLevel 5[0m set package 'pid_controller' build argument 'cmake_target_skip_unavailable' from command line to 'False'
[0.282s] [34mcolcon.colcon_core.verb[0m [1;30mLevel 5[0m set package 'pid_controller' build argument 'cmake_clean_cache' from command line to 'False'
[0.282s] [34mcolcon.colcon_core.verb[0m [1;30mLevel 5[0m set package 'pid_controller' build argument 'cmake_clean_first' from command line to 'False'
[0.282s] [34mcolcon.colcon_core.verb[0m [1;30mLevel 5[0m set package 'pid_controller' build argument 'cmake_force_configure' from command line to 'False'
[0.282s] [34mcolcon.colcon_core.verb[0m [1;30mLevel 5[0m set package 'pid_controller' build argument 'ament_cmake_args' from command line to 'None'
[0.282s] [34mcolcon.colcon_core.verb[0m [1;30mLevel 5[0m set package 'pid_controller' build argument 'catkin_cmake_args' from command line to 'None'
[0.282s] [34mcolcon.colcon_core.verb[0m [1;30mLevel 5[0m set package 'pid_controller' build argument 'catkin_skip_building_tests' from command line to 'False'
[0.282s] [34mcolcon.colcon_core.verb[0m [1;30mDEBUG[0m [32mBuilding package 'pid_controller' with the following arguments: {'ament_cmake_args': None, 'build_base': '/home/libok/um_file/build/pid_controller', 'catkin_cmake_args': None, 'catkin_skip_building_tests': False, 'cmake_args': None, 'cmake_clean_cache': False, 'cmake_clean_first': False, 'cmake_force_configure': False, 'cmake_target': None, 'cmake_target_skip_unavailable': False, 'install_base': '/home/libok/um_file/install/pid_controller', 'merge_install': False, 'path': '/home/libok/um_file/ros2_controllers/pid_controller', 'symlink_install': False, 'test_result_base': None}[0m
[0.282s] [34mcolcon.colcon_core.verb[0m [1;30mLevel 5[0m set package 'pose_broadcaster' build argument 'cmake_args' from command line to 'None'
[0.282s] [34mcolcon.colcon_core.verb[0m [1;30mLevel 5[0m set package 'pose_broadcaster' build argument 'cmake_target' from command line to 'None'
[0.282s] [34mcolcon.colcon_core.verb[0m [1;30mLevel 5[0m set package 'pose_broadcaster' build argument 'cmake_target_skip_unavailable' from command line to 'False'
[0.282s] [34mcolcon.colcon_core.verb[0m [1;30mLevel 5[0m set package 'pose_broadcaster' build argument 'cmake_clean_cache' from command line to 'False'
[0.282s] [34mcolcon.colcon_core.verb[0m [1;30mLevel 5[0m set package 'pose_broadcaster' build argument 'cmake_clean_first' from command line to 'False'
[0.282s] [34mcolcon.colcon_core.verb[0m [1;30mLevel 5[0m set package 'pose_broadcaster' build argument 'cmake_force_configure' from command line to 'False'
[0.282s] [34mcolcon.colcon_core.verb[0m [1;30mLevel 5[0m set package 'pose_broadcaster' build argument 'ament_cmake_args' from command line to 'None'
[0.282s] [34mcolcon.colcon_core.verb[0m [1;30mLevel 5[0m set package 'pose_broadcaster' build argument 'catkin_cmake_args' from command line to 'None'
[0.282s] [34mcolcon.colcon_core.verb[0m [1;30mLevel 5[0m set package 'pose_broadcaster' build argument 'catkin_skip_building_tests' from command line to 'False'
[0.282s] [34mcolcon.colcon_core.verb[0m [1;30mDEBUG[0m [32mBuilding package 'pose_broadcaster' with the following arguments: {'ament_cmake_args': None, 'build_base': '/home/libok/um_file/build/pose_broadcaster', 'catkin_cmake_args': None, 'catkin_skip_building_tests': False, 'cmake_args': None, 'cmake_clean_cache': False, 'cmake_clean_first': False, 'cmake_force_configure': False, 'cmake_target': None, 'cmake_target_skip_unavailable': False, 'install_base': '/home/libok/um_file/install/pose_broadcaster', 'merge_install': False, 'path': '/home/libok/um_file/ros2_controllers/pose_broadcaster', 'symlink_install': False, 'test_result_base': None}[0m
[0.283s] [34mcolcon.colcon_core.verb[0m [1;30mLevel 5[0m set package 'range_sensor_broadcaster' build argument 'cmake_args' from command line to 'None'
[0.283s] [34mcolcon.colcon_core.verb[0m [1;30mLevel 5[0m set package 'range_sensor_broadcaster' build argument 'cmake_target' from command line to 'None'
[0.283s] [34mcolcon.colcon_core.verb[0m [1;30mLevel 5[0m set package 'range_sensor_broadcaster' build argument 'cmake_target_skip_unavailable' from command line to 'False'
[0.283s] [34mcolcon.colcon_core.verb[0m [1;30mLevel 5[0m set package 'range_sensor_broadcaster' build argument 'cmake_clean_cache' from command line to 'False'
[0.283s] [34mcolcon.colcon_core.verb[0m [1;30mLevel 5[0m set package 'range_sensor_broadcaster' build argument 'cmake_clean_first' from command line to 'False'
[0.283s] [34mcolcon.colcon_core.verb[0m [1;30mLevel 5[0m set package 'range_sensor_broadcaster' build argument 'cmake_force_configure' from command line to 'False'
[0.283s] [34mcolcon.colcon_core.verb[0m [1;30mLevel 5[0m set package 'range_sensor_broadcaster' build argument 'ament_cmake_args' from command line to 'None'
[0.283s] [34mcolcon.colcon_core.verb[0m [1;30mLevel 5[0m set package 'range_sensor_broadcaster' build argument 'catkin_cmake_args' from command line to 'None'
[0.283s] [34mcolcon.colcon_core.verb[0m [1;30mLevel 5[0m set package 'range_sensor_broadcaster' build argument 'catkin_skip_building_tests' from command line to 'False'
[0.283s] [34mcolcon.colcon_core.verb[0m [1;30mDEBUG[0m [32mBuilding package 'range_sensor_broadcaster' with the following arguments: {'ament_cmake_args': None, 'build_base': '/home/libok/um_file/build/range_sensor_broadcaster', 'catkin_cmake_args': None, 'catkin_skip_building_tests': False, 'cmake_args': None, 'cmake_clean_cache': False, 'cmake_clean_first': False, 'cmake_force_configure': False, 'cmake_target': None, 'cmake_target_skip_unavailable': False, 'install_base': '/home/libok/um_file/install/range_sensor_broadcaster', 'merge_install': False, 'path': '/home/libok/um_file/ros2_controllers/range_sensor_broadcaster', 'symlink_install': False, 'test_result_base': None}[0m
[0.283s] [34mcolcon.colcon_core.verb[0m [1;30mLevel 5[0m set package 'robotiq_controllers' build argument 'cmake_args' from command line to 'None'
[0.283s] [34mcolcon.colcon_core.verb[0m [1;30mLevel 5[0m set package 'robotiq_controllers' build argument 'cmake_target' from command line to 'None'
[0.283s] [34mcolcon.colcon_core.verb[0m [1;30mLevel 5[0m set package 'robotiq_controllers' build argument 'cmake_target_skip_unavailable' from command line to 'False'
[0.283s] [34mcolcon.colcon_core.verb[0m [1;30mLevel 5[0m set package 'robotiq_controllers' build argument 'cmake_clean_cache' from command line to 'False'
[0.283s] [34mcolcon.colcon_core.verb[0m [1;30mLevel 5[0m set package 'robotiq_controllers' build argument 'cmake_clean_first' from command line to 'False'
[0.283s] [34mcolcon.colcon_core.verb[0m [1;30mLevel 5[0m set package 'robotiq_controllers' build argument 'cmake_force_configure' from command line to 'False'
[0.283s] [34mcolcon.colcon_core.verb[0m [1;30mLevel 5[0m set package 'robotiq_controllers' build argument 'ament_cmake_args' from command line to 'None'
[0.283s] [34mcolcon.colcon_core.verb[0m [1;30mLevel 5[0m set package 'robotiq_controllers' build argument 'catkin_cmake_args' from command line to 'None'
[0.283s] [34mcolcon.colcon_core.verb[0m [1;30mLevel 5[0m set package 'robotiq_controllers' build argument 'catkin_skip_building_tests' from command line to 'False'
[0.283s] [34mcolcon.colcon_core.verb[0m [1;30mDEBUG[0m [32mBuilding package 'robotiq_controllers' with the following arguments: {'ament_cmake_args': None, 'build_base': '/home/libok/um_file/build/robotiq_controllers', 'catkin_cmake_args': None, 'catkin_skip_building_tests': False, 'cmake_args': None, 'cmake_clean_cache': False, 'cmake_clean_first': False, 'cmake_force_configure': False, 'cmake_target': None, 'cmake_target_skip_unavailable': False, 'install_base': '/home/libok/um_file/install/robotiq_controllers', 'merge_install': False, 'path': '/home/libok/um_file/ros2_robotiq_gripper/robotiq_controllers', 'symlink_install': False, 'test_result_base': None}[0m
[0.283s] [34mcolcon.colcon_core.verb[0m [1;30mLevel 5[0m set package 'ros2srrc_ar4' build argument 'cmake_args' from command line to 'None'
[0.283s] [34mcolcon.colcon_core.verb[0m [1;30mLevel 5[0m set package 'ros2srrc_ar4' build argument 'cmake_target' from command line to 'None'
[0.283s] [34mcolcon.colcon_core.verb[0m [1;30mLevel 5[0m set package 'ros2srrc_ar4' build argument 'cmake_target_skip_unavailable' from command line to 'False'
[0.283s] [34mcolcon.colcon_core.verb[0m [1;30mLevel 5[0m set package 'ros2srrc_ar4' build argument 'cmake_clean_cache' from command line to 'False'
[0.283s] [34mcolcon.colcon_core.verb[0m [1;30mLevel 5[0m set package 'ros2srrc_ar4' build argument 'cmake_clean_first' from command line to 'False'
[0.283s] [34mcolcon.colcon_core.verb[0m [1;30mLevel 5[0m set package 'ros2srrc_ar4' build argument 'cmake_force_configure' from command line to 'False'
[0.283s] [34mcolcon.colcon_core.verb[0m [1;30mLevel 5[0m set package 'ros2srrc_ar4' build argument 'ament_cmake_args' from command line to 'None'
[0.283s] [34mcolcon.colcon_core.verb[0m [1;30mLevel 5[0m set package 'ros2srrc_ar4' build argument 'catkin_cmake_args' from command line to 'None'
[0.283s] [34mcolcon.colcon_core.verb[0m [1;30mLevel 5[0m set package 'ros2srrc_ar4' build argument 'catkin_skip_building_tests' from command line to 'False'
[0.284s] [34mcolcon.colcon_core.verb[0m [1;30mDEBUG[0m [32mBuilding package 'ros2srrc_ar4' with the following arguments: {'ament_cmake_args': None, 'build_base': '/home/libok/um_file/build/ros2srrc_ar4', 'catkin_cmake_args': None, 'catkin_skip_building_tests': False, 'cmake_args': None, 'cmake_clean_cache': False, 'cmake_clean_first': False, 'cmake_force_configure': False, 'cmake_target': None, 'cmake_target_skip_unavailable': False, 'install_base': '/home/libok/um_file/install/ros2srrc_ar4', 'merge_install': False, 'path': '/home/libok/um_file/packages/ros2srrc_ar4', 'symlink_install': False, 'test_result_base': None}[0m
[0.284s] [34mcolcon.colcon_core.verb[0m [1;30mLevel 5[0m set package 'ros2srrc_data' build argument 'cmake_args' from command line to 'None'
[0.284s] [34mcolcon.colcon_core.verb[0m [1;30mLevel 5[0m set package 'ros2srrc_data' build argument 'cmake_target' from command line to 'None'
[0.284s] [34mcolcon.colcon_core.verb[0m [1;30mLevel 5[0m set package 'ros2srrc_data' build argument 'cmake_target_skip_unavailable' from command line to 'False'
[0.284s] [34mcolcon.colcon_core.verb[0m [1;30mLevel 5[0m set package 'ros2srrc_data' build argument 'cmake_clean_cache' from command line to 'False'
[0.284s] [34mcolcon.colcon_core.verb[0m [1;30mLevel 5[0m set package 'ros2srrc_data' build argument 'cmake_clean_first' from command line to 'False'
[0.284s] [34mcolcon.colcon_core.verb[0m [1;30mLevel 5[0m set package 'ros2srrc_data' build argument 'cmake_force_configure' from command line to 'False'
[0.284s] [34mcolcon.colcon_core.verb[0m [1;30mLevel 5[0m set package 'ros2srrc_data' build argument 'ament_cmake_args' from command line to 'None'
[0.284s] [34mcolcon.colcon_core.verb[0m [1;30mLevel 5[0m set package 'ros2srrc_data' build argument 'catkin_cmake_args' from command line to 'None'
[0.284s] [34mcolcon.colcon_core.verb[0m [1;30mLevel 5[0m set package 'ros2srrc_data' build argument 'catkin_skip_building_tests' from command line to 'False'
[0.284s] [34mcolcon.colcon_core.verb[0m [1;30mDEBUG[0m [32mBuilding package 'ros2srrc_data' with the following arguments: {'ament_cmake_args': None, 'build_base': '/home/libok/um_file/build/ros2srrc_data', 'catkin_cmake_args': None, 'catkin_skip_building_tests': False, 'cmake_args': None, 'cmake_clean_cache': False, 'cmake_clean_first': False, 'cmake_force_configure': False, 'cmake_target': None, 'cmake_target_skip_unavailable': False, 'install_base': '/home/libok/um_file/install/ros2srrc_data', 'merge_install': False, 'path': '/home/libok/um_file/ros2srrc_data', 'symlink_install': False, 'test_result_base': None}[0m
[0.284s] [34mcolcon.colcon_core.verb[0m [1;30mLevel 5[0m set package 'ros2srrc_endeffectors' build argument 'cmake_args' from command line to 'None'
[0.284s] [34mcolcon.colcon_core.verb[0m [1;30mLevel 5[0m set package 'ros2srrc_endeffectors' build argument 'cmake_target' from command line to 'None'
[0.284s] [34mcolcon.colcon_core.verb[0m [1;30mLevel 5[0m set package 'ros2srrc_endeffectors' build argument 'cmake_target_skip_unavailable' from command line to 'False'
[0.284s] [34mcolcon.colcon_core.verb[0m [1;30mLevel 5[0m set package 'ros2srrc_endeffectors' build argument 'cmake_clean_cache' from command line to 'False'
[0.284s] [34mcolcon.colcon_core.verb[0m [1;30mLevel 5[0m set package 'ros2srrc_endeffectors' build argument 'cmake_clean_first' from command line to 'False'
[0.284s] [34mcolcon.colcon_core.verb[0m [1;30mLevel 5[0m set package 'ros2srrc_endeffectors' build argument 'cmake_force_configure' from command line to 'False'
[0.284s] [34mcolcon.colcon_core.verb[0m [1;30mLevel 5[0m set package 'ros2srrc_endeffectors' build argument 'ament_cmake_args' from command line to 'None'
[0.284s] [34mcolcon.colcon_core.verb[0m [1;30mLevel 5[0m set package 'ros2srrc_endeffectors' build argument 'catkin_cmake_args' from command line to 'None'
[0.284s] [34mcolcon.colcon_core.verb[0m [1;30mLevel 5[0m set package 'ros2srrc_endeffectors' build argument 'catkin_skip_building_tests' from command line to 'False'
[0.284s] [34mcolcon.colcon_core.verb[0m [1;30mDEBUG[0m [32mBuilding package 'ros2srrc_endeffectors' with the following arguments: {'ament_cmake_args': None, 'build_base': '/home/libok/um_file/build/ros2srrc_endeffectors', 'catkin_cmake_args': None, 'catkin_skip_building_tests': False, 'cmake_args': None, 'cmake_clean_cache': False, 'cmake_clean_first': False, 'cmake_force_configure': False, 'cmake_target': None, 'cmake_target_skip_unavailable': False, 'install_base': '/home/libok/um_file/install/ros2srrc_endeffectors', 'merge_install': False, 'path': '/home/libok/um_file/ros2srrc_endeffectors', 'symlink_install': False, 'test_result_base': None}[0m
[0.284s] [34mcolcon.colcon_core.verb[0m [1;30mLevel 5[0m set package 'ros2srrc_gazebo' build argument 'cmake_args' from command line to 'None'
[0.284s] [34mcolcon.colcon_core.verb[0m [1;30mLevel 5[0m set package 'ros2srrc_gazebo' build argument 'cmake_target' from command line to 'None'
[0.284s] [34mcolcon.colcon_core.verb[0m [1;30mLevel 5[0m set package 'ros2srrc_gazebo' build argument 'cmake_target_skip_unavailable' from command line to 'False'
[0.284s] [34mcolcon.colcon_core.verb[0m [1;30mLevel 5[0m set package 'ros2srrc_gazebo' build argument 'cmake_clean_cache' from command line to 'False'
[0.284s] [34mcolcon.colcon_core.verb[0m [1;30mLevel 5[0m set package 'ros2srrc_gazebo' build argument 'cmake_clean_first' from command line to 'False'
[0.284s] [34mcolcon.colcon_core.verb[0m [1;30mLevel 5[0m set package 'ros2srrc_gazebo' build argument 'cmake_force_configure' from command line to 'False'
[0.284s] [34mcolcon.colcon_core.verb[0m [1;30mLevel 5[0m set package 'ros2srrc_gazebo' build argument 'ament_cmake_args' from command line to 'None'
[0.284s] [34mcolcon.colcon_core.verb[0m [1;30mLevel 5[0m set package 'ros2srrc_gazebo' build argument 'catkin_cmake_args' from command line to 'None'
[0.284s] [34mcolcon.colcon_core.verb[0m [1;30mLevel 5[0m set package 'ros2srrc_gazebo' build argument 'catkin_skip_building_tests' from command line to 'False'
[0.284s] [34mcolcon.colcon_core.verb[0m [1;30mDEBUG[0m [32mBuilding package 'ros2srrc_gazebo' with the following arguments: {'ament_cmake_args': None, 'build_base': '/home/libok/um_file/build/ros2srrc_gazebo', 'catkin_cmake_args': None, 'catkin_skip_building_tests': False, 'cmake_args': None, 'cmake_clean_cache': False, 'cmake_clean_first': False, 'cmake_force_configure': False, 'cmake_target': None, 'cmake_target_skip_unavailable': False, 'install_base': '/home/libok/um_file/install/ros2srrc_gazebo', 'merge_install': False, 'path': '/home/libok/um_file/ros2srrc_gazebo', 'symlink_install': False, 'test_result_base': None}[0m
[0.285s] [34mcolcon.colcon_core.verb[0m [1;30mLevel 5[0m set package 'ros2srrc_iiwa' build argument 'cmake_args' from command line to 'None'
[0.285s] [34mcolcon.colcon_core.verb[0m [1;30mLevel 5[0m set package 'ros2srrc_iiwa' build argument 'cmake_target' from command line to 'None'
[0.285s] [34mcolcon.colcon_core.verb[0m [1;30mLevel 5[0m set package 'ros2srrc_iiwa' build argument 'cmake_target_skip_unavailable' from command line to 'False'
[0.285s] [34mcolcon.colcon_core.verb[0m [1;30mLevel 5[0m set package 'ros2srrc_iiwa' build argument 'cmake_clean_cache' from command line to 'False'
[0.285s] [34mcolcon.colcon_core.verb[0m [1;30mLevel 5[0m set package 'ros2srrc_iiwa' build argument 'cmake_clean_first' from command line to 'False'
[0.285s] [34mcolcon.colcon_core.verb[0m [1;30mLevel 5[0m set package 'ros2srrc_iiwa' build argument 'cmake_force_configure' from command line to 'False'
[0.285s] [34mcolcon.colcon_core.verb[0m [1;30mLevel 5[0m set package 'ros2srrc_iiwa' build argument 'ament_cmake_args' from command line to 'None'
[0.285s] [34mcolcon.colcon_core.verb[0m [1;30mLevel 5[0m set package 'ros2srrc_iiwa' build argument 'catkin_cmake_args' from command line to 'None'
[0.285s] [34mcolcon.colcon_core.verb[0m [1;30mLevel 5[0m set package 'ros2srrc_iiwa' build argument 'catkin_skip_building_tests' from command line to 'False'
[0.285s] [34mcolcon.colcon_core.verb[0m [1;30mDEBUG[0m [32mBuilding package 'ros2srrc_iiwa' with the following arguments: {'ament_cmake_args': None, 'build_base': '/home/libok/um_file/build/ros2srrc_iiwa', 'catkin_cmake_args': None, 'catkin_skip_building_tests': False, 'cmake_args': None, 'cmake_clean_cache': False, 'cmake_clean_first': False, 'cmake_force_configure': False, 'cmake_target': None, 'cmake_target_skip_unavailable': False, 'install_base': '/home/libok/um_file/install/ros2srrc_iiwa', 'merge_install': False, 'path': '/home/libok/um_file/packages/ros2srrc_iiwa', 'symlink_install': False, 'test_result_base': None}[0m
[0.285s] [34mcolcon.colcon_core.verb[0m [1;30mLevel 5[0m set package 'ros2srrc_irb120' build argument 'cmake_args' from command line to 'None'
[0.285s] [34mcolcon.colcon_core.verb[0m [1;30mLevel 5[0m set package 'ros2srrc_irb120' build argument 'cmake_target' from command line to 'None'
[0.285s] [34mcolcon.colcon_core.verb[0m [1;30mLevel 5[0m set package 'ros2srrc_irb120' build argument 'cmake_target_skip_unavailable' from command line to 'False'
[0.285s] [34mcolcon.colcon_core.verb[0m [1;30mLevel 5[0m set package 'ros2srrc_irb120' build argument 'cmake_clean_cache' from command line to 'False'
[0.285s] [34mcolcon.colcon_core.verb[0m [1;30mLevel 5[0m set package 'ros2srrc_irb120' build argument 'cmake_clean_first' from command line to 'False'
[0.285s] [34mcolcon.colcon_core.verb[0m [1;30mLevel 5[0m set package 'ros2srrc_irb120' build argument 'cmake_force_configure' from command line to 'False'
[0.285s] [34mcolcon.colcon_core.verb[0m [1;30mLevel 5[0m set package 'ros2srrc_irb120' build argument 'ament_cmake_args' from command line to 'None'
[0.285s] [34mcolcon.colcon_core.verb[0m [1;30mLevel 5[0m set package 'ros2srrc_irb120' build argument 'catkin_cmake_args' from command line to 'None'
[0.285s] [34mcolcon.colcon_core.verb[0m [1;30mLevel 5[0m set package 'ros2srrc_irb120' build argument 'catkin_skip_building_tests' from command line to 'False'
[0.285s] [34mcolcon.colcon_core.verb[0m [1;30mDEBUG[0m [32mBuilding package 'ros2srrc_irb120' with the following arguments: {'ament_cmake_args': None, 'build_base': '/home/libok/um_file/build/ros2srrc_irb120', 'catkin_cmake_args': None, 'catkin_skip_building_tests': False, 'cmake_args': None, 'cmake_clean_cache': False, 'cmake_clean_first': False, 'cmake_force_configure': False, 'cmake_target': None, 'cmake_target_skip_unavailable': False, 'install_base': '/home/libok/um_file/install/ros2srrc_irb120', 'merge_install': False, 'path': '/home/libok/um_file/packages/ros2srrc_irb120', 'symlink_install': False, 'test_result_base': None}[0m
[0.285s] [34mcolcon.colcon_core.verb[0m [1;30mLevel 5[0m set package 'ros2srrc_irb1200' build argument 'cmake_args' from command line to 'None'
[0.285s] [34mcolcon.colcon_core.verb[0m [1;30mLevel 5[0m set package 'ros2srrc_irb1200' build argument 'cmake_target' from command line to 'None'
[0.285s] [34mcolcon.colcon_core.verb[0m [1;30mLevel 5[0m set package 'ros2srrc_irb1200' build argument 'cmake_target_skip_unavailable' from command line to 'False'
[0.285s] [34mcolcon.colcon_core.verb[0m [1;30mLevel 5[0m set package 'ros2srrc_irb1200' build argument 'cmake_clean_cache' from command line to 'False'
[0.285s] [34mcolcon.colcon_core.verb[0m [1;30mLevel 5[0m set package 'ros2srrc_irb1200' build argument 'cmake_clean_first' from command line to 'False'
[0.285s] [34mcolcon.colcon_core.verb[0m [1;30mLevel 5[0m set package 'ros2srrc_irb1200' build argument 'cmake_force_configure' from command line to 'False'
[0.285s] [34mcolcon.colcon_core.verb[0m [1;30mLevel 5[0m set package 'ros2srrc_irb1200' build argument 'ament_cmake_args' from command line to 'None'
[0.285s] [34mcolcon.colcon_core.verb[0m [1;30mLevel 5[0m set package 'ros2srrc_irb1200' build argument 'catkin_cmake_args' from command line to 'None'
[0.285s] [34mcolcon.colcon_core.verb[0m [1;30mLevel 5[0m set package 'ros2srrc_irb1200' build argument 'catkin_skip_building_tests' from command line to 'False'
[0.286s] [34mcolcon.colcon_core.verb[0m [1;30mDEBUG[0m [32mBuilding package 'ros2srrc_irb1200' with the following arguments: {'ament_cmake_args': None, 'build_base': '/home/libok/um_file/build/ros2srrc_irb1200', 'catkin_cmake_args': None, 'catkin_skip_building_tests': False, 'cmake_args': None, 'cmake_clean_cache': False, 'cmake_clean_first': False, 'cmake_force_configure': False, 'cmake_target': None, 'cmake_target_skip_unavailable': False, 'install_base': '/home/libok/um_file/install/ros2srrc_irb1200', 'merge_install': False, 'path': '/home/libok/um_file/packages/ros2srrc_irb1200', 'symlink_install': False, 'test_result_base': None}[0m
[0.286s] [34mcolcon.colcon_core.verb[0m [1;30mLevel 5[0m set package 'ros2srrc_irb1600' build argument 'cmake_args' from command line to 'None'
[0.286s] [34mcolcon.colcon_core.verb[0m [1;30mLevel 5[0m set package 'ros2srrc_irb1600' build argument 'cmake_target' from command line to 'None'
[0.286s] [34mcolcon.colcon_core.verb[0m [1;30mLevel 5[0m set package 'ros2srrc_irb1600' build argument 'cmake_target_skip_unavailable' from command line to 'False'
[0.286s] [34mcolcon.colcon_core.verb[0m [1;30mLevel 5[0m set package 'ros2srrc_irb1600' build argument 'cmake_clean_cache' from command line to 'False'
[0.286s] [34mcolcon.colcon_core.verb[0m [1;30mLevel 5[0m set package 'ros2srrc_irb1600' build argument 'cmake_clean_first' from command line to 'False'
[0.286s] [34mcolcon.colcon_core.verb[0m [1;30mLevel 5[0m set package 'ros2srrc_irb1600' build argument 'cmake_force_configure' from command line to 'False'
[0.286s] [34mcolcon.colcon_core.verb[0m [1;30mLevel 5[0m set package 'ros2srrc_irb1600' build argument 'ament_cmake_args' from command line to 'None'
[0.286s] [34mcolcon.colcon_core.verb[0m [1;30mLevel 5[0m set package 'ros2srrc_irb1600' build argument 'catkin_cmake_args' from command line to 'None'
[0.286s] [34mcolcon.colcon_core.verb[0m [1;30mLevel 5[0m set package 'ros2srrc_irb1600' build argument 'catkin_skip_building_tests' from command line to 'False'
[0.286s] [34mcolcon.colcon_core.verb[0m [1;30mDEBUG[0m [32mBuilding package 'ros2srrc_irb1600' with the following arguments: {'ament_cmake_args': None, 'build_base': '/home/libok/um_file/build/ros2srrc_irb1600', 'catkin_cmake_args': None, 'catkin_skip_building_tests': False, 'cmake_args': None, 'cmake_clean_cache': False, 'cmake_clean_first': False, 'cmake_force_configure': False, 'cmake_target': None, 'cmake_target_skip_unavailable': False, 'install_base': '/home/libok/um_file/install/ros2srrc_irb1600', 'merge_install': False, 'path': '/home/libok/um_file/packages/ros2srrc_irb1600', 'symlink_install': False, 'test_result_base': None}[0m
[0.286s] [34mcolcon.colcon_core.verb[0m [1;30mLevel 5[0m set package 'ros2srrc_irb6640' build argument 'cmake_args' from command line to 'None'
[0.286s] [34mcolcon.colcon_core.verb[0m [1;30mLevel 5[0m set package 'ros2srrc_irb6640' build argument 'cmake_target' from command line to 'None'
[0.286s] [34mcolcon.colcon_core.verb[0m [1;30mLevel 5[0m set package 'ros2srrc_irb6640' build argument 'cmake_target_skip_unavailable' from command line to 'False'
[0.286s] [34mcolcon.colcon_core.verb[0m [1;30mLevel 5[0m set package 'ros2srrc_irb6640' build argument 'cmake_clean_cache' from command line to 'False'
[0.286s] [34mcolcon.colcon_core.verb[0m [1;30mLevel 5[0m set package 'ros2srrc_irb6640' build argument 'cmake_clean_first' from command line to 'False'
[0.286s] [34mcolcon.colcon_core.verb[0m [1;30mLevel 5[0m set package 'ros2srrc_irb6640' build argument 'cmake_force_configure' from command line to 'False'
[0.286s] [34mcolcon.colcon_core.verb[0m [1;30mLevel 5[0m set package 'ros2srrc_irb6640' build argument 'ament_cmake_args' from command line to 'None'
[0.286s] [34mcolcon.colcon_core.verb[0m [1;30mLevel 5[0m set package 'ros2srrc_irb6640' build argument 'catkin_cmake_args' from command line to 'None'
[0.286s] [34mcolcon.colcon_core.verb[0m [1;30mLevel 5[0m set package 'ros2srrc_irb6640' build argument 'catkin_skip_building_tests' from command line to 'False'
[0.286s] [34mcolcon.colcon_core.verb[0m [1;30mDEBUG[0m [32mBuilding package 'ros2srrc_irb6640' with the following arguments: {'ament_cmake_args': None, 'build_base': '/home/libok/um_file/build/ros2srrc_irb6640', 'catkin_cmake_args': None, 'catkin_skip_building_tests': False, 'cmake_args': None, 'cmake_clean_cache': False, 'cmake_clean_first': False, 'cmake_force_configure': False, 'cmake_target': None, 'cmake_target_skip_unavailable': False, 'install_base': '/home/libok/um_file/install/ros2srrc_irb6640', 'merge_install': False, 'path': '/home/libok/um_file/packages/ros2srrc_irb6640', 'symlink_install': False, 'test_result_base': None}[0m
[0.286s] [34mcolcon.colcon_core.verb[0m [1;30mLevel 5[0m set package 'ros2srrc_launch' build argument 'cmake_args' from command line to 'None'
[0.286s] [34mcolcon.colcon_core.verb[0m [1;30mLevel 5[0m set package 'ros2srrc_launch' build argument 'cmake_target' from command line to 'None'
[0.286s] [34mcolcon.colcon_core.verb[0m [1;30mLevel 5[0m set package 'ros2srrc_launch' build argument 'cmake_target_skip_unavailable' from command line to 'False'
[0.286s] [34mcolcon.colcon_core.verb[0m [1;30mLevel 5[0m set package 'ros2srrc_launch' build argument 'cmake_clean_cache' from command line to 'False'
[0.286s] [34mcolcon.colcon_core.verb[0m [1;30mLevel 5[0m set package 'ros2srrc_launch' build argument 'cmake_clean_first' from command line to 'False'
[0.286s] [34mcolcon.colcon_core.verb[0m [1;30mLevel 5[0m set package 'ros2srrc_launch' build argument 'cmake_force_configure' from command line to 'False'
[0.286s] [34mcolcon.colcon_core.verb[0m [1;30mLevel 5[0m set package 'ros2srrc_launch' build argument 'ament_cmake_args' from command line to 'None'
[0.286s] [34mcolcon.colcon_core.verb[0m [1;30mLevel 5[0m set package 'ros2srrc_launch' build argument 'catkin_cmake_args' from command line to 'None'
[0.286s] [34mcolcon.colcon_core.verb[0m [1;30mLevel 5[0m set package 'ros2srrc_launch' build argument 'catkin_skip_building_tests' from command line to 'False'
[0.286s] [34mcolcon.colcon_core.verb[0m [1;30mDEBUG[0m [32mBuilding package 'ros2srrc_launch' with the following arguments: {'ament_cmake_args': None, 'build_base': '/home/libok/um_file/build/ros2srrc_launch', 'catkin_cmake_args': None, 'catkin_skip_building_tests': False, 'cmake_args': None, 'cmake_clean_cache': False, 'cmake_clean_first': False, 'cmake_force_configure': False, 'cmake_target': None, 'cmake_target_skip_unavailable': False, 'install_base': '/home/libok/um_file/install/ros2srrc_launch', 'merge_install': False, 'path': '/home/libok/um_file/ros2srrc_launch', 'symlink_install': False, 'test_result_base': None}[0m
[0.287s] [34mcolcon.colcon_core.verb[0m [1;30mLevel 5[0m set package 'ros2srrc_moveit' build argument 'cmake_args' from command line to 'None'
[0.287s] [34mcolcon.colcon_core.verb[0m [1;30mLevel 5[0m set package 'ros2srrc_moveit' build argument 'cmake_target' from command line to 'None'
[0.287s] [34mcolcon.colcon_core.verb[0m [1;30mLevel 5[0m set package 'ros2srrc_moveit' build argument 'cmake_target_skip_unavailable' from command line to 'False'
[0.287s] [34mcolcon.colcon_core.verb[0m [1;30mLevel 5[0m set package 'ros2srrc_moveit' build argument 'cmake_clean_cache' from command line to 'False'
[0.287s] [34mcolcon.colcon_core.verb[0m [1;30mLevel 5[0m set package 'ros2srrc_moveit' build argument 'cmake_clean_first' from command line to 'False'
[0.287s] [34mcolcon.colcon_core.verb[0m [1;30mLevel 5[0m set package 'ros2srrc_moveit' build argument 'cmake_force_configure' from command line to 'False'
[0.287s] [34mcolcon.colcon_core.verb[0m [1;30mLevel 5[0m set package 'ros2srrc_moveit' build argument 'ament_cmake_args' from command line to 'None'
[0.287s] [34mcolcon.colcon_core.verb[0m [1;30mLevel 5[0m set package 'ros2srrc_moveit' build argument 'catkin_cmake_args' from command line to 'None'
[0.287s] [34mcolcon.colcon_core.verb[0m [1;30mLevel 5[0m set package 'ros2srrc_moveit' build argument 'catkin_skip_building_tests' from command line to 'False'
[0.287s] [34mcolcon.colcon_core.verb[0m [1;30mDEBUG[0m [32mBuilding package 'ros2srrc_moveit' with the following arguments: {'ament_cmake_args': None, 'build_base': '/home/libok/um_file/build/ros2srrc_moveit', 'catkin_cmake_args': None, 'catkin_skip_building_tests': False, 'cmake_args': None, 'cmake_clean_cache': False, 'cmake_clean_first': False, 'cmake_force_configure': False, 'cmake_target': None, 'cmake_target_skip_unavailable': False, 'install_base': '/home/libok/um_file/install/ros2srrc_moveit', 'merge_install': False, 'path': '/home/libok/um_file/ros2srrc_moveit', 'symlink_install': False, 'test_result_base': None}[0m
[0.287s] [34mcolcon.colcon_core.verb[0m [1;30mLevel 5[0m set package 'ros2srrc_robots' build argument 'cmake_args' from command line to 'None'
[0.287s] [34mcolcon.colcon_core.verb[0m [1;30mLevel 5[0m set package 'ros2srrc_robots' build argument 'cmake_target' from command line to 'None'
[0.287s] [34mcolcon.colcon_core.verb[0m [1;30mLevel 5[0m set package 'ros2srrc_robots' build argument 'cmake_target_skip_unavailable' from command line to 'False'
[0.287s] [34mcolcon.colcon_core.verb[0m [1;30mLevel 5[0m set package 'ros2srrc_robots' build argument 'cmake_clean_cache' from command line to 'False'
[0.287s] [34mcolcon.colcon_core.verb[0m [1;30mLevel 5[0m set package 'ros2srrc_robots' build argument 'cmake_clean_first' from command line to 'False'
[0.287s] [34mcolcon.colcon_core.verb[0m [1;30mLevel 5[0m set package 'ros2srrc_robots' build argument 'cmake_force_configure' from command line to 'False'
[0.287s] [34mcolcon.colcon_core.verb[0m [1;30mLevel 5[0m set package 'ros2srrc_robots' build argument 'ament_cmake_args' from command line to 'None'
[0.287s] [34mcolcon.colcon_core.verb[0m [1;30mLevel 5[0m set package 'ros2srrc_robots' build argument 'catkin_cmake_args' from command line to 'None'
[0.287s] [34mcolcon.colcon_core.verb[0m [1;30mLevel 5[0m set package 'ros2srrc_robots' build argument 'catkin_skip_building_tests' from command line to 'False'
[0.287s] [34mcolcon.colcon_core.verb[0m [1;30mDEBUG[0m [32mBuilding package 'ros2srrc_robots' with the following arguments: {'ament_cmake_args': None, 'build_base': '/home/libok/um_file/build/ros2srrc_robots', 'catkin_cmake_args': None, 'catkin_skip_building_tests': False, 'cmake_args': None, 'cmake_clean_cache': False, 'cmake_clean_first': False, 'cmake_force_configure': False, 'cmake_target': None, 'cmake_target_skip_unavailable': False, 'install_base': '/home/libok/um_file/install/ros2srrc_robots', 'merge_install': False, 'path': '/home/libok/um_file/ros2srrc_robots', 'symlink_install': False, 'test_result_base': None}[0m
[0.287s] [34mcolcon.colcon_core.verb[0m [1;30mLevel 5[0m set package 'ros2srrc_rx160' build argument 'cmake_args' from command line to 'None'
[0.287s] [34mcolcon.colcon_core.verb[0m [1;30mLevel 5[0m set package 'ros2srrc_rx160' build argument 'cmake_target' from command line to 'None'
[0.287s] [34mcolcon.colcon_core.verb[0m [1;30mLevel 5[0m set package 'ros2srrc_rx160' build argument 'cmake_target_skip_unavailable' from command line to 'False'
[0.287s] [34mcolcon.colcon_core.verb[0m [1;30mLevel 5[0m set package 'ros2srrc_rx160' build argument 'cmake_clean_cache' from command line to 'False'
[0.287s] [34mcolcon.colcon_core.verb[0m [1;30mLevel 5[0m set package 'ros2srrc_rx160' build argument 'cmake_clean_first' from command line to 'False'
[0.287s] [34mcolcon.colcon_core.verb[0m [1;30mLevel 5[0m set package 'ros2srrc_rx160' build argument 'cmake_force_configure' from command line to 'False'
[0.287s] [34mcolcon.colcon_core.verb[0m [1;30mLevel 5[0m set package 'ros2srrc_rx160' build argument 'ament_cmake_args' from command line to 'None'
[0.287s] [34mcolcon.colcon_core.verb[0m [1;30mLevel 5[0m set package 'ros2srrc_rx160' build argument 'catkin_cmake_args' from command line to 'None'
[0.287s] [34mcolcon.colcon_core.verb[0m [1;30mLevel 5[0m set package 'ros2srrc_rx160' build argument 'catkin_skip_building_tests' from command line to 'False'
[0.287s] [34mcolcon.colcon_core.verb[0m [1;30mDEBUG[0m [32mBuilding package 'ros2srrc_rx160' with the following arguments: {'ament_cmake_args': None, 'build_base': '/home/libok/um_file/build/ros2srrc_rx160', 'catkin_cmake_args': None, 'catkin_skip_building_tests': False, 'cmake_args': None, 'cmake_clean_cache': False, 'cmake_clean_first': False, 'cmake_force_configure': False, 'cmake_target': None, 'cmake_target_skip_unavailable': False, 'install_base': '/home/libok/um_file/install/ros2srrc_rx160', 'merge_install': False, 'path': '/home/libok/um_file/packages/ros2srrc_rx160', 'symlink_install': False, 'test_result_base': None}[0m
[0.288s] [34mcolcon.colcon_core.verb[0m [1;30mLevel 5[0m set package 'ros2srrc_ur10' build argument 'cmake_args' from command line to 'None'
[0.288s] [34mcolcon.colcon_core.verb[0m [1;30mLevel 5[0m set package 'ros2srrc_ur10' build argument 'cmake_target' from command line to 'None'
[0.288s] [34mcolcon.colcon_core.verb[0m [1;30mLevel 5[0m set package 'ros2srrc_ur10' build argument 'cmake_target_skip_unavailable' from command line to 'False'
[0.288s] [34mcolcon.colcon_core.verb[0m [1;30mLevel 5[0m set package 'ros2srrc_ur10' build argument 'cmake_clean_cache' from command line to 'False'
[0.288s] [34mcolcon.colcon_core.verb[0m [1;30mLevel 5[0m set package 'ros2srrc_ur10' build argument 'cmake_clean_first' from command line to 'False'
[0.288s] [34mcolcon.colcon_core.verb[0m [1;30mLevel 5[0m set package 'ros2srrc_ur10' build argument 'cmake_force_configure' from command line to 'False'
[0.288s] [34mcolcon.colcon_core.verb[0m [1;30mLevel 5[0m set package 'ros2srrc_ur10' build argument 'ament_cmake_args' from command line to 'None'
[0.288s] [34mcolcon.colcon_core.verb[0m [1;30mLevel 5[0m set package 'ros2srrc_ur10' build argument 'catkin_cmake_args' from command line to 'None'
[0.288s] [34mcolcon.colcon_core.verb[0m [1;30mLevel 5[0m set package 'ros2srrc_ur10' build argument 'catkin_skip_building_tests' from command line to 'False'
[0.288s] [34mcolcon.colcon_core.verb[0m [1;30mDEBUG[0m [32mBuilding package 'ros2srrc_ur10' with the following arguments: {'ament_cmake_args': None, 'build_base': '/home/libok/um_file/build/ros2srrc_ur10', 'catkin_cmake_args': None, 'catkin_skip_building_tests': False, 'cmake_args': None, 'cmake_clean_cache': False, 'cmake_clean_first': False, 'cmake_force_configure': False, 'cmake_target': None, 'cmake_target_skip_unavailable': False, 'install_base': '/home/libok/um_file/install/ros2srrc_ur10', 'merge_install': False, 'path': '/home/libok/um_file/packages/ros2srrc_ur10', 'symlink_install': False, 'test_result_base': None}[0m
[0.288s] [34mcolcon.colcon_core.verb[0m [1;30mLevel 5[0m set package 'ros2srrc_ur10e' build argument 'cmake_args' from command line to 'None'
[0.288s] [34mcolcon.colcon_core.verb[0m [1;30mLevel 5[0m set package 'ros2srrc_ur10e' build argument 'cmake_target' from command line to 'None'
[0.288s] [34mcolcon.colcon_core.verb[0m [1;30mLevel 5[0m set package 'ros2srrc_ur10e' build argument 'cmake_target_skip_unavailable' from command line to 'False'
[0.288s] [34mcolcon.colcon_core.verb[0m [1;30mLevel 5[0m set package 'ros2srrc_ur10e' build argument 'cmake_clean_cache' from command line to 'False'
[0.288s] [34mcolcon.colcon_core.verb[0m [1;30mLevel 5[0m set package 'ros2srrc_ur10e' build argument 'cmake_clean_first' from command line to 'False'
[0.288s] [34mcolcon.colcon_core.verb[0m [1;30mLevel 5[0m set package 'ros2srrc_ur10e' build argument 'cmake_force_configure' from command line to 'False'
[0.288s] [34mcolcon.colcon_core.verb[0m [1;30mLevel 5[0m set package 'ros2srrc_ur10e' build argument 'ament_cmake_args' from command line to 'None'
[0.288s] [34mcolcon.colcon_core.verb[0m [1;30mLevel 5[0m set package 'ros2srrc_ur10e' build argument 'catkin_cmake_args' from command line to 'None'
[0.288s] [34mcolcon.colcon_core.verb[0m [1;30mLevel 5[0m set package 'ros2srrc_ur10e' build argument 'catkin_skip_building_tests' from command line to 'False'
[0.288s] [34mcolcon.colcon_core.verb[0m [1;30mDEBUG[0m [32mBuilding package 'ros2srrc_ur10e' with the following arguments: {'ament_cmake_args': None, 'build_base': '/home/libok/um_file/build/ros2srrc_ur10e', 'catkin_cmake_args': None, 'catkin_skip_building_tests': False, 'cmake_args': None, 'cmake_clean_cache': False, 'cmake_clean_first': False, 'cmake_force_configure': False, 'cmake_target': None, 'cmake_target_skip_unavailable': False, 'install_base': '/home/libok/um_file/install/ros2srrc_ur10e', 'merge_install': False, 'path': '/home/libok/um_file/packages/ros2srrc_ur10e', 'symlink_install': False, 'test_result_base': None}[0m
[0.288s] [34mcolcon.colcon_core.verb[0m [1;30mLevel 5[0m set package 'ros2srrc_ur16e' build argument 'cmake_args' from command line to 'None'
[0.288s] [34mcolcon.colcon_core.verb[0m [1;30mLevel 5[0m set package 'ros2srrc_ur16e' build argument 'cmake_target' from command line to 'None'
[0.288s] [34mcolcon.colcon_core.verb[0m [1;30mLevel 5[0m set package 'ros2srrc_ur16e' build argument 'cmake_target_skip_unavailable' from command line to 'False'
[0.288s] [34mcolcon.colcon_core.verb[0m [1;30mLevel 5[0m set package 'ros2srrc_ur16e' build argument 'cmake_clean_cache' from command line to 'False'
[0.288s] [34mcolcon.colcon_core.verb[0m [1;30mLevel 5[0m set package 'ros2srrc_ur16e' build argument 'cmake_clean_first' from command line to 'False'
[0.288s] [34mcolcon.colcon_core.verb[0m [1;30mLevel 5[0m set package 'ros2srrc_ur16e' build argument 'cmake_force_configure' from command line to 'False'
[0.288s] [34mcolcon.colcon_core.verb[0m [1;30mLevel 5[0m set package 'ros2srrc_ur16e' build argument 'ament_cmake_args' from command line to 'None'
[0.288s] [34mcolcon.colcon_core.verb[0m [1;30mLevel 5[0m set package 'ros2srrc_ur16e' build argument 'catkin_cmake_args' from command line to 'None'
[0.288s] [34mcolcon.colcon_core.verb[0m [1;30mLevel 5[0m set package 'ros2srrc_ur16e' build argument 'catkin_skip_building_tests' from command line to 'False'
[0.288s] [34mcolcon.colcon_core.verb[0m [1;30mDEBUG[0m [32mBuilding package 'ros2srrc_ur16e' with the following arguments: {'ament_cmake_args': None, 'build_base': '/home/libok/um_file/build/ros2srrc_ur16e', 'catkin_cmake_args': None, 'catkin_skip_building_tests': False, 'cmake_args': None, 'cmake_clean_cache': False, 'cmake_clean_first': False, 'cmake_force_configure': False, 'cmake_target': None, 'cmake_target_skip_unavailable': False, 'install_base': '/home/libok/um_file/install/ros2srrc_ur16e', 'merge_install': False, 'path': '/home/libok/um_file/packages/ros2srrc_ur16e', 'symlink_install': False, 'test_result_base': None}[0m
[0.289s] [34mcolcon.colcon_core.verb[0m [1;30mLevel 5[0m set package 'ros2srrc_ur20' build argument 'cmake_args' from command line to 'None'
[0.289s] [34mcolcon.colcon_core.verb[0m [1;30mLevel 5[0m set package 'ros2srrc_ur20' build argument 'cmake_target' from command line to 'None'
[0.289s] [34mcolcon.colcon_core.verb[0m [1;30mLevel 5[0m set package 'ros2srrc_ur20' build argument 'cmake_target_skip_unavailable' from command line to 'False'
[0.289s] [34mcolcon.colcon_core.verb[0m [1;30mLevel 5[0m set package 'ros2srrc_ur20' build argument 'cmake_clean_cache' from command line to 'False'
[0.289s] [34mcolcon.colcon_core.verb[0m [1;30mLevel 5[0m set package 'ros2srrc_ur20' build argument 'cmake_clean_first' from command line to 'False'
[0.289s] [34mcolcon.colcon_core.verb[0m [1;30mLevel 5[0m set package 'ros2srrc_ur20' build argument 'cmake_force_configure' from command line to 'False'
[0.289s] [34mcolcon.colcon_core.verb[0m [1;30mLevel 5[0m set package 'ros2srrc_ur20' build argument 'ament_cmake_args' from command line to 'None'
[0.289s] [34mcolcon.colcon_core.verb[0m [1;30mLevel 5[0m set package 'ros2srrc_ur20' build argument 'catkin_cmake_args' from command line to 'None'
[0.289s] [34mcolcon.colcon_core.verb[0m [1;30mLevel 5[0m set package 'ros2srrc_ur20' build argument 'catkin_skip_building_tests' from command line to 'False'
[0.289s] [34mcolcon.colcon_core.verb[0m [1;30mDEBUG[0m [32mBuilding package 'ros2srrc_ur20' with the following arguments: {'ament_cmake_args': None, 'build_base': '/home/libok/um_file/build/ros2srrc_ur20', 'catkin_cmake_args': None, 'catkin_skip_building_tests': False, 'cmake_args': None, 'cmake_clean_cache': False, 'cmake_clean_first': False, 'cmake_force_configure': False, 'cmake_target': None, 'cmake_target_skip_unavailable': False, 'install_base': '/home/libok/um_file/install/ros2srrc_ur20', 'merge_install': False, 'path': '/home/libok/um_file/packages/ros2srrc_ur20', 'symlink_install': False, 'test_result_base': None}[0m
[0.289s] [34mcolcon.colcon_core.verb[0m [1;30mLevel 5[0m set package 'ros2srrc_ur3' build argument 'cmake_args' from command line to 'None'
[0.289s] [34mcolcon.colcon_core.verb[0m [1;30mLevel 5[0m set package 'ros2srrc_ur3' build argument 'cmake_target' from command line to 'None'
[0.289s] [34mcolcon.colcon_core.verb[0m [1;30mLevel 5[0m set package 'ros2srrc_ur3' build argument 'cmake_target_skip_unavailable' from command line to 'False'
[0.289s] [34mcolcon.colcon_core.verb[0m [1;30mLevel 5[0m set package 'ros2srrc_ur3' build argument 'cmake_clean_cache' from command line to 'False'
[0.289s] [34mcolcon.colcon_core.verb[0m [1;30mLevel 5[0m set package 'ros2srrc_ur3' build argument 'cmake_clean_first' from command line to 'False'
[0.289s] [34mcolcon.colcon_core.verb[0m [1;30mLevel 5[0m set package 'ros2srrc_ur3' build argument 'cmake_force_configure' from command line to 'False'
[0.289s] [34mcolcon.colcon_core.verb[0m [1;30mLevel 5[0m set package 'ros2srrc_ur3' build argument 'ament_cmake_args' from command line to 'None'
[0.289s] [34mcolcon.colcon_core.verb[0m [1;30mLevel 5[0m set package 'ros2srrc_ur3' build argument 'catkin_cmake_args' from command line to 'None'
[0.289s] [34mcolcon.colcon_core.verb[0m [1;30mLevel 5[0m set package 'ros2srrc_ur3' build argument 'catkin_skip_building_tests' from command line to 'False'
[0.289s] [34mcolcon.colcon_core.verb[0m [1;30mDEBUG[0m [32mBuilding package 'ros2srrc_ur3' with the following arguments: {'ament_cmake_args': None, 'build_base': '/home/libok/um_file/build/ros2srrc_ur3', 'catkin_cmake_args': None, 'catkin_skip_building_tests': False, 'cmake_args': None, 'cmake_clean_cache': False, 'cmake_clean_first': False, 'cmake_force_configure': False, 'cmake_target': None, 'cmake_target_skip_unavailable': False, 'install_base': '/home/libok/um_file/install/ros2srrc_ur3', 'merge_install': False, 'path': '/home/libok/um_file/packages/ros2srrc_ur3', 'symlink_install': False, 'test_result_base': None}[0m
[0.289s] [34mcolcon.colcon_core.verb[0m [1;30mLevel 5[0m set package 'ros2srrc_ur3e' build argument 'cmake_args' from command line to 'None'
[0.289s] [34mcolcon.colcon_core.verb[0m [1;30mLevel 5[0m set package 'ros2srrc_ur3e' build argument 'cmake_target' from command line to 'None'
[0.289s] [34mcolcon.colcon_core.verb[0m [1;30mLevel 5[0m set package 'ros2srrc_ur3e' build argument 'cmake_target_skip_unavailable' from command line to 'False'
[0.289s] [34mcolcon.colcon_core.verb[0m [1;30mLevel 5[0m set package 'ros2srrc_ur3e' build argument 'cmake_clean_cache' from command line to 'False'
[0.289s] [34mcolcon.colcon_core.verb[0m [1;30mLevel 5[0m set package 'ros2srrc_ur3e' build argument 'cmake_clean_first' from command line to 'False'
[0.289s] [34mcolcon.colcon_core.verb[0m [1;30mLevel 5[0m set package 'ros2srrc_ur3e' build argument 'cmake_force_configure' from command line to 'False'
[0.289s] [34mcolcon.colcon_core.verb[0m [1;30mLevel 5[0m set package 'ros2srrc_ur3e' build argument 'ament_cmake_args' from command line to 'None'
[0.289s] [34mcolcon.colcon_core.verb[0m [1;30mLevel 5[0m set package 'ros2srrc_ur3e' build argument 'catkin_cmake_args' from command line to 'None'
[0.289s] [34mcolcon.colcon_core.verb[0m [1;30mLevel 5[0m set package 'ros2srrc_ur3e' build argument 'catkin_skip_building_tests' from command line to 'False'
[0.289s] [34mcolcon.colcon_core.verb[0m [1;30mDEBUG[0m [32mBuilding package 'ros2srrc_ur3e' with the following arguments: {'ament_cmake_args': None, 'build_base': '/home/libok/um_file/build/ros2srrc_ur3e', 'catkin_cmake_args': None, 'catkin_skip_building_tests': False, 'cmake_args': None, 'cmake_clean_cache': False, 'cmake_clean_first': False, 'cmake_force_configure': False, 'cmake_target': None, 'cmake_target_skip_unavailable': False, 'install_base': '/home/libok/um_file/install/ros2srrc_ur3e', 'merge_install': False, 'path': '/home/libok/um_file/packages/ros2srrc_ur3e', 'symlink_install': False, 'test_result_base': None}[0m
[0.290s] [34mcolcon.colcon_core.verb[0m [1;30mLevel 5[0m set package 'ros2srrc_ur5' build argument 'cmake_args' from command line to 'None'
[0.290s] [34mcolcon.colcon_core.verb[0m [1;30mLevel 5[0m set package 'ros2srrc_ur5' build argument 'cmake_target' from command line to 'None'
[0.290s] [34mcolcon.colcon_core.verb[0m [1;30mLevel 5[0m set package 'ros2srrc_ur5' build argument 'cmake_target_skip_unavailable' from command line to 'False'
[0.290s] [34mcolcon.colcon_core.verb[0m [1;30mLevel 5[0m set package 'ros2srrc_ur5' build argument 'cmake_clean_cache' from command line to 'False'
[0.290s] [34mcolcon.colcon_core.verb[0m [1;30mLevel 5[0m set package 'ros2srrc_ur5' build argument 'cmake_clean_first' from command line to 'False'
[0.290s] [34mcolcon.colcon_core.verb[0m [1;30mLevel 5[0m set package 'ros2srrc_ur5' build argument 'cmake_force_configure' from command line to 'False'
[0.290s] [34mcolcon.colcon_core.verb[0m [1;30mLevel 5[0m set package 'ros2srrc_ur5' build argument 'ament_cmake_args' from command line to 'None'
[0.290s] [34mcolcon.colcon_core.verb[0m [1;30mLevel 5[0m set package 'ros2srrc_ur5' build argument 'catkin_cmake_args' from command line to 'None'
[0.290s] [34mcolcon.colcon_core.verb[0m [1;30mLevel 5[0m set package 'ros2srrc_ur5' build argument 'catkin_skip_building_tests' from command line to 'False'
[0.290s] [34mcolcon.colcon_core.verb[0m [1;30mDEBUG[0m [32mBuilding package 'ros2srrc_ur5' with the following arguments: {'ament_cmake_args': None, 'build_base': '/home/libok/um_file/build/ros2srrc_ur5', 'catkin_cmake_args': None, 'catkin_skip_building_tests': False, 'cmake_args': None, 'cmake_clean_cache': False, 'cmake_clean_first': False, 'cmake_force_configure': False, 'cmake_target': None, 'cmake_target_skip_unavailable': False, 'install_base': '/home/libok/um_file/install/ros2srrc_ur5', 'merge_install': False, 'path': '/home/libok/um_file/packages/ros2srrc_ur5', 'symlink_install': False, 'test_result_base': None}[0m
[0.290s] [34mcolcon.colcon_core.verb[0m [1;30mLevel 5[0m set package 'ros2srrc_ur5e' build argument 'cmake_args' from command line to 'None'
[0.290s] [34mcolcon.colcon_core.verb[0m [1;30mLevel 5[0m set package 'ros2srrc_ur5e' build argument 'cmake_target' from command line to 'None'
[0.290s] [34mcolcon.colcon_core.verb[0m [1;30mLevel 5[0m set package 'ros2srrc_ur5e' build argument 'cmake_target_skip_unavailable' from command line to 'False'
[0.290s] [34mcolcon.colcon_core.verb[0m [1;30mLevel 5[0m set package 'ros2srrc_ur5e' build argument 'cmake_clean_cache' from command line to 'False'
[0.290s] [34mcolcon.colcon_core.verb[0m [1;30mLevel 5[0m set package 'ros2srrc_ur5e' build argument 'cmake_clean_first' from command line to 'False'
[0.290s] [34mcolcon.colcon_core.verb[0m [1;30mLevel 5[0m set package 'ros2srrc_ur5e' build argument 'cmake_force_configure' from command line to 'False'
[0.290s] [34mcolcon.colcon_core.verb[0m [1;30mLevel 5[0m set package 'ros2srrc_ur5e' build argument 'ament_cmake_args' from command line to 'None'
[0.290s] [34mcolcon.colcon_core.verb[0m [1;30mLevel 5[0m set package 'ros2srrc_ur5e' build argument 'catkin_cmake_args' from command line to 'None'
[0.290s] [34mcolcon.colcon_core.verb[0m [1;30mLevel 5[0m set package 'ros2srrc_ur5e' build argument 'catkin_skip_building_tests' from command line to 'False'
[0.290s] [34mcolcon.colcon_core.verb[0m [1;30mDEBUG[0m [32mBuilding package 'ros2srrc_ur5e' with the following arguments: {'ament_cmake_args': None, 'build_base': '/home/libok/um_file/build/ros2srrc_ur5e', 'catkin_cmake_args': None, 'catkin_skip_building_tests': False, 'cmake_args': None, 'cmake_clean_cache': False, 'cmake_clean_first': False, 'cmake_force_configure': False, 'cmake_target': None, 'cmake_target_skip_unavailable': False, 'install_base': '/home/libok/um_file/install/ros2srrc_ur5e', 'merge_install': False, 'path': '/home/libok/um_file/packages/ros2srrc_ur5e', 'symlink_install': False, 'test_result_base': None}[0m
[0.290s] [34mcolcon.colcon_core.verb[0m [1;30mLevel 5[0m set package 'serial' build argument 'cmake_args' from command line to 'None'
[0.290s] [34mcolcon.colcon_core.verb[0m [1;30mLevel 5[0m set package 'serial' build argument 'cmake_target' from command line to 'None'
[0.290s] [34mcolcon.colcon_core.verb[0m [1;30mLevel 5[0m set package 'serial' build argument 'cmake_target_skip_unavailable' from command line to 'False'
[0.290s] [34mcolcon.colcon_core.verb[0m [1;30mLevel 5[0m set package 'serial' build argument 'cmake_clean_cache' from command line to 'False'
[0.290s] [34mcolcon.colcon_core.verb[0m [1;30mLevel 5[0m set package 'serial' build argument 'cmake_clean_first' from command line to 'False'
[0.290s] [34mcolcon.colcon_core.verb[0m [1;30mLevel 5[0m set package 'serial' build argument 'cmake_force_configure' from command line to 'False'
[0.290s] [34mcolcon.colcon_core.verb[0m [1;30mLevel 5[0m set package 'serial' build argument 'ament_cmake_args' from command line to 'None'
[0.290s] [34mcolcon.colcon_core.verb[0m [1;30mLevel 5[0m set package 'serial' build argument 'catkin_cmake_args' from command line to 'None'
[0.290s] [34mcolcon.colcon_core.verb[0m [1;30mLevel 5[0m set package 'serial' build argument 'catkin_skip_building_tests' from command line to 'False'
[0.290s] [34mcolcon.colcon_core.verb[0m [1;30mDEBUG[0m [32mBuilding package 'serial' with the following arguments: {'ament_cmake_args': None, 'build_base': '/home/libok/um_file/build/serial', 'catkin_cmake_args': None, 'catkin_skip_building_tests': False, 'cmake_args': None, 'cmake_clean_cache': False, 'cmake_clean_first': False, 'cmake_force_configure': False, 'cmake_target': None, 'cmake_target_skip_unavailable': False, 'install_base': '/home/libok/um_file/install/serial', 'merge_install': False, 'path': '/home/libok/um_file/serial', 'symlink_install': False, 'test_result_base': None}[0m
[0.291s] [34mcolcon.colcon_core.verb[0m [1;30mLevel 5[0m set package 'steering_controllers_library' build argument 'cmake_args' from command line to 'None'
[0.291s] [34mcolcon.colcon_core.verb[0m [1;30mLevel 5[0m set package 'steering_controllers_library' build argument 'cmake_target' from command line to 'None'
[0.291s] [34mcolcon.colcon_core.verb[0m [1;30mLevel 5[0m set package 'steering_controllers_library' build argument 'cmake_target_skip_unavailable' from command line to 'False'
[0.291s] [34mcolcon.colcon_core.verb[0m [1;30mLevel 5[0m set package 'steering_controllers_library' build argument 'cmake_clean_cache' from command line to 'False'
[0.291s] [34mcolcon.colcon_core.verb[0m [1;30mLevel 5[0m set package 'steering_controllers_library' build argument 'cmake_clean_first' from command line to 'False'
[0.291s] [34mcolcon.colcon_core.verb[0m [1;30mLevel 5[0m set package 'steering_controllers_library' build argument 'cmake_force_configure' from command line to 'False'
[0.291s] [34mcolcon.colcon_core.verb[0m [1;30mLevel 5[0m set package 'steering_controllers_library' build argument 'ament_cmake_args' from command line to 'None'
[0.291s] [34mcolcon.colcon_core.verb[0m [1;30mLevel 5[0m set package 'steering_controllers_library' build argument 'catkin_cmake_args' from command line to 'None'
[0.291s] [34mcolcon.colcon_core.verb[0m [1;30mLevel 5[0m set package 'steering_controllers_library' build argument 'catkin_skip_building_tests' from command line to 'False'
[0.291s] [34mcolcon.colcon_core.verb[0m [1;30mDEBUG[0m [32mBuilding package 'steering_controllers_library' with the following arguments: {'ament_cmake_args': None, 'build_base': '/home/libok/um_file/build/steering_controllers_library', 'catkin_cmake_args': None, 'catkin_skip_building_tests': False, 'cmake_args': None, 'cmake_clean_cache': False, 'cmake_clean_first': False, 'cmake_force_configure': False, 'cmake_target': None, 'cmake_target_skip_unavailable': False, 'install_base': '/home/libok/um_file/install/steering_controllers_library', 'merge_install': False, 'path': '/home/libok/um_file/ros2_controllers/steering_controllers_library', 'symlink_install': False, 'test_result_base': None}[0m
[0.291s] [34mcolcon.colcon_core.verb[0m [1;30mLevel 5[0m set package 'tricycle_controller' build argument 'cmake_args' from command line to 'None'
[0.291s] [34mcolcon.colcon_core.verb[0m [1;30mLevel 5[0m set package 'tricycle_controller' build argument 'cmake_target' from command line to 'None'
[0.291s] [34mcolcon.colcon_core.verb[0m [1;30mLevel 5[0m set package 'tricycle_controller' build argument 'cmake_target_skip_unavailable' from command line to 'False'
[0.291s] [34mcolcon.colcon_core.verb[0m [1;30mLevel 5[0m set package 'tricycle_controller' build argument 'cmake_clean_cache' from command line to 'False'
[0.291s] [34mcolcon.colcon_core.verb[0m [1;30mLevel 5[0m set package 'tricycle_controller' build argument 'cmake_clean_first' from command line to 'False'
[0.291s] [34mcolcon.colcon_core.verb[0m [1;30mLevel 5[0m set package 'tricycle_controller' build argument 'cmake_force_configure' from command line to 'False'
[0.291s] [34mcolcon.colcon_core.verb[0m [1;30mLevel 5[0m set package 'tricycle_controller' build argument 'ament_cmake_args' from command line to 'None'
[0.291s] [34mcolcon.colcon_core.verb[0m [1;30mLevel 5[0m set package 'tricycle_controller' build argument 'catkin_cmake_args' from command line to 'None'
[0.291s] [34mcolcon.colcon_core.verb[0m [1;30mLevel 5[0m set package 'tricycle_controller' build argument 'catkin_skip_building_tests' from command line to 'False'
[0.291s] [34mcolcon.colcon_core.verb[0m [1;30mDEBUG[0m [32mBuilding package 'tricycle_controller' with the following arguments: {'ament_cmake_args': None, 'build_base': '/home/libok/um_file/build/tricycle_controller', 'catkin_cmake_args': None, 'catkin_skip_building_tests': False, 'cmake_args': None, 'cmake_clean_cache': False, 'cmake_clean_first': False, 'cmake_force_configure': False, 'cmake_target': None, 'cmake_target_skip_unavailable': False, 'install_base': '/home/libok/um_file/install/tricycle_controller', 'merge_install': False, 'path': '/home/libok/um_file/ros2_controllers/tricycle_controller', 'symlink_install': False, 'test_result_base': None}[0m
[0.291s] [34mcolcon.colcon_core.verb[0m [1;30mLevel 5[0m set package 'ur_dashboard_msgs' build argument 'cmake_args' from command line to 'None'
[0.291s] [34mcolcon.colcon_core.verb[0m [1;30mLevel 5[0m set package 'ur_dashboard_msgs' build argument 'cmake_target' from command line to 'None'
[0.291s] [34mcolcon.colcon_core.verb[0m [1;30mLevel 5[0m set package 'ur_dashboard_msgs' build argument 'cmake_target_skip_unavailable' from command line to 'False'
[0.291s] [34mcolcon.colcon_core.verb[0m [1;30mLevel 5[0m set package 'ur_dashboard_msgs' build argument 'cmake_clean_cache' from command line to 'False'
[0.291s] [34mcolcon.colcon_core.verb[0m [1;30mLevel 5[0m set package 'ur_dashboard_msgs' build argument 'cmake_clean_first' from command line to 'False'
[0.291s] [34mcolcon.colcon_core.verb[0m [1;30mLevel 5[0m set package 'ur_dashboard_msgs' build argument 'cmake_force_configure' from command line to 'False'
[0.291s] [34mcolcon.colcon_core.verb[0m [1;30mLevel 5[0m set package 'ur_dashboard_msgs' build argument 'ament_cmake_args' from command line to 'None'
[0.291s] [34mcolcon.colcon_core.verb[0m [1;30mLevel 5[0m set package 'ur_dashboard_msgs' build argument 'catkin_cmake_args' from command line to 'None'
[0.291s] [34mcolcon.colcon_core.verb[0m [1;30mLevel 5[0m set package 'ur_dashboard_msgs' build argument 'catkin_skip_building_tests' from command line to 'False'
[0.291s] [34mcolcon.colcon_core.verb[0m [1;30mDEBUG[0m [32mBuilding package 'ur_dashboard_msgs' with the following arguments: {'ament_cmake_args': None, 'build_base': '/home/libok/um_file/build/ur_dashboard_msgs', 'catkin_cmake_args': None, 'catkin_skip_building_tests': False, 'cmake_args': None, 'cmake_clean_cache': False, 'cmake_clean_first': False, 'cmake_force_configure': False, 'cmake_target': None, 'cmake_target_skip_unavailable': False, 'install_base': '/home/libok/um_file/install/ur_dashboard_msgs', 'merge_install': False, 'path': '/home/libok/um_file/Universal_Robots_ROS2_Driver/ur_dashboard_msgs', 'symlink_install': False, 'test_result_base': None}[0m
[0.292s] [34mcolcon.colcon_core.verb[0m [1;30mLevel 5[0m set package 'ur_moveit_config' build argument 'cmake_args' from command line to 'None'
[0.292s] [34mcolcon.colcon_core.verb[0m [1;30mLevel 5[0m set package 'ur_moveit_config' build argument 'cmake_target' from command line to 'None'
[0.292s] [34mcolcon.colcon_core.verb[0m [1;30mLevel 5[0m set package 'ur_moveit_config' build argument 'cmake_target_skip_unavailable' from command line to 'False'
[0.292s] [34mcolcon.colcon_core.verb[0m [1;30mLevel 5[0m set package 'ur_moveit_config' build argument 'cmake_clean_cache' from command line to 'False'
[0.292s] [34mcolcon.colcon_core.verb[0m [1;30mLevel 5[0m set package 'ur_moveit_config' build argument 'cmake_clean_first' from command line to 'False'
[0.292s] [34mcolcon.colcon_core.verb[0m [1;30mLevel 5[0m set package 'ur_moveit_config' build argument 'cmake_force_configure' from command line to 'False'
[0.292s] [34mcolcon.colcon_core.verb[0m [1;30mLevel 5[0m set package 'ur_moveit_config' build argument 'ament_cmake_args' from command line to 'None'
[0.292s] [34mcolcon.colcon_core.verb[0m [1;30mLevel 5[0m set package 'ur_moveit_config' build argument 'catkin_cmake_args' from command line to 'None'
[0.292s] [34mcolcon.colcon_core.verb[0m [1;30mLevel 5[0m set package 'ur_moveit_config' build argument 'catkin_skip_building_tests' from command line to 'False'
[0.292s] [34mcolcon.colcon_core.verb[0m [1;30mDEBUG[0m [32mBuilding package 'ur_moveit_config' with the following arguments: {'ament_cmake_args': None, 'build_base': '/home/libok/um_file/build/ur_moveit_config', 'catkin_cmake_args': None, 'catkin_skip_building_tests': False, 'cmake_args': None, 'cmake_clean_cache': False, 'cmake_clean_first': False, 'cmake_force_configure': False, 'cmake_target': None, 'cmake_target_skip_unavailable': False, 'install_base': '/home/libok/um_file/install/ur_moveit_config', 'merge_install': False, 'path': '/home/libok/um_file/Universal_Robots_ROS2_Driver/ur_moveit_config', 'symlink_install': False, 'test_result_base': None}[0m
[0.292s] [34mcolcon.colcon_core.verb[0m [1;30mLevel 5[0m set package 'ur_msgs' build argument 'cmake_args' from command line to 'None'
[0.292s] [34mcolcon.colcon_core.verb[0m [1;30mLevel 5[0m set package 'ur_msgs' build argument 'cmake_target' from command line to 'None'
[0.292s] [34mcolcon.colcon_core.verb[0m [1;30mLevel 5[0m set package 'ur_msgs' build argument 'cmake_target_skip_unavailable' from command line to 'False'
[0.292s] [34mcolcon.colcon_core.verb[0m [1;30mLevel 5[0m set package 'ur_msgs' build argument 'cmake_clean_cache' from command line to 'False'
[0.292s] [34mcolcon.colcon_core.verb[0m [1;30mLevel 5[0m set package 'ur_msgs' build argument 'cmake_clean_first' from command line to 'False'
[0.292s] [34mcolcon.colcon_core.verb[0m [1;30mLevel 5[0m set package 'ur_msgs' build argument 'cmake_force_configure' from command line to 'False'
[0.292s] [34mcolcon.colcon_core.verb[0m [1;30mLevel 5[0m set package 'ur_msgs' build argument 'ament_cmake_args' from command line to 'None'
[0.292s] [34mcolcon.colcon_core.verb[0m [1;30mLevel 5[0m set package 'ur_msgs' build argument 'catkin_cmake_args' from command line to 'None'
[0.292s] [34mcolcon.colcon_core.verb[0m [1;30mLevel 5[0m set package 'ur_msgs' build argument 'catkin_skip_building_tests' from command line to 'False'
[0.292s] [34mcolcon.colcon_core.verb[0m [1;30mDEBUG[0m [32mBuilding package 'ur_msgs' with the following arguments: {'ament_cmake_args': None, 'build_base': '/home/libok/um_file/build/ur_msgs', 'catkin_cmake_args': None, 'catkin_skip_building_tests': False, 'cmake_args': None, 'cmake_clean_cache': False, 'cmake_clean_first': False, 'cmake_force_configure': False, 'cmake_target': None, 'cmake_target_skip_unavailable': False, 'install_base': '/home/libok/um_file/install/ur_msgs', 'merge_install': False, 'path': '/home/libok/um_file/ur_msgs', 'symlink_install': False, 'test_result_base': None}[0m
[0.292s] [34mcolcon.colcon_core.verb[0m [1;30mLevel 5[0m set package 'ackermann_steering_controller' build argument 'cmake_args' from command line to 'None'
[0.292s] [34mcolcon.colcon_core.verb[0m [1;30mLevel 5[0m set package 'ackermann_steering_controller' build argument 'cmake_target' from command line to 'None'
[0.292s] [34mcolcon.colcon_core.verb[0m [1;30mLevel 5[0m set package 'ackermann_steering_controller' build argument 'cmake_target_skip_unavailable' from command line to 'False'
[0.292s] [34mcolcon.colcon_core.verb[0m [1;30mLevel 5[0m set package 'ackermann_steering_controller' build argument 'cmake_clean_cache' from command line to 'False'
[0.292s] [34mcolcon.colcon_core.verb[0m [1;30mLevel 5[0m set package 'ackermann_steering_controller' build argument 'cmake_clean_first' from command line to 'False'
[0.292s] [34mcolcon.colcon_core.verb[0m [1;30mLevel 5[0m set package 'ackermann_steering_controller' build argument 'cmake_force_configure' from command line to 'False'
[0.292s] [34mcolcon.colcon_core.verb[0m [1;30mLevel 5[0m set package 'ackermann_steering_controller' build argument 'ament_cmake_args' from command line to 'None'
[0.292s] [34mcolcon.colcon_core.verb[0m [1;30mLevel 5[0m set package 'ackermann_steering_controller' build argument 'catkin_cmake_args' from command line to 'None'
[0.292s] [34mcolcon.colcon_core.verb[0m [1;30mLevel 5[0m set package 'ackermann_steering_controller' build argument 'catkin_skip_building_tests' from command line to 'False'
[0.292s] [34mcolcon.colcon_core.verb[0m [1;30mDEBUG[0m [32mBuilding package 'ackermann_steering_controller' with the following arguments: {'ament_cmake_args': None, 'build_base': '/home/libok/um_file/build/ackermann_steering_controller', 'catkin_cmake_args': None, 'catkin_skip_building_tests': False, 'cmake_args': None, 'cmake_clean_cache': False, 'cmake_clean_first': False, 'cmake_force_configure': False, 'cmake_target': None, 'cmake_target_skip_unavailable': False, 'install_base': '/home/libok/um_file/install/ackermann_steering_controller', 'merge_install': False, 'path': '/home/libok/um_file/ros2_controllers/ackermann_steering_controller', 'symlink_install': False, 'test_result_base': None}[0m
[0.293s] [34mcolcon.colcon_core.verb[0m [1;30mLevel 5[0m set package 'bicycle_steering_controller' build argument 'cmake_args' from command line to 'None'
[0.293s] [34mcolcon.colcon_core.verb[0m [1;30mLevel 5[0m set package 'bicycle_steering_controller' build argument 'cmake_target' from command line to 'None'
[0.293s] [34mcolcon.colcon_core.verb[0m [1;30mLevel 5[0m set package 'bicycle_steering_controller' build argument 'cmake_target_skip_unavailable' from command line to 'False'
[0.293s] [34mcolcon.colcon_core.verb[0m [1;30mLevel 5[0m set package 'bicycle_steering_controller' build argument 'cmake_clean_cache' from command line to 'False'
[0.293s] [34mcolcon.colcon_core.verb[0m [1;30mLevel 5[0m set package 'bicycle_steering_controller' build argument 'cmake_clean_first' from command line to 'False'
[0.293s] [34mcolcon.colcon_core.verb[0m [1;30mLevel 5[0m set package 'bicycle_steering_controller' build argument 'cmake_force_configure' from command line to 'False'
[0.293s] [34mcolcon.colcon_core.verb[0m [1;30mLevel 5[0m set package 'bicycle_steering_controller' build argument 'ament_cmake_args' from command line to 'None'
[0.293s] [34mcolcon.colcon_core.verb[0m [1;30mLevel 5[0m set package 'bicycle_steering_controller' build argument 'catkin_cmake_args' from command line to 'None'
[0.293s] [34mcolcon.colcon_core.verb[0m [1;30mLevel 5[0m set package 'bicycle_steering_controller' build argument 'catkin_skip_building_tests' from command line to 'False'
[0.293s] [34mcolcon.colcon_core.verb[0m [1;30mDEBUG[0m [32mBuilding package 'bicycle_steering_controller' with the following arguments: {'ament_cmake_args': None, 'build_base': '/home/libok/um_file/build/bicycle_steering_controller', 'catkin_cmake_args': None, 'catkin_skip_building_tests': False, 'cmake_args': None, 'cmake_clean_cache': False, 'cmake_clean_first': False, 'cmake_force_configure': False, 'cmake_target': None, 'cmake_target_skip_unavailable': False, 'install_base': '/home/libok/um_file/install/bicycle_steering_controller', 'merge_install': False, 'path': '/home/libok/um_file/ros2_controllers/bicycle_steering_controller', 'symlink_install': False, 'test_result_base': None}[0m
[0.293s] [34mcolcon.colcon_core.verb[0m [1;30mLevel 5[0m set package 'effort_controllers' build argument 'cmake_args' from command line to 'None'
[0.293s] [34mcolcon.colcon_core.verb[0m [1;30mLevel 5[0m set package 'effort_controllers' build argument 'cmake_target' from command line to 'None'
[0.293s] [34mcolcon.colcon_core.verb[0m [1;30mLevel 5[0m set package 'effort_controllers' build argument 'cmake_target_skip_unavailable' from command line to 'False'
[0.293s] [34mcolcon.colcon_core.verb[0m [1;30mLevel 5[0m set package 'effort_controllers' build argument 'cmake_clean_cache' from command line to 'False'
[0.293s] [34mcolcon.colcon_core.verb[0m [1;30mLevel 5[0m set package 'effort_controllers' build argument 'cmake_clean_first' from command line to 'False'
[0.293s] [34mcolcon.colcon_core.verb[0m [1;30mLevel 5[0m set package 'effort_controllers' build argument 'cmake_force_configure' from command line to 'False'
[0.293s] [34mcolcon.colcon_core.verb[0m [1;30mLevel 5[0m set package 'effort_controllers' build argument 'ament_cmake_args' from command line to 'None'
[0.293s] [34mcolcon.colcon_core.verb[0m [1;30mLevel 5[0m set package 'effort_controllers' build argument 'catkin_cmake_args' from command line to 'None'
[0.293s] [34mcolcon.colcon_core.verb[0m [1;30mLevel 5[0m set package 'effort_controllers' build argument 'catkin_skip_building_tests' from command line to 'False'
[0.293s] [34mcolcon.colcon_core.verb[0m [1;30mDEBUG[0m [32mBuilding package 'effort_controllers' with the following arguments: {'ament_cmake_args': None, 'build_base': '/home/libok/um_file/build/effort_controllers', 'catkin_cmake_args': None, 'catkin_skip_building_tests': False, 'cmake_args': None, 'cmake_clean_cache': False, 'cmake_clean_first': False, 'cmake_force_configure': False, 'cmake_target': None, 'cmake_target_skip_unavailable': False, 'install_base': '/home/libok/um_file/install/effort_controllers', 'merge_install': False, 'path': '/home/libok/um_file/ros2_controllers/effort_controllers', 'symlink_install': False, 'test_result_base': None}[0m
[0.293s] [34mcolcon.colcon_core.verb[0m [1;30mLevel 5[0m set package 'position_controllers' build argument 'cmake_args' from command line to 'None'
[0.293s] [34mcolcon.colcon_core.verb[0m [1;30mLevel 5[0m set package 'position_controllers' build argument 'cmake_target' from command line to 'None'
[0.293s] [34mcolcon.colcon_core.verb[0m [1;30mLevel 5[0m set package 'position_controllers' build argument 'cmake_target_skip_unavailable' from command line to 'False'
[0.293s] [34mcolcon.colcon_core.verb[0m [1;30mLevel 5[0m set package 'position_controllers' build argument 'cmake_clean_cache' from command line to 'False'
[0.293s] [34mcolcon.colcon_core.verb[0m [1;30mLevel 5[0m set package 'position_controllers' build argument 'cmake_clean_first' from command line to 'False'
[0.293s] [34mcolcon.colcon_core.verb[0m [1;30mLevel 5[0m set package 'position_controllers' build argument 'cmake_force_configure' from command line to 'False'
[0.293s] [34mcolcon.colcon_core.verb[0m [1;30mLevel 5[0m set package 'position_controllers' build argument 'ament_cmake_args' from command line to 'None'
[0.293s] [34mcolcon.colcon_core.verb[0m [1;30mLevel 5[0m set package 'position_controllers' build argument 'catkin_cmake_args' from command line to 'None'
[0.293s] [34mcolcon.colcon_core.verb[0m [1;30mLevel 5[0m set package 'position_controllers' build argument 'catkin_skip_building_tests' from command line to 'False'
[0.293s] [34mcolcon.colcon_core.verb[0m [1;30mDEBUG[0m [32mBuilding package 'position_controllers' with the following arguments: {'ament_cmake_args': None, 'build_base': '/home/libok/um_file/build/position_controllers', 'catkin_cmake_args': None, 'catkin_skip_building_tests': False, 'cmake_args': None, 'cmake_clean_cache': False, 'cmake_clean_first': False, 'cmake_force_configure': False, 'cmake_target': None, 'cmake_target_skip_unavailable': False, 'install_base': '/home/libok/um_file/install/position_controllers', 'merge_install': False, 'path': '/home/libok/um_file/ros2_controllers/position_controllers', 'symlink_install': False, 'test_result_base': None}[0m
[0.293s] [34mcolcon.colcon_core.verb[0m [1;30mLevel 5[0m set package 'robotiq_driver' build argument 'cmake_args' from command line to 'None'
[0.294s] [34mcolcon.colcon_core.verb[0m [1;30mLevel 5[0m set package 'robotiq_driver' build argument 'cmake_target' from command line to 'None'
[0.294s] [34mcolcon.colcon_core.verb[0m [1;30mLevel 5[0m set package 'robotiq_driver' build argument 'cmake_target_skip_unavailable' from command line to 'False'
[0.294s] [34mcolcon.colcon_core.verb[0m [1;30mLevel 5[0m set package 'robotiq_driver' build argument 'cmake_clean_cache' from command line to 'False'
[0.294s] [34mcolcon.colcon_core.verb[0m [1;30mLevel 5[0m set package 'robotiq_driver' build argument 'cmake_clean_first' from command line to 'False'
[0.294s] [34mcolcon.colcon_core.verb[0m [1;30mLevel 5[0m set package 'robotiq_driver' build argument 'cmake_force_configure' from command line to 'False'
[0.294s] [34mcolcon.colcon_core.verb[0m [1;30mLevel 5[0m set package 'robotiq_driver' build argument 'ament_cmake_args' from command line to 'None'
[0.294s] [34mcolcon.colcon_core.verb[0m [1;30mLevel 5[0m set package 'robotiq_driver' build argument 'catkin_cmake_args' from command line to 'None'
[0.294s] [34mcolcon.colcon_core.verb[0m [1;30mLevel 5[0m set package 'robotiq_driver' build argument 'catkin_skip_building_tests' from command line to 'False'
[0.294s] [34mcolcon.colcon_core.verb[0m [1;30mDEBUG[0m [32mBuilding package 'robotiq_driver' with the following arguments: {'ament_cmake_args': None, 'build_base': '/home/libok/um_file/build/robotiq_driver', 'catkin_cmake_args': None, 'catkin_skip_building_tests': False, 'cmake_args': None, 'cmake_clean_cache': False, 'cmake_clean_first': False, 'cmake_force_configure': False, 'cmake_target': None, 'cmake_target_skip_unavailable': False, 'install_base': '/home/libok/um_file/install/robotiq_driver', 'merge_install': False, 'path': '/home/libok/um_file/ros2_robotiq_gripper/robotiq_driver', 'symlink_install': False, 'test_result_base': None}[0m
[0.294s] [34mcolcon.colcon_core.verb[0m [1;30mLevel 5[0m set package 'ros2srrc_execution' build argument 'cmake_args' from command line to 'None'
[0.294s] [34mcolcon.colcon_core.verb[0m [1;30mLevel 5[0m set package 'ros2srrc_execution' build argument 'cmake_target' from command line to 'None'
[0.294s] [34mcolcon.colcon_core.verb[0m [1;30mLevel 5[0m set package 'ros2srrc_execution' build argument 'cmake_target_skip_unavailable' from command line to 'False'
[0.294s] [34mcolcon.colcon_core.verb[0m [1;30mLevel 5[0m set package 'ros2srrc_execution' build argument 'cmake_clean_cache' from command line to 'False'
[0.294s] [34mcolcon.colcon_core.verb[0m [1;30mLevel 5[0m set package 'ros2srrc_execution' build argument 'cmake_clean_first' from command line to 'False'
[0.294s] [34mcolcon.colcon_core.verb[0m [1;30mLevel 5[0m set package 'ros2srrc_execution' build argument 'cmake_force_configure' from command line to 'False'
[0.294s] [34mcolcon.colcon_core.verb[0m [1;30mLevel 5[0m set package 'ros2srrc_execution' build argument 'ament_cmake_args' from command line to 'None'
[0.294s] [34mcolcon.colcon_core.verb[0m [1;30mLevel 5[0m set package 'ros2srrc_execution' build argument 'catkin_cmake_args' from command line to 'None'
[0.294s] [34mcolcon.colcon_core.verb[0m [1;30mLevel 5[0m set package 'ros2srrc_execution' build argument 'catkin_skip_building_tests' from command line to 'False'
[0.294s] [34mcolcon.colcon_core.verb[0m [1;30mDEBUG[0m [32mBuilding package 'ros2srrc_execution' with the following arguments: {'ament_cmake_args': None, 'build_base': '/home/libok/um_file/build/ros2srrc_execution', 'catkin_cmake_args': None, 'catkin_skip_building_tests': False, 'cmake_args': None, 'cmake_clean_cache': False, 'cmake_clean_first': False, 'cmake_force_configure': False, 'cmake_target': None, 'cmake_target_skip_unavailable': False, 'install_base': '/home/libok/um_file/install/ros2srrc_execution', 'merge_install': False, 'path': '/home/libok/um_file/ros2srrc_execution', 'symlink_install': False, 'test_result_base': None}[0m
[0.294s] [34mcolcon.colcon_core.verb[0m [1;30mLevel 5[0m set package 'tricycle_steering_controller' build argument 'cmake_args' from command line to 'None'
[0.294s] [34mcolcon.colcon_core.verb[0m [1;30mLevel 5[0m set package 'tricycle_steering_controller' build argument 'cmake_target' from command line to 'None'
[0.294s] [34mcolcon.colcon_core.verb[0m [1;30mLevel 5[0m set package 'tricycle_steering_controller' build argument 'cmake_target_skip_unavailable' from command line to 'False'
[0.294s] [34mcolcon.colcon_core.verb[0m [1;30mLevel 5[0m set package 'tricycle_steering_controller' build argument 'cmake_clean_cache' from command line to 'False'
[0.294s] [34mcolcon.colcon_core.verb[0m [1;30mLevel 5[0m set package 'tricycle_steering_controller' build argument 'cmake_clean_first' from command line to 'False'
[0.294s] [34mcolcon.colcon_core.verb[0m [1;30mLevel 5[0m set package 'tricycle_steering_controller' build argument 'cmake_force_configure' from command line to 'False'
[0.294s] [34mcolcon.colcon_core.verb[0m [1;30mLevel 5[0m set package 'tricycle_steering_controller' build argument 'ament_cmake_args' from command line to 'None'
[0.294s] [34mcolcon.colcon_core.verb[0m [1;30mLevel 5[0m set package 'tricycle_steering_controller' build argument 'catkin_cmake_args' from command line to 'None'
[0.294s] [34mcolcon.colcon_core.verb[0m [1;30mLevel 5[0m set package 'tricycle_steering_controller' build argument 'catkin_skip_building_tests' from command line to 'False'
[0.294s] [34mcolcon.colcon_core.verb[0m [1;30mDEBUG[0m [32mBuilding package 'tricycle_steering_controller' with the following arguments: {'ament_cmake_args': None, 'build_base': '/home/libok/um_file/build/tricycle_steering_controller', 'catkin_cmake_args': None, 'catkin_skip_building_tests': False, 'cmake_args': None, 'cmake_clean_cache': False, 'cmake_clean_first': False, 'cmake_force_configure': False, 'cmake_target': None, 'cmake_target_skip_unavailable': False, 'install_base': '/home/libok/um_file/install/tricycle_steering_controller', 'merge_install': False, 'path': '/home/libok/um_file/ros2_controllers/tricycle_steering_controller', 'symlink_install': False, 'test_result_base': None}[0m
[0.294s] [34mcolcon.colcon_core.verb[0m [1;30mLevel 5[0m set package 'ur_controllers' build argument 'cmake_args' from command line to 'None'
[0.294s] [34mcolcon.colcon_core.verb[0m [1;30mLevel 5[0m set package 'ur_controllers' build argument 'cmake_target' from command line to 'None'
[0.295s] [34mcolcon.colcon_core.verb[0m [1;30mLevel 5[0m set package 'ur_controllers' build argument 'cmake_target_skip_unavailable' from command line to 'False'
[0.295s] [34mcolcon.colcon_core.verb[0m [1;30mLevel 5[0m set package 'ur_controllers' build argument 'cmake_clean_cache' from command line to 'False'
[0.295s] [34mcolcon.colcon_core.verb[0m [1;30mLevel 5[0m set package 'ur_controllers' build argument 'cmake_clean_first' from command line to 'False'
[0.295s] [34mcolcon.colcon_core.verb[0m [1;30mLevel 5[0m set package 'ur_controllers' build argument 'cmake_force_configure' from command line to 'False'
[0.295s] [34mcolcon.colcon_core.verb[0m [1;30mLevel 5[0m set package 'ur_controllers' build argument 'ament_cmake_args' from command line to 'None'
[0.295s] [34mcolcon.colcon_core.verb[0m [1;30mLevel 5[0m set package 'ur_controllers' build argument 'catkin_cmake_args' from command line to 'None'
[0.295s] [34mcolcon.colcon_core.verb[0m [1;30mLevel 5[0m set package 'ur_controllers' build argument 'catkin_skip_building_tests' from command line to 'False'
[0.295s] [34mcolcon.colcon_core.verb[0m [1;30mDEBUG[0m [32mBuilding package 'ur_controllers' with the following arguments: {'ament_cmake_args': None, 'build_base': '/home/libok/um_file/build/ur_controllers', 'catkin_cmake_args': None, 'catkin_skip_building_tests': False, 'cmake_args': None, 'cmake_clean_cache': False, 'cmake_clean_first': False, 'cmake_force_configure': False, 'cmake_target': None, 'cmake_target_skip_unavailable': False, 'install_base': '/home/libok/um_file/install/ur_controllers', 'merge_install': False, 'path': '/home/libok/um_file/Universal_Robots_ROS2_Driver/ur_controllers', 'symlink_install': False, 'test_result_base': None}[0m
[0.295s] [34mcolcon.colcon_core.verb[0m [1;30mLevel 5[0m set package 'velocity_controllers' build argument 'cmake_args' from command line to 'None'
[0.295s] [34mcolcon.colcon_core.verb[0m [1;30mLevel 5[0m set package 'velocity_controllers' build argument 'cmake_target' from command line to 'None'
[0.295s] [34mcolcon.colcon_core.verb[0m [1;30mLevel 5[0m set package 'velocity_controllers' build argument 'cmake_target_skip_unavailable' from command line to 'False'
[0.295s] [34mcolcon.colcon_core.verb[0m [1;30mLevel 5[0m set package 'velocity_controllers' build argument 'cmake_clean_cache' from command line to 'False'
[0.295s] [34mcolcon.colcon_core.verb[0m [1;30mLevel 5[0m set package 'velocity_controllers' build argument 'cmake_clean_first' from command line to 'False'
[0.295s] [34mcolcon.colcon_core.verb[0m [1;30mLevel 5[0m set package 'velocity_controllers' build argument 'cmake_force_configure' from command line to 'False'
[0.295s] [34mcolcon.colcon_core.verb[0m [1;30mLevel 5[0m set package 'velocity_controllers' build argument 'ament_cmake_args' from command line to 'None'
[0.295s] [34mcolcon.colcon_core.verb[0m [1;30mLevel 5[0m set package 'velocity_controllers' build argument 'catkin_cmake_args' from command line to 'None'
[0.295s] [34mcolcon.colcon_core.verb[0m [1;30mLevel 5[0m set package 'velocity_controllers' build argument 'catkin_skip_building_tests' from command line to 'False'
[0.295s] [34mcolcon.colcon_core.verb[0m [1;30mDEBUG[0m [32mBuilding package 'velocity_controllers' with the following arguments: {'ament_cmake_args': None, 'build_base': '/home/libok/um_file/build/velocity_controllers', 'catkin_cmake_args': None, 'catkin_skip_building_tests': False, 'cmake_args': None, 'cmake_clean_cache': False, 'cmake_clean_first': False, 'cmake_force_configure': False, 'cmake_target': None, 'cmake_target_skip_unavailable': False, 'install_base': '/home/libok/um_file/install/velocity_controllers', 'merge_install': False, 'path': '/home/libok/um_file/ros2_controllers/velocity_controllers', 'symlink_install': False, 'test_result_base': None}[0m
[0.295s] [34mcolcon.colcon_core.verb[0m [1;30mLevel 5[0m set package 'robotiq_hardware_tests' build argument 'cmake_args' from command line to 'None'
[0.295s] [34mcolcon.colcon_core.verb[0m [1;30mLevel 5[0m set package 'robotiq_hardware_tests' build argument 'cmake_target' from command line to 'None'
[0.295s] [34mcolcon.colcon_core.verb[0m [1;30mLevel 5[0m set package 'robotiq_hardware_tests' build argument 'cmake_target_skip_unavailable' from command line to 'False'
[0.295s] [34mcolcon.colcon_core.verb[0m [1;30mLevel 5[0m set package 'robotiq_hardware_tests' build argument 'cmake_clean_cache' from command line to 'False'
[0.295s] [34mcolcon.colcon_core.verb[0m [1;30mLevel 5[0m set package 'robotiq_hardware_tests' build argument 'cmake_clean_first' from command line to 'False'
[0.295s] [34mcolcon.colcon_core.verb[0m [1;30mLevel 5[0m set package 'robotiq_hardware_tests' build argument 'cmake_force_configure' from command line to 'False'
[0.295s] [34mcolcon.colcon_core.verb[0m [1;30mLevel 5[0m set package 'robotiq_hardware_tests' build argument 'ament_cmake_args' from command line to 'None'
[0.295s] [34mcolcon.colcon_core.verb[0m [1;30mLevel 5[0m set package 'robotiq_hardware_tests' build argument 'catkin_cmake_args' from command line to 'None'
[0.295s] [34mcolcon.colcon_core.verb[0m [1;30mLevel 5[0m set package 'robotiq_hardware_tests' build argument 'catkin_skip_building_tests' from command line to 'False'
[0.295s] [34mcolcon.colcon_core.verb[0m [1;30mDEBUG[0m [32mBuilding package 'robotiq_hardware_tests' with the following arguments: {'ament_cmake_args': None, 'build_base': '/home/libok/um_file/build/robotiq_hardware_tests', 'catkin_cmake_args': None, 'catkin_skip_building_tests': False, 'cmake_args': None, 'cmake_clean_cache': False, 'cmake_clean_first': False, 'cmake_force_configure': False, 'cmake_target': None, 'cmake_target_skip_unavailable': False, 'install_base': '/home/libok/um_file/install/robotiq_hardware_tests', 'merge_install': False, 'path': '/home/libok/um_file/ros2_robotiq_gripper/robotiq_hardware_tests', 'symlink_install': False, 'test_result_base': None}[0m
[0.296s] [34mcolcon.colcon_core.verb[0m [1;30mLevel 5[0m set package 'ros2_controllers' build argument 'cmake_args' from command line to 'None'
[0.296s] [34mcolcon.colcon_core.verb[0m [1;30mLevel 5[0m set package 'ros2_controllers' build argument 'cmake_target' from command line to 'None'
[0.296s] [34mcolcon.colcon_core.verb[0m [1;30mLevel 5[0m set package 'ros2_controllers' build argument 'cmake_target_skip_unavailable' from command line to 'False'
[0.296s] [34mcolcon.colcon_core.verb[0m [1;30mLevel 5[0m set package 'ros2_controllers' build argument 'cmake_clean_cache' from command line to 'False'
[0.296s] [34mcolcon.colcon_core.verb[0m [1;30mLevel 5[0m set package 'ros2_controllers' build argument 'cmake_clean_first' from command line to 'False'
[0.296s] [34mcolcon.colcon_core.verb[0m [1;30mLevel 5[0m set package 'ros2_controllers' build argument 'cmake_force_configure' from command line to 'False'
[0.296s] [34mcolcon.colcon_core.verb[0m [1;30mLevel 5[0m set package 'ros2_controllers' build argument 'ament_cmake_args' from command line to 'None'
[0.296s] [34mcolcon.colcon_core.verb[0m [1;30mLevel 5[0m set package 'ros2_controllers' build argument 'catkin_cmake_args' from command line to 'None'
[0.296s] [34mcolcon.colcon_core.verb[0m [1;30mLevel 5[0m set package 'ros2_controllers' build argument 'catkin_skip_building_tests' from command line to 'False'
[0.296s] [34mcolcon.colcon_core.verb[0m [1;30mDEBUG[0m [32mBuilding package 'ros2_controllers' with the following arguments: {'ament_cmake_args': None, 'build_base': '/home/libok/um_file/build/ros2_controllers', 'catkin_cmake_args': None, 'catkin_skip_building_tests': False, 'cmake_args': None, 'cmake_clean_cache': False, 'cmake_clean_first': False, 'cmake_force_configure': False, 'cmake_target': None, 'cmake_target_skip_unavailable': False, 'install_base': '/home/libok/um_file/install/ros2_controllers', 'merge_install': False, 'path': '/home/libok/um_file/ros2_controllers/ros2_controllers', 'symlink_install': False, 'test_result_base': None}[0m
[0.296s] [34mcolcon.colcon_core.verb[0m [1;30mLevel 5[0m set package 'ur_bringup' build argument 'cmake_args' from command line to 'None'
[0.296s] [34mcolcon.colcon_core.verb[0m [1;30mLevel 5[0m set package 'ur_bringup' build argument 'cmake_target' from command line to 'None'
[0.296s] [34mcolcon.colcon_core.verb[0m [1;30mLevel 5[0m set package 'ur_bringup' build argument 'cmake_target_skip_unavailable' from command line to 'False'
[0.296s] [34mcolcon.colcon_core.verb[0m [1;30mLevel 5[0m set package 'ur_bringup' build argument 'cmake_clean_cache' from command line to 'False'
[0.296s] [34mcolcon.colcon_core.verb[0m [1;30mLevel 5[0m set package 'ur_bringup' build argument 'cmake_clean_first' from command line to 'False'
[0.296s] [34mcolcon.colcon_core.verb[0m [1;30mLevel 5[0m set package 'ur_bringup' build argument 'cmake_force_configure' from command line to 'False'
[0.296s] [34mcolcon.colcon_core.verb[0m [1;30mLevel 5[0m set package 'ur_bringup' build argument 'ament_cmake_args' from command line to 'None'
[0.296s] [34mcolcon.colcon_core.verb[0m [1;30mLevel 5[0m set package 'ur_bringup' build argument 'catkin_cmake_args' from command line to 'None'
[0.296s] [34mcolcon.colcon_core.verb[0m [1;30mLevel 5[0m set package 'ur_bringup' build argument 'catkin_skip_building_tests' from command line to 'False'
[0.296s] [34mcolcon.colcon_core.verb[0m [1;30mDEBUG[0m [32mBuilding package 'ur_bringup' with the following arguments: {'ament_cmake_args': None, 'build_base': '/home/libok/um_file/build/ur_bringup', 'catkin_cmake_args': None, 'catkin_skip_building_tests': False, 'cmake_args': None, 'cmake_clean_cache': False, 'cmake_clean_first': False, 'cmake_force_configure': False, 'cmake_target': None, 'cmake_target_skip_unavailable': False, 'install_base': '/home/libok/um_file/install/ur_bringup', 'merge_install': False, 'path': '/home/libok/um_file/Universal_Robots_ROS2_Driver/ur_bringup', 'symlink_install': False, 'test_result_base': None}[0m
[0.296s] [34mcolcon.colcon_core.verb[0m [1;30mLevel 5[0m set package 'ur_robot_driver' build argument 'cmake_args' from command line to 'None'
[0.296s] [34mcolcon.colcon_core.verb[0m [1;30mLevel 5[0m set package 'ur_robot_driver' build argument 'cmake_target' from command line to 'None'
[0.296s] [34mcolcon.colcon_core.verb[0m [1;30mLevel 5[0m set package 'ur_robot_driver' build argument 'cmake_target_skip_unavailable' from command line to 'False'
[0.296s] [34mcolcon.colcon_core.verb[0m [1;30mLevel 5[0m set package 'ur_robot_driver' build argument 'cmake_clean_cache' from command line to 'False'
[0.296s] [34mcolcon.colcon_core.verb[0m [1;30mLevel 5[0m set package 'ur_robot_driver' build argument 'cmake_clean_first' from command line to 'False'
[0.296s] [34mcolcon.colcon_core.verb[0m [1;30mLevel 5[0m set package 'ur_robot_driver' build argument 'cmake_force_configure' from command line to 'False'
[0.296s] [34mcolcon.colcon_core.verb[0m [1;30mLevel 5[0m set package 'ur_robot_driver' build argument 'ament_cmake_args' from command line to 'None'
[0.296s] [34mcolcon.colcon_core.verb[0m [1;30mLevel 5[0m set package 'ur_robot_driver' build argument 'catkin_cmake_args' from command line to 'None'
[0.296s] [34mcolcon.colcon_core.verb[0m [1;30mLevel 5[0m set package 'ur_robot_driver' build argument 'catkin_skip_building_tests' from command line to 'False'
[0.296s] [34mcolcon.colcon_core.verb[0m [1;30mDEBUG[0m [32mBuilding package 'ur_robot_driver' with the following arguments: {'ament_cmake_args': None, 'build_base': '/home/libok/um_file/build/ur_robot_driver', 'catkin_cmake_args': None, 'catkin_skip_building_tests': False, 'cmake_args': None, 'cmake_clean_cache': False, 'cmake_clean_first': False, 'cmake_force_configure': False, 'cmake_target': None, 'cmake_target_skip_unavailable': False, 'install_base': '/home/libok/um_file/install/ur_robot_driver', 'merge_install': False, 'path': '/home/libok/um_file/Universal_Robots_ROS2_Driver/ur_robot_driver', 'symlink_install': False, 'test_result_base': None}[0m
[0.297s] [34mcolcon.colcon_core.verb[0m [1;30mLevel 5[0m set package 'robotiq_description' build argument 'cmake_args' from command line to 'None'
[0.297s] [34mcolcon.colcon_core.verb[0m [1;30mLevel 5[0m set package 'robotiq_description' build argument 'cmake_target' from command line to 'None'
[0.297s] [34mcolcon.colcon_core.verb[0m [1;30mLevel 5[0m set package 'robotiq_description' build argument 'cmake_target_skip_unavailable' from command line to 'False'
[0.297s] [34mcolcon.colcon_core.verb[0m [1;30mLevel 5[0m set package 'robotiq_description' build argument 'cmake_clean_cache' from command line to 'False'
[0.297s] [34mcolcon.colcon_core.verb[0m [1;30mLevel 5[0m set package 'robotiq_description' build argument 'cmake_clean_first' from command line to 'False'
[0.297s] [34mcolcon.colcon_core.verb[0m [1;30mLevel 5[0m set package 'robotiq_description' build argument 'cmake_force_configure' from command line to 'False'
[0.297s] [34mcolcon.colcon_core.verb[0m [1;30mLevel 5[0m set package 'robotiq_description' build argument 'ament_cmake_args' from command line to 'None'
[0.297s] [34mcolcon.colcon_core.verb[0m [1;30mLevel 5[0m set package 'robotiq_description' build argument 'catkin_cmake_args' from command line to 'None'
[0.297s] [34mcolcon.colcon_core.verb[0m [1;30mLevel 5[0m set package 'robotiq_description' build argument 'catkin_skip_building_tests' from command line to 'False'
[0.297s] [34mcolcon.colcon_core.verb[0m [1;30mDEBUG[0m [32mBuilding package 'robotiq_description' with the following arguments: {'ament_cmake_args': None, 'build_base': '/home/libok/um_file/build/robotiq_description', 'catkin_cmake_args': None, 'catkin_skip_building_tests': False, 'cmake_args': None, 'cmake_clean_cache': False, 'cmake_clean_first': False, 'cmake_force_configure': False, 'cmake_target': None, 'cmake_target_skip_unavailable': False, 'install_base': '/home/libok/um_file/install/robotiq_description', 'merge_install': False, 'path': '/home/libok/um_file/ros2_robotiq_gripper/robotiq_description', 'symlink_install': False, 'test_result_base': None}[0m
[0.297s] [34mcolcon.colcon_core.verb[0m [1;30mLevel 5[0m set package 'ur_calibration' build argument 'cmake_args' from command line to 'None'
[0.297s] [34mcolcon.colcon_core.verb[0m [1;30mLevel 5[0m set package 'ur_calibration' build argument 'cmake_target' from command line to 'None'
[0.297s] [34mcolcon.colcon_core.verb[0m [1;30mLevel 5[0m set package 'ur_calibration' build argument 'cmake_target_skip_unavailable' from command line to 'False'
[0.297s] [34mcolcon.colcon_core.verb[0m [1;30mLevel 5[0m set package 'ur_calibration' build argument 'cmake_clean_cache' from command line to 'False'
[0.297s] [34mcolcon.colcon_core.verb[0m [1;30mLevel 5[0m set package 'ur_calibration' build argument 'cmake_clean_first' from command line to 'False'
[0.297s] [34mcolcon.colcon_core.verb[0m [1;30mLevel 5[0m set package 'ur_calibration' build argument 'cmake_force_configure' from command line to 'False'
[0.297s] [34mcolcon.colcon_core.verb[0m [1;30mLevel 5[0m set package 'ur_calibration' build argument 'ament_cmake_args' from command line to 'None'
[0.297s] [34mcolcon.colcon_core.verb[0m [1;30mLevel 5[0m set package 'ur_calibration' build argument 'catkin_cmake_args' from command line to 'None'
[0.297s] [34mcolcon.colcon_core.verb[0m [1;30mLevel 5[0m set package 'ur_calibration' build argument 'catkin_skip_building_tests' from command line to 'False'
[0.297s] [34mcolcon.colcon_core.verb[0m [1;30mDEBUG[0m [32mBuilding package 'ur_calibration' with the following arguments: {'ament_cmake_args': None, 'build_base': '/home/libok/um_file/build/ur_calibration', 'catkin_cmake_args': None, 'catkin_skip_building_tests': False, 'cmake_args': None, 'cmake_clean_cache': False, 'cmake_clean_first': False, 'cmake_force_configure': False, 'cmake_target': None, 'cmake_target_skip_unavailable': False, 'install_base': '/home/libok/um_file/install/ur_calibration', 'merge_install': False, 'path': '/home/libok/um_file/Universal_Robots_ROS2_Driver/ur_calibration', 'symlink_install': False, 'test_result_base': None}[0m
[0.297s] [34mcolcon.colcon_core.verb[0m [1;30mLevel 5[0m set package 'ur' build argument 'cmake_args' from command line to 'None'
[0.297s] [34mcolcon.colcon_core.verb[0m [1;30mLevel 5[0m set package 'ur' build argument 'cmake_target' from command line to 'None'
[0.297s] [34mcolcon.colcon_core.verb[0m [1;30mLevel 5[0m set package 'ur' build argument 'cmake_target_skip_unavailable' from command line to 'False'
[0.297s] [34mcolcon.colcon_core.verb[0m [1;30mLevel 5[0m set package 'ur' build argument 'cmake_clean_cache' from command line to 'False'
[0.297s] [34mcolcon.colcon_core.verb[0m [1;30mLevel 5[0m set package 'ur' build argument 'cmake_clean_first' from command line to 'False'
[0.297s] [34mcolcon.colcon_core.verb[0m [1;30mLevel 5[0m set package 'ur' build argument 'cmake_force_configure' from command line to 'False'
[0.297s] [34mcolcon.colcon_core.verb[0m [1;30mLevel 5[0m set package 'ur' build argument 'ament_cmake_args' from command line to 'None'
[0.297s] [34mcolcon.colcon_core.verb[0m [1;30mLevel 5[0m set package 'ur' build argument 'catkin_cmake_args' from command line to 'None'
[0.297s] [34mcolcon.colcon_core.verb[0m [1;30mLevel 5[0m set package 'ur' build argument 'catkin_skip_building_tests' from command line to 'False'
[0.297s] [34mcolcon.colcon_core.verb[0m [1;30mDEBUG[0m [32mBuilding package 'ur' with the following arguments: {'ament_cmake_args': None, 'build_base': '/home/libok/um_file/build/ur', 'catkin_cmake_args': None, 'catkin_skip_building_tests': False, 'cmake_args': None, 'cmake_clean_cache': False, 'cmake_clean_first': False, 'cmake_force_configure': False, 'cmake_target': None, 'cmake_target_skip_unavailable': False, 'install_base': '/home/libok/um_file/install/ur', 'merge_install': False, 'path': '/home/libok/um_file/Universal_Robots_ROS2_Driver/ur', 'symlink_install': False, 'test_result_base': None}[0m
[0.297s] [34mcolcon.colcon_core.executor[0m [1;30mINFO[0m Executing jobs using 'parallel' executor
[0.298s] [34mcolcon.colcon_parallel_executor.executor.parallel[0m [1;30mDEBUG[0m [32mrun_until_complete[0m
[0.299s] [34mcolcon.colcon_ros.task.ament_cmake.build[0m [1;30mINFO[0m Building ROS package in '/home/libok/um_file/ros2_controllers/forward_command_controller' with build type 'ament_cmake'
[0.299s] [34mcolcon.colcon_cmake.task.cmake.build[0m [1;30mINFO[0m Building CMake package in '/home/libok/um_file/ros2_controllers/forward_command_controller'
[0.301s] [34mcolcon.colcon_core.plugin_system[0m [1;30mINFO[0m Skipping extension 'colcon_core.shell.bat': Not used on non-Windows systems
[0.302s] [34mcolcon.colcon_core.shell[0m [1;30mINFO[0m Skip shell extension 'powershell' for command environment: Not usable outside of PowerShell
[0.302s] [34mcolcon.colcon_core.shell[0m [1;30mDEBUG[0m [32mSkip shell extension 'dsv' for command environment[0m
[0.304s] [34mcolcon.colcon_ros.task.ament_cmake.build[0m [1;30mINFO[0m Building ROS package in '/home/libok/um_file/ros2_controllers/joint_trajectory_controller' with build type 'ament_cmake'
[0.304s] [34mcolcon.colcon_cmake.task.cmake.build[0m [1;30mINFO[0m Building CMake package in '/home/libok/um_file/ros2_controllers/joint_trajectory_controller'
[0.304s] [34mcolcon.colcon_core.shell[0m [1;30mINFO[0m Skip shell extension 'powershell' for command environment: Not usable outside of PowerShell
[0.304s] [34mcolcon.colcon_core.shell[0m [1;30mDEBUG[0m [32mSkip shell extension 'dsv' for command environment[0m
[0.306s] [34mcolcon.colcon_ros.task.ament_cmake.build[0m [1;30mINFO[0m Building ROS package in '/home/libok/um_file/ros2_controllers/force_torque_sensor_broadcaster' with build type 'ament_cmake'
[0.306s] [34mcolcon.colcon_cmake.task.cmake.build[0m [1;30mINFO[0m Building CMake package in '/home/libok/um_file/ros2_controllers/force_torque_sensor_broadcaster'
[0.306s] [34mcolcon.colcon_core.shell[0m [1;30mINFO[0m Skip shell extension 'powershell' for command environment: Not usable outside of PowerShell
[0.306s] [34mcolcon.colcon_core.shell[0m [1;30mDEBUG[0m [32mSkip shell extension 'dsv' for command environment[0m
[0.308s] [34mcolcon.colcon_ros.task.ament_cmake.build[0m [1;30mINFO[0m Building ROS package in '/home/libok/um_file/ros2_controllers/joint_state_broadcaster' with build type 'ament_cmake'
[0.308s] [34mcolcon.colcon_cmake.task.cmake.build[0m [1;30mINFO[0m Building CMake package in '/home/libok/um_file/ros2_controllers/joint_state_broadcaster'
[0.309s] [34mcolcon.colcon_core.shell[0m [1;30mINFO[0m Skip shell extension 'powershell' for command environment: Not usable outside of PowerShell
[0.309s] [34mcolcon.colcon_core.shell[0m [1;30mDEBUG[0m [32mSkip shell extension 'dsv' for command environment[0m
[0.311s] [34mcolcon.colcon_ros.task.ament_cmake.build[0m [1;30mINFO[0m Building ROS package in '/home/libok/um_file/ros2_controllers/pose_broadcaster' with build type 'ament_cmake'
[0.311s] [34mcolcon.colcon_cmake.task.cmake.build[0m [1;30mINFO[0m Building CMake package in '/home/libok/um_file/ros2_controllers/pose_broadcaster'
[0.311s] [34mcolcon.colcon_core.shell[0m [1;30mINFO[0m Skip shell extension 'powershell' for command environment: Not usable outside of PowerShell
[0.311s] [34mcolcon.colcon_core.shell[0m [1;30mDEBUG[0m [32mSkip shell extension 'dsv' for command environment[0m
[0.313s] [34mcolcon.colcon_ros.task.ament_cmake.build[0m [1;30mINFO[0m Building ROS package in '/home/libok/um_file/ros2_controllers/steering_controllers_library' with build type 'ament_cmake'
[0.313s] [34mcolcon.colcon_cmake.task.cmake.build[0m [1;30mINFO[0m Building CMake package in '/home/libok/um_file/ros2_controllers/steering_controllers_library'
[0.313s] [34mcolcon.colcon_core.shell[0m [1;30mINFO[0m Skip shell extension 'powershell' for command environment: Not usable outside of PowerShell
[0.313s] [34mcolcon.colcon_core.shell[0m [1;30mDEBUG[0m [32mSkip shell extension 'dsv' for command environment[0m
[0.315s] [34mcolcon.colcon_ros.task.ament_cmake.build[0m [1;30mINFO[0m Building ROS package in '/home/libok/um_file/Universal_Robots_ROS2_Driver/ur_dashboard_msgs' with build type 'ament_cmake'
[0.315s] [34mcolcon.colcon_cmake.task.cmake.build[0m [1;30mINFO[0m Building CMake package in '/home/libok/um_file/Universal_Robots_ROS2_Driver/ur_dashboard_msgs'
[0.315s] [34mcolcon.colcon_core.shell[0m [1;30mINFO[0m Skip shell extension 'powershell' for command environment: Not usable outside of PowerShell
[0.316s] [34mcolcon.colcon_core.shell[0m [1;30mDEBUG[0m [32mSkip shell extension 'dsv' for command environment[0m
[0.319s] [34mcolcon.colcon_ros.task.ament_cmake.build[0m [1;30mINFO[0m Building ROS package in '/home/libok/um_file/ur_msgs' with build type 'ament_cmake'
[0.319s] [34mcolcon.colcon_cmake.task.cmake.build[0m [1;30mINFO[0m Building CMake package in '/home/libok/um_file/ur_msgs'
[0.319s] [34mcolcon.colcon_core.shell[0m [1;30mINFO[0m Skip shell extension 'powershell' for command environment: Not usable outside of PowerShell
[0.319s] [34mcolcon.colcon_core.shell[0m [1;30mDEBUG[0m [32mSkip shell extension 'dsv' for command environment[0m
[0.321s] [34mcolcon.colcon_ros.task.ament_cmake.build[0m [1;30mINFO[0m Building ROS package in '/home/libok/um_file/ros2_controllers/admittance_controller' with build type 'ament_cmake'
[0.321s] [34mcolcon.colcon_cmake.task.cmake.build[0m [1;30mINFO[0m Building CMake package in '/home/libok/um_file/ros2_controllers/admittance_controller'
[0.321s] [34mcolcon.colcon_core.shell[0m [1;30mINFO[0m Skip shell extension 'powershell' for command environment: Not usable outside of PowerShell
[0.321s] [34mcolcon.colcon_core.shell[0m [1;30mDEBUG[0m [32mSkip shell extension 'dsv' for command environment[0m
[0.323s] [34mcolcon.colcon_ros.task.ament_cmake.build[0m [1;30mINFO[0m Building ROS package in '/home/libok/um_file/ros2_controllers/diff_drive_controller' with build type 'ament_cmake'
[0.323s] [34mcolcon.colcon_cmake.task.cmake.build[0m [1;30mINFO[0m Building CMake package in '/home/libok/um_file/ros2_controllers/diff_drive_controller'
[0.323s] [34mcolcon.colcon_core.shell[0m [1;30mINFO[0m Skip shell extension 'powershell' for command environment: Not usable outside of PowerShell
[0.323s] [34mcolcon.colcon_core.shell[0m [1;30mDEBUG[0m [32mSkip shell extension 'dsv' for command environment[0m
[0.325s] [34mcolcon.colcon_ros.task.ament_cmake.build[0m [1;30mINFO[0m Building ROS package in '/home/libok/um_file/ros2_controllers/gpio_controllers' with build type 'ament_cmake'
[0.325s] [34mcolcon.colcon_cmake.task.cmake.build[0m [1;30mINFO[0m Building CMake package in '/home/libok/um_file/ros2_controllers/gpio_controllers'
[0.325s] [34mcolcon.colcon_core.shell[0m [1;30mINFO[0m Skip shell extension 'powershell' for command environment: Not usable outside of PowerShell
[0.325s] [34mcolcon.colcon_core.shell[0m [1;30mDEBUG[0m [32mSkip shell extension 'dsv' for command environment[0m
[0.327s] [34mcolcon.colcon_ros.task.ament_cmake.build[0m [1;30mINFO[0m Building ROS package in '/home/libok/um_file/ros2_controllers/gripper_controllers' with build type 'ament_cmake'
[0.327s] [34mcolcon.colcon_cmake.task.cmake.build[0m [1;30mINFO[0m Building CMake package in '/home/libok/um_file/ros2_controllers/gripper_controllers'
[0.327s] [34mcolcon.colcon_core.shell[0m [1;30mINFO[0m Skip shell extension 'powershell' for command environment: Not usable outside of PowerShell
[0.327s] [34mcolcon.colcon_core.shell[0m [1;30mDEBUG[0m [32mSkip shell extension 'dsv' for command environment[0m
[0.329s] [34mcolcon.colcon_ros.task.ament_cmake.build[0m [1;30mINFO[0m Building ROS package in '/home/libok/um_file/ros2_controllers/imu_sensor_broadcaster' with build type 'ament_cmake'
[0.329s] [34mcolcon.colcon_cmake.task.cmake.build[0m [1;30mINFO[0m Building CMake package in '/home/libok/um_file/ros2_controllers/imu_sensor_broadcaster'
[0.329s] [34mcolcon.colcon_core.shell[0m [1;30mINFO[0m Skip shell extension 'powershell' for command environment: Not usable outside of PowerShell
[0.329s] [34mcolcon.colcon_core.shell[0m [1;30mDEBUG[0m [32mSkip shell extension 'dsv' for command environment[0m
[0.331s] [34mcolcon.colcon_ros.task.ament_cmake.build[0m [1;30mINFO[0m Building ROS package in '/home/libok/um_file/ros2_controllers/mecanum_drive_controller' with build type 'ament_cmake'
[0.331s] [34mcolcon.colcon_cmake.task.cmake.build[0m [1;30mINFO[0m Building CMake package in '/home/libok/um_file/ros2_controllers/mecanum_drive_controller'
[0.331s] [34mcolcon.colcon_core.shell[0m [1;30mINFO[0m Skip shell extension 'powershell' for command environment: Not usable outside of PowerShell
[0.331s] [34mcolcon.colcon_core.shell[0m [1;30mDEBUG[0m [32mSkip shell extension 'dsv' for command environment[0m
[0.333s] [34mcolcon.colcon_ros.task.ament_cmake.build[0m [1;30mINFO[0m Building ROS package in '/home/libok/um_file/ros2_controllers/pid_controller' with build type 'ament_cmake'
[0.333s] [34mcolcon.colcon_cmake.task.cmake.build[0m [1;30mINFO[0m Building CMake package in '/home/libok/um_file/ros2_controllers/pid_controller'
[0.334s] [34mcolcon.colcon_core.shell[0m [1;30mINFO[0m Skip shell extension 'powershell' for command environment: Not usable outside of PowerShell
[0.334s] [34mcolcon.colcon_core.shell[0m [1;30mDEBUG[0m [32mSkip shell extension 'dsv' for command environment[0m
[0.336s] [34mcolcon.colcon_ros.task.ament_cmake.build[0m [1;30mINFO[0m Building ROS package in '/home/libok/um_file/ros2_controllers/range_sensor_broadcaster' with build type 'ament_cmake'
[0.336s] [34mcolcon.colcon_cmake.task.cmake.build[0m [1;30mINFO[0m Building CMake package in '/home/libok/um_file/ros2_controllers/range_sensor_broadcaster'
[0.336s] [34mcolcon.colcon_core.shell[0m [1;30mINFO[0m Skip shell extension 'powershell' for command environment: Not usable outside of PowerShell
[0.336s] [34mcolcon.colcon_core.shell[0m [1;30mDEBUG[0m [32mSkip shell extension 'dsv' for command environment[0m
[0.338s] [34mcolcon.colcon_ros.task.ament_cmake.build[0m [1;30mINFO[0m Building ROS package in '/home/libok/um_file/serial' with build type 'ament_cmake'
[0.338s] [34mcolcon.colcon_cmake.task.cmake.build[0m [1;30mINFO[0m Building CMake package in '/home/libok/um_file/serial'
[0.338s] [34mcolcon.colcon_core.shell[0m [1;30mINFO[0m Skip shell extension 'powershell' for command environment: Not usable outside of PowerShell
[0.338s] [34mcolcon.colcon_core.shell[0m [1;30mDEBUG[0m [32mSkip shell extension 'dsv' for command environment[0m
[0.340s] [34mcolcon.colcon_ros.task.ament_cmake.build[0m [1;30mINFO[0m Building ROS package in '/home/libok/um_file/ros2_controllers/tricycle_controller' with build type 'ament_cmake'
[0.340s] [34mcolcon.colcon_cmake.task.cmake.build[0m [1;30mINFO[0m Building CMake package in '/home/libok/um_file/ros2_controllers/tricycle_controller'
[0.340s] [34mcolcon.colcon_core.shell[0m [1;30mINFO[0m Skip shell extension 'powershell' for command environment: Not usable outside of PowerShell
[0.340s] [34mcolcon.colcon_core.shell[0m [1;30mDEBUG[0m [32mSkip shell extension 'dsv' for command environment[0m
[0.347s] [34mcolcon.colcon_core.event_handler.log_command[0m [1;30mDEBUG[0m [32mInvoking command in '/home/libok/um_file/build/forward_command_controller': CMAKE_PREFIX_PATH=${CMAKE_PREFIX_PATH}:/opt/ros/humble /usr/local/bin/cmake /home/libok/um_file/ros2_controllers/forward_command_controller -DCMAKE_INSTALL_PREFIX=/home/libok/um_file/install/forward_command_controller[0m
[0.349s] [34mcolcon.colcon_core.event_handler.log_command[0m [1;30mDEBUG[0m [32mInvoking command in '/home/libok/um_file/build/joint_trajectory_controller': CMAKE_PREFIX_PATH=${CMAKE_PREFIX_PATH}:/opt/ros/humble /usr/local/bin/cmake /home/libok/um_file/ros2_controllers/joint_trajectory_controller -DCMAKE_INSTALL_PREFIX=/home/libok/um_file/install/joint_trajectory_controller[0m
[0.350s] [34mcolcon.colcon_core.event_handler.log_command[0m [1;30mDEBUG[0m [32mInvoking command in '/home/libok/um_file/build/force_torque_sensor_broadcaster': CMAKE_PREFIX_PATH=${CMAKE_PREFIX_PATH}:/opt/ros/humble /usr/local/bin/cmake /home/libok/um_file/ros2_controllers/force_torque_sensor_broadcaster -DCMAKE_INSTALL_PREFIX=/home/libok/um_file/install/force_torque_sensor_broadcaster[0m
[0.352s] [34mcolcon.colcon_core.event_handler.log_command[0m [1;30mDEBUG[0m [32mInvoking command in '/home/libok/um_file/build/joint_state_broadcaster': CMAKE_PREFIX_PATH=${CMAKE_PREFIX_PATH}:/opt/ros/humble /usr/local/bin/cmake /home/libok/um_file/ros2_controllers/joint_state_broadcaster -DCMAKE_INSTALL_PREFIX=/home/libok/um_file/install/joint_state_broadcaster[0m
[0.354s] [34mcolcon.colcon_core.event_handler.log_command[0m [1;30mDEBUG[0m [32mInvoking command in '/home/libok/um_file/build/pose_broadcaster': CMAKE_PREFIX_PATH=${CMAKE_PREFIX_PATH}:/opt/ros/humble /usr/local/bin/cmake /home/libok/um_file/ros2_controllers/pose_broadcaster -DCMAKE_INSTALL_PREFIX=/home/libok/um_file/install/pose_broadcaster[0m
[0.355s] [34mcolcon.colcon_core.event_handler.log_command[0m [1;30mDEBUG[0m [32mInvoking command in '/home/libok/um_file/build/steering_controllers_library': CMAKE_PREFIX_PATH=${CMAKE_PREFIX_PATH}:/opt/ros/humble /usr/local/bin/cmake /home/libok/um_file/ros2_controllers/steering_controllers_library -DCMAKE_INSTALL_PREFIX=/home/libok/um_file/install/steering_controllers_library[0m
[0.358s] [34mcolcon.colcon_core.event_handler.log_command[0m [1;30mDEBUG[0m [32mInvoking command in '/home/libok/um_file/build/ur_dashboard_msgs': CMAKE_PREFIX_PATH=${CMAKE_PREFIX_PATH}:/opt/ros/humble /usr/local/bin/cmake /home/libok/um_file/Universal_Robots_ROS2_Driver/ur_dashboard_msgs -DCMAKE_INSTALL_PREFIX=/home/libok/um_file/install/ur_dashboard_msgs[0m
[0.360s] [34mcolcon.colcon_core.event_handler.log_command[0m [1;30mDEBUG[0m [32mInvoking command in '/home/libok/um_file/build/ur_msgs': CMAKE_PREFIX_PATH=${CMAKE_PREFIX_PATH}:/opt/ros/humble /usr/local/bin/cmake /home/libok/um_file/ur_msgs -DCMAKE_INSTALL_PREFIX=/home/libok/um_file/install/ur_msgs[0m
[0.362s] [34mcolcon.colcon_core.event_handler.log_command[0m [1;30mDEBUG[0m [32mInvoking command in '/home/libok/um_file/build/admittance_controller': CMAKE_PREFIX_PATH=${CMAKE_PREFIX_PATH}:/opt/ros/humble /usr/local/bin/cmake /home/libok/um_file/ros2_controllers/admittance_controller -DCMAKE_INSTALL_PREFIX=/home/libok/um_file/install/admittance_controller[0m
[0.364s] [34mcolcon.colcon_core.event_handler.log_command[0m [1;30mDEBUG[0m [32mInvoking command in '/home/libok/um_file/build/diff_drive_controller': CMAKE_PREFIX_PATH=${CMAKE_PREFIX_PATH}:/opt/ros/humble /usr/local/bin/cmake /home/libok/um_file/ros2_controllers/diff_drive_controller -DCMAKE_INSTALL_PREFIX=/home/libok/um_file/install/diff_drive_controller[0m
[0.366s] [34mcolcon.colcon_core.event_handler.log_command[0m [1;30mDEBUG[0m [32mInvoking command in '/home/libok/um_file/build/gpio_controllers': CMAKE_PREFIX_PATH=${CMAKE_PREFIX_PATH}:/opt/ros/humble /usr/local/bin/cmake /home/libok/um_file/ros2_controllers/gpio_controllers -DCMAKE_INSTALL_PREFIX=/home/libok/um_file/install/gpio_controllers[0m
[0.373s] [34mcolcon.colcon_core.event_handler.log_command[0m [1;30mDEBUG[0m [32mInvoking command in '/home/libok/um_file/build/gripper_controllers': CMAKE_PREFIX_PATH=${CMAKE_PREFIX_PATH}:/opt/ros/humble /usr/local/bin/cmake /home/libok/um_file/ros2_controllers/gripper_controllers -DCMAKE_INSTALL_PREFIX=/home/libok/um_file/install/gripper_controllers[0m
[0.377s] [34mcolcon.colcon_core.event_handler.log_command[0m [1;30mDEBUG[0m [32mInvoking command in '/home/libok/um_file/build/imu_sensor_broadcaster': CMAKE_PREFIX_PATH=${CMAKE_PREFIX_PATH}:/opt/ros/humble /usr/local/bin/cmake /home/libok/um_file/ros2_controllers/imu_sensor_broadcaster -DCMAKE_INSTALL_PREFIX=/home/libok/um_file/install/imu_sensor_broadcaster[0m
[0.378s] [34mcolcon.colcon_core.event_handler.log_command[0m [1;30mDEBUG[0m [32mInvoking command in '/home/libok/um_file/build/mecanum_drive_controller': CMAKE_PREFIX_PATH=${CMAKE_PREFIX_PATH}:/opt/ros/humble /usr/local/bin/cmake /home/libok/um_file/ros2_controllers/mecanum_drive_controller -DCMAKE_INSTALL_PREFIX=/home/libok/um_file/install/mecanum_drive_controller[0m
[0.383s] [34mcolcon.colcon_core.event_handler.log_command[0m [1;30mDEBUG[0m [32mInvoking command in '/home/libok/um_file/build/pid_controller': CMAKE_PREFIX_PATH=${CMAKE_PREFIX_PATH}:/opt/ros/humble /usr/local/bin/cmake /home/libok/um_file/ros2_controllers/pid_controller -DCMAKE_INSTALL_PREFIX=/home/libok/um_file/install/pid_controller[0m
[0.392s] [34mcolcon.colcon_core.event_handler.log_command[0m [1;30mDEBUG[0m [32mInvoking command in '/home/libok/um_file/build/range_sensor_broadcaster': CMAKE_PREFIX_PATH=${CMAKE_PREFIX_PATH}:/opt/ros/humble /usr/local/bin/cmake /home/libok/um_file/ros2_controllers/range_sensor_broadcaster -DCMAKE_INSTALL_PREFIX=/home/libok/um_file/install/range_sensor_broadcaster[0m
[0.398s] [34mcolcon.colcon_core.event_handler.log_command[0m [1;30mDEBUG[0m [32mInvoking command in '/home/libok/um_file/build/serial': CMAKE_PREFIX_PATH=${CMAKE_PREFIX_PATH}:/opt/ros/humble /usr/local/bin/cmake /home/libok/um_file/serial -DCMAKE_INSTALL_PREFIX=/home/libok/um_file/install/serial[0m
[0.421s] [34mcolcon.colcon_core.event_handler.log_command[0m [1;30mDEBUG[0m [32mInvoking command in '/home/libok/um_file/build/tricycle_controller': CMAKE_PREFIX_PATH=${CMAKE_PREFIX_PATH}:/opt/ros/humble /usr/local/bin/cmake /home/libok/um_file/ros2_controllers/tricycle_controller -DCMAKE_INSTALL_PREFIX=/home/libok/um_file/install/tricycle_controller[0m
[2.934s] [34mcolcon.colcon_core.event_handler.log_command[0m [1;30mDEBUG[0m [32mInvoked command in '/home/libok/um_file/build/forward_command_controller' returned '0': CMAKE_PREFIX_PATH=${CMAKE_PREFIX_PATH}:/opt/ros/humble /usr/local/bin/cmake /home/libok/um_file/ros2_controllers/forward_command_controller -DCMAKE_INSTALL_PREFIX=/home/libok/um_file/install/forward_command_controller[0m
[2.935s] [34mcolcon.colcon_core.event_handler.log_command[0m [1;30mDEBUG[0m [32mInvoking command in '/home/libok/um_file/build/forward_command_controller': CMAKE_PREFIX_PATH=${CMAKE_PREFIX_PATH}:/opt/ros/humble /usr/local/bin/cmake --build /home/libok/um_file/build/forward_command_controller -- -j18 -l18[0m
[2.973s] [34mcolcon.colcon_core.event_handler.log_command[0m [1;30mDEBUG[0m [32mInvoked command in '/home/libok/um_file/build/joint_state_broadcaster' returned '0': CMAKE_PREFIX_PATH=${CMAKE_PREFIX_PATH}:/opt/ros/humble /usr/local/bin/cmake /home/libok/um_file/ros2_controllers/joint_state_broadcaster -DCMAKE_INSTALL_PREFIX=/home/libok/um_file/install/joint_state_broadcaster[0m
[2.973s] [34mcolcon.colcon_core.event_handler.log_command[0m [1;30mDEBUG[0m [32mInvoking command in '/home/libok/um_file/build/joint_state_broadcaster': CMAKE_PREFIX_PATH=${CMAKE_PREFIX_PATH}:/opt/ros/humble /usr/local/bin/cmake --build /home/libok/um_file/build/joint_state_broadcaster -- -j18 -l18[0m
[2.995s] [34mcolcon.colcon_core.event_handler.log_command[0m [1;30mDEBUG[0m [32mInvoked command in '/home/libok/um_file/build/gpio_controllers' returned '0': CMAKE_PREFIX_PATH=${CMAKE_PREFIX_PATH}:/opt/ros/humble /usr/local/bin/cmake /home/libok/um_file/ros2_controllers/gpio_controllers -DCMAKE_INSTALL_PREFIX=/home/libok/um_file/install/gpio_controllers[0m
[2.996s] [34mcolcon.colcon_core.event_handler.log_command[0m [1;30mDEBUG[0m [32mInvoking command in '/home/libok/um_file/build/gpio_controllers': CMAKE_PREFIX_PATH=${CMAKE_PREFIX_PATH}:/opt/ros/humble /usr/local/bin/cmake --build /home/libok/um_file/build/gpio_controllers -- -j18 -l18[0m
[3.059s] [34mcolcon.colcon_core.event_handler.log_command[0m [1;30mDEBUG[0m [32mInvoked command in '/home/libok/um_file/build/pid_controller' returned '0': CMAKE_PREFIX_PATH=${CMAKE_PREFIX_PATH}:/opt/ros/humble /usr/local/bin/cmake /home/libok/um_file/ros2_controllers/pid_controller -DCMAKE_INSTALL_PREFIX=/home/libok/um_file/install/pid_controller[0m
[3.059s] [34mcolcon.colcon_core.event_handler.log_command[0m [1;30mDEBUG[0m [32mInvoking command in '/home/libok/um_file/build/pid_controller': CMAKE_PREFIX_PATH=${CMAKE_PREFIX_PATH}:/opt/ros/humble /usr/local/bin/cmake --build /home/libok/um_file/build/pid_controller -- -j18 -l18[0m
[3.062s] [34mcolcon.colcon_core.event_handler.log_command[0m [1;30mDEBUG[0m [32mInvoked command in '/home/libok/um_file/build/pose_broadcaster' returned '0': CMAKE_PREFIX_PATH=${CMAKE_PREFIX_PATH}:/opt/ros/humble /usr/local/bin/cmake /home/libok/um_file/ros2_controllers/pose_broadcaster -DCMAKE_INSTALL_PREFIX=/home/libok/um_file/install/pose_broadcaster[0m
[3.063s] [34mcolcon.colcon_core.event_handler.log_command[0m [1;30mDEBUG[0m [32mInvoking command in '/home/libok/um_file/build/pose_broadcaster': CMAKE_PREFIX_PATH=${CMAKE_PREFIX_PATH}:/opt/ros/humble /usr/local/bin/cmake --build /home/libok/um_file/build/pose_broadcaster -- -j18 -l18[0m
[3.111s] [34mcolcon.colcon_core.event_handler.log_command[0m [1;30mDEBUG[0m [32mInvoked command in '/home/libok/um_file/build/joint_trajectory_controller' returned '0': CMAKE_PREFIX_PATH=${CMAKE_PREFIX_PATH}:/opt/ros/humble /usr/local/bin/cmake /home/libok/um_file/ros2_controllers/joint_trajectory_controller -DCMAKE_INSTALL_PREFIX=/home/libok/um_file/install/joint_trajectory_controller[0m
[3.126s] [34mcolcon.colcon_core.event_handler.log_command[0m [1;30mDEBUG[0m [32mInvoking command in '/home/libok/um_file/build/joint_trajectory_controller': CMAKE_PREFIX_PATH=${CMAKE_PREFIX_PATH}:/opt/ros/humble /usr/local/bin/cmake --build /home/libok/um_file/build/joint_trajectory_controller -- -j18 -l18[0m
[3.128s] [34mcolcon.colcon_core.event_handler.log_command[0m [1;30mDEBUG[0m [32mInvoked command in '/home/libok/um_file/build/serial' returned '0': CMAKE_PREFIX_PATH=${CMAKE_PREFIX_PATH}:/opt/ros/humble /usr/local/bin/cmake /home/libok/um_file/serial -DCMAKE_INSTALL_PREFIX=/home/libok/um_file/install/serial[0m
[3.129s] [34mcolcon.colcon_core.event_handler.log_command[0m [1;30mDEBUG[0m [32mInvoking command in '/home/libok/um_file/build/serial': CMAKE_PREFIX_PATH=${CMAKE_PREFIX_PATH}:/opt/ros/humble /usr/local/bin/cmake --build /home/libok/um_file/build/serial -- -j18 -l18[0m
[3.314s] [34mcolcon.colcon_core.event_handler.log_command[0m [1;30mDEBUG[0m [32mInvoked command in '/home/libok/um_file/build/diff_drive_controller' returned '0': CMAKE_PREFIX_PATH=${CMAKE_PREFIX_PATH}:/opt/ros/humble /usr/local/bin/cmake /home/libok/um_file/ros2_controllers/diff_drive_controller -DCMAKE_INSTALL_PREFIX=/home/libok/um_file/install/diff_drive_controller[0m
[3.315s] [34mcolcon.colcon_core.event_handler.log_command[0m [1;30mDEBUG[0m [32mInvoking command in '/home/libok/um_file/build/diff_drive_controller': CMAKE_PREFIX_PATH=${CMAKE_PREFIX_PATH}:/opt/ros/humble /usr/local/bin/cmake --build /home/libok/um_file/build/diff_drive_controller -- -j18 -l18[0m
[3.592s] [34mcolcon.colcon_core.event_handler.log_command[0m [1;30mDEBUG[0m [32mInvoked command in '/home/libok/um_file/build/range_sensor_broadcaster' returned '0': CMAKE_PREFIX_PATH=${CMAKE_PREFIX_PATH}:/opt/ros/humble /usr/local/bin/cmake /home/libok/um_file/ros2_controllers/range_sensor_broadcaster -DCMAKE_INSTALL_PREFIX=/home/libok/um_file/install/range_sensor_broadcaster[0m
[3.593s] [34mcolcon.colcon_core.event_handler.log_command[0m [1;30mDEBUG[0m [32mInvoking command in '/home/libok/um_file/build/range_sensor_broadcaster': CMAKE_PREFIX_PATH=${CMAKE_PREFIX_PATH}:/opt/ros/humble /usr/local/bin/cmake --build /home/libok/um_file/build/range_sensor_broadcaster -- -j18 -l18[0m
[3.666s] [34mcolcon.colcon_core.event_handler.log_command[0m [1;30mDEBUG[0m [32mInvoked command in '/home/libok/um_file/build/steering_controllers_library' returned '0': CMAKE_PREFIX_PATH=${CMAKE_PREFIX_PATH}:/opt/ros/humble /usr/local/bin/cmake /home/libok/um_file/ros2_controllers/steering_controllers_library -DCMAKE_INSTALL_PREFIX=/home/libok/um_file/install/steering_controllers_library[0m
[3.667s] [34mcolcon.colcon_core.event_handler.log_command[0m [1;30mDEBUG[0m [32mInvoking command in '/home/libok/um_file/build/steering_controllers_library': CMAKE_PREFIX_PATH=${CMAKE_PREFIX_PATH}:/opt/ros/humble /usr/local/bin/cmake --build /home/libok/um_file/build/steering_controllers_library -- -j18 -l18[0m
[3.724s] [34mcolcon.colcon_core.event_handler.log_command[0m [1;30mDEBUG[0m [32mInvoked command in '/home/libok/um_file/build/gripper_controllers' returned '0': CMAKE_PREFIX_PATH=${CMAKE_PREFIX_PATH}:/opt/ros/humble /usr/local/bin/cmake /home/libok/um_file/ros2_controllers/gripper_controllers -DCMAKE_INSTALL_PREFIX=/home/libok/um_file/install/gripper_controllers[0m
[3.724s] [34mcolcon.colcon_core.event_handler.log_command[0m [1;30mDEBUG[0m [32mInvoking command in '/home/libok/um_file/build/gripper_controllers': CMAKE_PREFIX_PATH=${CMAKE_PREFIX_PATH}:/opt/ros/humble /usr/local/bin/cmake --build /home/libok/um_file/build/gripper_controllers -- -j18 -l18[0m
[3.765s] [34mcolcon.colcon_core.event_handler.log_command[0m [1;30mDEBUG[0m [32mInvoked command in '/home/libok/um_file/build/force_torque_sensor_broadcaster' returned '0': CMAKE_PREFIX_PATH=${CMAKE_PREFIX_PATH}:/opt/ros/humble /usr/local/bin/cmake /home/libok/um_file/ros2_controllers/force_torque_sensor_broadcaster -DCMAKE_INSTALL_PREFIX=/home/libok/um_file/install/force_torque_sensor_broadcaster[0m
[3.766s] [34mcolcon.colcon_core.event_handler.log_command[0m [1;30mDEBUG[0m [32mInvoking command in '/home/libok/um_file/build/force_torque_sensor_broadcaster': CMAKE_PREFIX_PATH=${CMAKE_PREFIX_PATH}:/opt/ros/humble /usr/local/bin/cmake --build /home/libok/um_file/build/force_torque_sensor_broadcaster -- -j18 -l18[0m
[3.775s] [34mcolcon.colcon_core.event_handler.log_command[0m [1;30mDEBUG[0m [32mInvoked command in '/home/libok/um_file/build/tricycle_controller' returned '0': CMAKE_PREFIX_PATH=${CMAKE_PREFIX_PATH}:/opt/ros/humble /usr/local/bin/cmake /home/libok/um_file/ros2_controllers/tricycle_controller -DCMAKE_INSTALL_PREFIX=/home/libok/um_file/install/tricycle_controller[0m
[3.776s] [34mcolcon.colcon_core.event_handler.log_command[0m [1;30mDEBUG[0m [32mInvoking command in '/home/libok/um_file/build/tricycle_controller': CMAKE_PREFIX_PATH=${CMAKE_PREFIX_PATH}:/opt/ros/humble /usr/local/bin/cmake --build /home/libok/um_file/build/tricycle_controller -- -j18 -l18[0m
[3.985s] [34mcolcon.colcon_core.event_handler.log_command[0m [1;30mDEBUG[0m [32mInvoked command in '/home/libok/um_file/build/imu_sensor_broadcaster' returned '0': CMAKE_PREFIX_PATH=${CMAKE_PREFIX_PATH}:/opt/ros/humble /usr/local/bin/cmake /home/libok/um_file/ros2_controllers/imu_sensor_broadcaster -DCMAKE_INSTALL_PREFIX=/home/libok/um_file/install/imu_sensor_broadcaster[0m
[3.986s] [34mcolcon.colcon_core.event_handler.log_command[0m [1;30mDEBUG[0m [32mInvoking command in '/home/libok/um_file/build/imu_sensor_broadcaster': CMAKE_PREFIX_PATH=${CMAKE_PREFIX_PATH}:/opt/ros/humble /usr/local/bin/cmake --build /home/libok/um_file/build/imu_sensor_broadcaster -- -j18 -l18[0m
[5.871s] [34mcolcon.colcon_core.event_handler.log_command[0m [1;30mDEBUG[0m [32mInvoked command in '/home/libok/um_file/build/mecanum_drive_controller' returned '0': CMAKE_PREFIX_PATH=${CMAKE_PREFIX_PATH}:/opt/ros/humble /usr/local/bin/cmake /home/libok/um_file/ros2_controllers/mecanum_drive_controller -DCMAKE_INSTALL_PREFIX=/home/libok/um_file/install/mecanum_drive_controller[0m
[5.874s] [34mcolcon.colcon_core.event_handler.log_command[0m [1;30mDEBUG[0m [32mInvoking command in '/home/libok/um_file/build/mecanum_drive_controller': CMAKE_PREFIX_PATH=${CMAKE_PREFIX_PATH}:/opt/ros/humble /usr/local/bin/cmake --build /home/libok/um_file/build/mecanum_drive_controller -- -j18 -l18[0m
[6.398s] [34mcolcon.colcon_core.event_handler.log_command[0m [1;30mDEBUG[0m [32mInvoked command in '/home/libok/um_file/build/serial' returned '0': CMAKE_PREFIX_PATH=${CMAKE_PREFIX_PATH}:/opt/ros/humble /usr/local/bin/cmake --build /home/libok/um_file/build/serial -- -j18 -l18[0m
[6.424s] [34mcolcon.colcon_core.event_handler.log_command[0m [1;30mDEBUG[0m [32mInvoking command in '/home/libok/um_file/build/serial': CMAKE_PREFIX_PATH=${CMAKE_PREFIX_PATH}:/opt/ros/humble /usr/local/bin/cmake --install /home/libok/um_file/build/serial[0m
[6.763s] [34mcolcon.colcon_core.event_handler.log_command[0m [1;30mDEBUG[0m [32mInvoked command in '/home/libok/um_file/build/admittance_controller' returned '0': CMAKE_PREFIX_PATH=${CMAKE_PREFIX_PATH}:/opt/ros/humble /usr/local/bin/cmake /home/libok/um_file/ros2_controllers/admittance_controller -DCMAKE_INSTALL_PREFIX=/home/libok/um_file/install/admittance_controller[0m
[6.766s] [34mcolcon.colcon_core.event_handler.log_command[0m [1;30mDEBUG[0m [32mInvoking command in '/home/libok/um_file/build/admittance_controller': CMAKE_PREFIX_PATH=${CMAKE_PREFIX_PATH}:/opt/ros/humble /usr/local/bin/cmake --build /home/libok/um_file/build/admittance_controller -- -j18 -l18[0m
[14.625s] [34mcolcon.colcon_core.event_handler.log_command[0m [1;30mDEBUG[0m [32mInvoked command in '/home/libok/um_file/build/ur_dashboard_msgs' returned '0': CMAKE_PREFIX_PATH=${CMAKE_PREFIX_PATH}:/opt/ros/humble /usr/local/bin/cmake /home/libok/um_file/Universal_Robots_ROS2_Driver/ur_dashboard_msgs -DCMAKE_INSTALL_PREFIX=/home/libok/um_file/install/ur_dashboard_msgs[0m
[14.640s] [34mcolcon.colcon_core.event_handler.log_command[0m [1;30mDEBUG[0m [32mInvoking command in '/home/libok/um_file/build/ur_dashboard_msgs': CMAKE_PREFIX_PATH=${CMAKE_PREFIX_PATH}:/opt/ros/humble /usr/local/bin/cmake --build /home/libok/um_file/build/ur_dashboard_msgs -- -j18 -l18[0m
[16.177s] [34mcolcon.colcon_core.event_handler.log_command[0m [1;30mDEBUG[0m [32mInvoked command in '/home/libok/um_file/build/ur_msgs' returned '0': CMAKE_PREFIX_PATH=${CMAKE_PREFIX_PATH}:/opt/ros/humble /usr/local/bin/cmake /home/libok/um_file/ur_msgs -DCMAKE_INSTALL_PREFIX=/home/libok/um_file/install/ur_msgs[0m
[16.183s] [34mcolcon.colcon_core.event_handler.log_command[0m [1;30mDEBUG[0m [32mInvoking command in '/home/libok/um_file/build/ur_msgs': CMAKE_PREFIX_PATH=${CMAKE_PREFIX_PATH}:/opt/ros/humble /usr/local/bin/cmake --build /home/libok/um_file/build/ur_msgs -- -j18 -l18[0m
[110.574s] [34mcolcon.colcon_core.event_handler.log_command[0m [1;30mDEBUG[0m [32mInvoked command in '/home/libok/um_file/build/gripper_controllers' returned '0': CMAKE_PREFIX_PATH=${CMAKE_PREFIX_PATH}:/opt/ros/humble /usr/local/bin/cmake --build /home/libok/um_file/build/gripper_controllers -- -j18 -l18[0m
[110.577s] [34mcolcon.colcon_core.event_handler.log_command[0m [1;30mDEBUG[0m [32mInvoking command in '/home/libok/um_file/build/gripper_controllers': CMAKE_PREFIX_PATH=${CMAKE_PREFIX_PATH}:/opt/ros/humble /usr/local/bin/cmake --install /home/libok/um_file/build/gripper_controllers[0m
[123.291s] [34mcolcon.colcon_core.event_handler.log_command[0m [1;30mDEBUG[0m [32mInvoked command in '/home/libok/um_file/build/range_sensor_broadcaster' returned '0': CMAKE_PREFIX_PATH=${CMAKE_PREFIX_PATH}:/opt/ros/humble /usr/local/bin/cmake --build /home/libok/um_file/build/range_sensor_broadcaster -- -j18 -l18[0m
[123.294s] [34mcolcon.colcon_core.event_handler.log_command[0m [1;30mDEBUG[0m [32mInvoking command in '/home/libok/um_file/build/range_sensor_broadcaster': CMAKE_PREFIX_PATH=${CMAKE_PREFIX_PATH}:/opt/ros/humble /usr/local/bin/cmake --install /home/libok/um_file/build/range_sensor_broadcaster[0m
[123.297s] [34mcolcon.colcon_core.event_handler.log_command[0m [1;30mDEBUG[0m [32mInvoked command in '/home/libok/um_file/build/imu_sensor_broadcaster' returned '0': CMAKE_PREFIX_PATH=${CMAKE_PREFIX_PATH}:/opt/ros/humble /usr/local/bin/cmake --build /home/libok/um_file/build/imu_sensor_broadcaster -- -j18 -l18[0m
[123.299s] [34mcolcon.colcon_core.event_handler.log_command[0m [1;30mDEBUG[0m [32mInvoking command in '/home/libok/um_file/build/imu_sensor_broadcaster': CMAKE_PREFIX_PATH=${CMAKE_PREFIX_PATH}:/opt/ros/humble /usr/local/bin/cmake --install /home/libok/um_file/build/imu_sensor_broadcaster[0m
[125.405s] [34mcolcon.colcon_core.environment[0m [1;30mLevel 1[0m create_environment_scripts_only(serial)
[125.410s] [34mcolcon.colcon_core.event_handler.log_command[0m [1;30mDEBUG[0m [32mInvoked command in '/home/libok/um_file/build/steering_controllers_library' returned '0': CMAKE_PREFIX_PATH=${CMAKE_PREFIX_PATH}:/opt/ros/humble /usr/local/bin/cmake --build /home/libok/um_file/build/steering_controllers_library -- -j18 -l18[0m
[125.427s] [34mcolcon.colcon_core.event_handler.log_command[0m [1;30mDEBUG[0m [32mInvoking command in '/home/libok/um_file/build/steering_controllers_library': CMAKE_PREFIX_PATH=${CMAKE_PREFIX_PATH}:/opt/ros/humble /usr/local/bin/cmake --install /home/libok/um_file/build/steering_controllers_library[0m
[125.430s] [34mcolcon.colcon_core.event_handler.log_command[0m [1;30mDEBUG[0m [32mInvoked command in '/home/libok/um_file/build/serial' returned '0': CMAKE_PREFIX_PATH=${CMAKE_PREFIX_PATH}:/opt/ros/humble /usr/local/bin/cmake --install /home/libok/um_file/build/serial[0m
[125.450s] [34mcolcon.colcon_core.environment[0m [1;30mLevel 1[0m checking '/home/libok/um_file/install/serial' for CMake module files
[125.451s] [34mcolcon.colcon_core.environment[0m [1;30mLevel 1[0m checking '/home/libok/um_file/install/serial' for CMake config files
[125.452s] [34mcolcon.colcon_core.shell[0m [1;30mLevel 1[0m create_environment_hook('serial', 'cmake_prefix_path')
[125.453s] [34mcolcon.colcon_core.shell[0m [1;30mINFO[0m Creating environment hook '/home/libok/um_file/install/serial/share/serial/hook/cmake_prefix_path.ps1'
[125.460s] [34mcolcon.colcon_core.shell[0m [1;30mINFO[0m Creating environment descriptor '/home/libok/um_file/install/serial/share/serial/hook/cmake_prefix_path.dsv'
[125.493s] [34mcolcon.colcon_core.shell[0m [1;30mINFO[0m Creating environment hook '/home/libok/um_file/install/serial/share/serial/hook/cmake_prefix_path.sh'
[125.497s] [34mcolcon.colcon_core.environment[0m [1;30mLevel 1[0m checking '/home/libok/um_file/install/serial/lib'
[125.502s] [34mcolcon.colcon_core.environment[0m [1;30mLevel 1[0m checking '/home/libok/um_file/install/serial/bin'
[125.502s] [34mcolcon.colcon_core.environment[0m [1;30mLevel 1[0m checking '/home/libok/um_file/install/serial/lib/pkgconfig/serial.pc'
[125.503s] [34mcolcon.colcon_core.environment[0m [1;30mLevel 1[0m checking '/home/libok/um_file/install/serial/lib/python3.10/site-packages'
[125.504s] [34mcolcon.colcon_core.environment[0m [1;30mLevel 1[0m checking '/home/libok/um_file/install/serial/bin'
[125.505s] [34mcolcon.colcon_core.shell[0m [1;30mINFO[0m Creating package script '/home/libok/um_file/install/serial/share/serial/package.ps1'
[125.514s] [34mcolcon.colcon_core.shell[0m [1;30mINFO[0m Creating package descriptor '/home/libok/um_file/install/serial/share/serial/package.dsv'
[125.518s] [34mcolcon.colcon_core.shell[0m [1;30mINFO[0m Creating package script '/home/libok/um_file/install/serial/share/serial/package.sh'
[125.526s] [34mcolcon.colcon_core.shell[0m [1;30mINFO[0m Creating package script '/home/libok/um_file/install/serial/share/serial/package.bash'
[125.530s] [34mcolcon.colcon_core.shell[0m [1;30mINFO[0m Creating package script '/home/libok/um_file/install/serial/share/serial/package.zsh'
[125.533s] [34mcolcon.colcon_core.environment[0m [1;30mLevel 1[0m create_file_with_runtime_dependencies(/home/libok/um_file/install/serial/share/colcon-core/packages/serial)
[125.536s] [34mcolcon.colcon_core.environment[0m [1;30mLevel 1[0m create_environment_scripts_only(serial)
[125.539s] [34mcolcon.colcon_core.environment[0m [1;30mLevel 1[0m checking '/home/libok/um_file/install/serial' for CMake module files
[125.540s] [34mcolcon.colcon_core.environment[0m [1;30mLevel 1[0m checking '/home/libok/um_file/install/serial' for CMake config files
[125.541s] [34mcolcon.colcon_core.shell[0m [1;30mLevel 1[0m create_environment_hook('serial', 'cmake_prefix_path')
[125.542s] [34mcolcon.colcon_core.shell[0m [1;30mINFO[0m Creating environment hook '/home/libok/um_file/install/serial/share/serial/hook/cmake_prefix_path.ps1'
[125.543s] [34mcolcon.colcon_core.shell[0m [1;30mINFO[0m Creating environment descriptor '/home/libok/um_file/install/serial/share/serial/hook/cmake_prefix_path.dsv'
[125.544s] [34mcolcon.colcon_core.shell[0m [1;30mINFO[0m Creating environment hook '/home/libok/um_file/install/serial/share/serial/hook/cmake_prefix_path.sh'
[125.546s] [34mcolcon.colcon_core.environment[0m [1;30mLevel 1[0m checking '/home/libok/um_file/install/serial/lib'
[125.547s] [34mcolcon.colcon_core.environment[0m [1;30mLevel 1[0m checking '/home/libok/um_file/install/serial/bin'
[125.547s] [34mcolcon.colcon_core.environment[0m [1;30mLevel 1[0m checking '/home/libok/um_file/install/serial/lib/pkgconfig/serial.pc'
[125.547s] [34mcolcon.colcon_core.environment[0m [1;30mLevel 1[0m checking '/home/libok/um_file/install/serial/lib/python3.10/site-packages'
[125.549s] [34mcolcon.colcon_core.environment[0m [1;30mLevel 1[0m checking '/home/libok/um_file/install/serial/bin'
[125.550s] [34mcolcon.colcon_core.shell[0m [1;30mINFO[0m Creating package script '/home/libok/um_file/install/serial/share/serial/package.ps1'
[125.551s] [34mcolcon.colcon_core.shell[0m [1;30mINFO[0m Creating package descriptor '/home/libok/um_file/install/serial/share/serial/package.dsv'
[125.553s] [34mcolcon.colcon_core.shell[0m [1;30mINFO[0m Creating package script '/home/libok/um_file/install/serial/share/serial/package.sh'
[125.554s] [34mcolcon.colcon_core.shell[0m [1;30mINFO[0m Creating package script '/home/libok/um_file/install/serial/share/serial/package.bash'
[125.555s] [34mcolcon.colcon_core.shell[0m [1;30mINFO[0m Creating package script '/home/libok/um_file/install/serial/share/serial/package.zsh'
[125.557s] [34mcolcon.colcon_core.environment[0m [1;30mLevel 1[0m create_file_with_runtime_dependencies(/home/libok/um_file/install/serial/share/colcon-core/packages/serial)
[125.560s] [34mcolcon.colcon_ros.task.ament_cmake.build[0m [1;30mINFO[0m Building ROS package in '/home/libok/um_file/ros2srrc_data' with build type 'ament_cmake'
[125.561s] [34mcolcon.colcon_cmake.task.cmake.build[0m [1;30mINFO[0m Building CMake package in '/home/libok/um_file/ros2srrc_data'
[125.562s] [34mcolcon.colcon_core.shell[0m [1;30mINFO[0m Skip shell extension 'powershell' for command environment: Not usable outside of PowerShell
[125.562s] [34mcolcon.colcon_core.shell[0m [1;30mDEBUG[0m [32mSkip shell extension 'dsv' for command environment[0m
[125.634s] [34mcolcon.colcon_core.event_handler.log_command[0m [1;30mDEBUG[0m [32mInvoking command in '/home/libok/um_file/build/ros2srrc_data': CMAKE_PREFIX_PATH=${CMAKE_PREFIX_PATH}:/opt/ros/humble /usr/local/bin/cmake /home/libok/um_file/ros2srrc_data -DCMAKE_INSTALL_PREFIX=/home/libok/um_file/install/ros2srrc_data[0m
[129.905s] [34mcolcon.colcon_core.event_handler.log_command[0m [1;30mDEBUG[0m [32mInvoked command in '/home/libok/um_file/build/pose_broadcaster' returned '0': CMAKE_PREFIX_PATH=${CMAKE_PREFIX_PATH}:/opt/ros/humble /usr/local/bin/cmake --build /home/libok/um_file/build/pose_broadcaster -- -j18 -l18[0m
[129.929s] [34mcolcon.colcon_core.event_handler.log_command[0m [1;30mDEBUG[0m [32mInvoking command in '/home/libok/um_file/build/pose_broadcaster': CMAKE_PREFIX_PATH=${CMAKE_PREFIX_PATH}:/opt/ros/humble /usr/local/bin/cmake --install /home/libok/um_file/build/pose_broadcaster[0m
[135.551s] [34mcolcon.colcon_core.event_handler.log_command[0m [1;30mDEBUG[0m [32mInvoked command in '/home/libok/um_file/build/joint_state_broadcaster' returned '0': CMAKE_PREFIX_PATH=${CMAKE_PREFIX_PATH}:/opt/ros/humble /usr/local/bin/cmake --build /home/libok/um_file/build/joint_state_broadcaster -- -j18 -l18[0m
[135.554s] [34mcolcon.colcon_core.event_handler.log_command[0m [1;30mDEBUG[0m [32mInvoking command in '/home/libok/um_file/build/joint_state_broadcaster': CMAKE_PREFIX_PATH=${CMAKE_PREFIX_PATH}:/opt/ros/humble /usr/local/bin/cmake --install /home/libok/um_file/build/joint_state_broadcaster[0m
[137.497s] [34mcolcon.colcon_core.environment[0m [1;30mLevel 1[0m create_environment_scripts_only(gripper_controllers)
[137.500s] [34mcolcon.colcon_core.environment[0m [1;30mLevel 1[0m checking '/home/libok/um_file/install/gripper_controllers' for CMake module files
[137.503s] [34mcolcon.colcon_core.environment[0m [1;30mLevel 1[0m checking '/home/libok/um_file/install/gripper_controllers' for CMake config files
[137.509s] [34mcolcon.colcon_core.shell[0m [1;30mLevel 1[0m create_environment_hook('gripper_controllers', 'cmake_prefix_path')
[137.510s] [34mcolcon.colcon_core.shell[0m [1;30mINFO[0m Creating environment hook '/home/libok/um_file/install/gripper_controllers/share/gripper_controllers/hook/cmake_prefix_path.ps1'
[137.511s] [34mcolcon.colcon_core.shell[0m [1;30mINFO[0m Creating environment descriptor '/home/libok/um_file/install/gripper_controllers/share/gripper_controllers/hook/cmake_prefix_path.dsv'
[137.516s] [34mcolcon.colcon_core.shell[0m [1;30mINFO[0m Creating environment hook '/home/libok/um_file/install/gripper_controllers/share/gripper_controllers/hook/cmake_prefix_path.sh'
[137.521s] [34mcolcon.colcon_core.environment[0m [1;30mLevel 1[0m checking '/home/libok/um_file/install/gripper_controllers/lib'
[137.522s] [34mcolcon.colcon_core.shell[0m [1;30mLevel 1[0m create_environment_hook('gripper_controllers', 'ld_library_path_lib')
[137.522s] [34mcolcon.colcon_core.shell[0m [1;30mINFO[0m Creating environment hook '/home/libok/um_file/install/gripper_controllers/share/gripper_controllers/hook/ld_library_path_lib.ps1'
[137.524s] [34mcolcon.colcon_core.shell[0m [1;30mINFO[0m Creating environment descriptor '/home/libok/um_file/install/gripper_controllers/share/gripper_controllers/hook/ld_library_path_lib.dsv'
[137.525s] [34mcolcon.colcon_core.event_handler.log_command[0m [1;30mDEBUG[0m [32mInvoked command in '/home/libok/um_file/build/diff_drive_controller' returned '0': CMAKE_PREFIX_PATH=${CMAKE_PREFIX_PATH}:/opt/ros/humble /usr/local/bin/cmake --build /home/libok/um_file/build/diff_drive_controller -- -j18 -l18[0m
[137.526s] [34mcolcon.colcon_core.shell[0m [1;30mINFO[0m Creating environment hook '/home/libok/um_file/install/gripper_controllers/share/gripper_controllers/hook/ld_library_path_lib.sh'
[137.529s] [34mcolcon.colcon_core.environment[0m [1;30mLevel 1[0m checking '/home/libok/um_file/install/gripper_controllers/bin'
[137.529s] [34mcolcon.colcon_core.environment[0m [1;30mLevel 1[0m checking '/home/libok/um_file/install/gripper_controllers/lib/pkgconfig/gripper_controllers.pc'
[137.530s] [34mcolcon.colcon_core.environment[0m [1;30mLevel 1[0m checking '/home/libok/um_file/install/gripper_controllers/lib/python3.10/site-packages'
[137.531s] [34mcolcon.colcon_core.environment[0m [1;30mLevel 1[0m checking '/home/libok/um_file/install/gripper_controllers/bin'
[137.533s] [34mcolcon.colcon_core.shell[0m [1;30mINFO[0m Creating package script '/home/libok/um_file/install/gripper_controllers/share/gripper_controllers/package.ps1'
[137.541s] [34mcolcon.colcon_core.shell[0m [1;30mINFO[0m Creating package descriptor '/home/libok/um_file/install/gripper_controllers/share/gripper_controllers/package.dsv'
[137.547s] [34mcolcon.colcon_core.shell[0m [1;30mINFO[0m Creating package script '/home/libok/um_file/install/gripper_controllers/share/gripper_controllers/package.sh'
[137.553s] [34mcolcon.colcon_core.shell[0m [1;30mINFO[0m Creating package script '/home/libok/um_file/install/gripper_controllers/share/gripper_controllers/package.bash'
[137.556s] [34mcolcon.colcon_core.shell[0m [1;30mINFO[0m Creating package script '/home/libok/um_file/install/gripper_controllers/share/gripper_controllers/package.zsh'
[137.562s] [34mcolcon.colcon_core.environment[0m [1;30mLevel 1[0m create_file_with_runtime_dependencies(/home/libok/um_file/install/gripper_controllers/share/colcon-core/packages/gripper_controllers)
[137.567s] [34mcolcon.colcon_core.environment[0m [1;30mLevel 1[0m create_environment_scripts_only(gripper_controllers)
[137.568s] [34mcolcon.colcon_core.environment[0m [1;30mLevel 1[0m checking '/home/libok/um_file/install/gripper_controllers' for CMake module files
[137.574s] [34mcolcon.colcon_core.environment[0m [1;30mLevel 1[0m checking '/home/libok/um_file/install/gripper_controllers' for CMake config files
[137.581s] [34mcolcon.colcon_core.shell[0m [1;30mLevel 1[0m create_environment_hook('gripper_controllers', 'cmake_prefix_path')
[137.582s] [34mcolcon.colcon_core.shell[0m [1;30mINFO[0m Creating environment hook '/home/libok/um_file/install/gripper_controllers/share/gripper_controllers/hook/cmake_prefix_path.ps1'
[137.583s] [34mcolcon.colcon_core.shell[0m [1;30mINFO[0m Creating environment descriptor '/home/libok/um_file/install/gripper_controllers/share/gripper_controllers/hook/cmake_prefix_path.dsv'
[137.588s] [34mcolcon.colcon_core.shell[0m [1;30mINFO[0m Creating environment hook '/home/libok/um_file/install/gripper_controllers/share/gripper_controllers/hook/cmake_prefix_path.sh'
[137.598s] [34mcolcon.colcon_core.environment[0m [1;30mLevel 1[0m checking '/home/libok/um_file/install/gripper_controllers/lib'
[137.600s] [34mcolcon.colcon_core.shell[0m [1;30mLevel 1[0m create_environment_hook('gripper_controllers', 'ld_library_path_lib')
[137.601s] [34mcolcon.colcon_core.shell[0m [1;30mINFO[0m Creating environment hook '/home/libok/um_file/install/gripper_controllers/share/gripper_controllers/hook/ld_library_path_lib.ps1'
[137.607s] [34mcolcon.colcon_core.event_handler.log_command[0m [1;30mDEBUG[0m [32mInvoking command in '/home/libok/um_file/build/diff_drive_controller': CMAKE_PREFIX_PATH=${CMAKE_PREFIX_PATH}:/opt/ros/humble /usr/local/bin/cmake --install /home/libok/um_file/build/diff_drive_controller[0m
[137.608s] [34mcolcon.colcon_core.event_handler.log_command[0m [1;30mDEBUG[0m [32mInvoked command in '/home/libok/um_file/build/gripper_controllers' returned '0': CMAKE_PREFIX_PATH=${CMAKE_PREFIX_PATH}:/opt/ros/humble /usr/local/bin/cmake --install /home/libok/um_file/build/gripper_controllers[0m
[137.609s] [34mcolcon.colcon_core.shell[0m [1;30mINFO[0m Creating environment descriptor '/home/libok/um_file/install/gripper_controllers/share/gripper_controllers/hook/ld_library_path_lib.dsv'
[137.610s] [34mcolcon.colcon_core.shell[0m [1;30mINFO[0m Creating environment hook '/home/libok/um_file/install/gripper_controllers/share/gripper_controllers/hook/ld_library_path_lib.sh'
[137.611s] [34mcolcon.colcon_core.environment[0m [1;30mLevel 1[0m checking '/home/libok/um_file/install/gripper_controllers/bin'
[137.612s] [34mcolcon.colcon_core.environment[0m [1;30mLevel 1[0m checking '/home/libok/um_file/install/gripper_controllers/lib/pkgconfig/gripper_controllers.pc'
[137.612s] [34mcolcon.colcon_core.environment[0m [1;30mLevel 1[0m checking '/home/libok/um_file/install/gripper_controllers/lib/python3.10/site-packages'
[137.613s] [34mcolcon.colcon_core.environment[0m [1;30mLevel 1[0m checking '/home/libok/um_file/install/gripper_controllers/bin'
[137.615s] [34mcolcon.colcon_core.shell[0m [1;30mINFO[0m Creating package script '/home/libok/um_file/install/gripper_controllers/share/gripper_controllers/package.ps1'
[137.617s] [34mcolcon.colcon_core.shell[0m [1;30mINFO[0m Creating package descriptor '/home/libok/um_file/install/gripper_controllers/share/gripper_controllers/package.dsv'
[137.619s] [34mcolcon.colcon_core.shell[0m [1;30mINFO[0m Creating package script '/home/libok/um_file/install/gripper_controllers/share/gripper_controllers/package.sh'
[137.621s] [34mcolcon.colcon_core.shell[0m [1;30mINFO[0m Creating package script '/home/libok/um_file/install/gripper_controllers/share/gripper_controllers/package.bash'
[137.622s] [34mcolcon.colcon_core.shell[0m [1;30mINFO[0m Creating package script '/home/libok/um_file/install/gripper_controllers/share/gripper_controllers/package.zsh'
[137.623s] [34mcolcon.colcon_core.environment[0m [1;30mLevel 1[0m create_file_with_runtime_dependencies(/home/libok/um_file/install/gripper_controllers/share/colcon-core/packages/gripper_controllers)
[137.628s] [34mcolcon.colcon_core.environment[0m [1;30mLevel 1[0m create_environment_scripts_only(range_sensor_broadcaster)
[137.630s] [34mcolcon.colcon_core.environment[0m [1;30mLevel 1[0m checking '/home/libok/um_file/install/range_sensor_broadcaster' for CMake module files
[137.631s] [34mcolcon.colcon_core.environment[0m [1;30mLevel 1[0m checking '/home/libok/um_file/install/range_sensor_broadcaster' for CMake config files
[137.632s] [34mcolcon.colcon_core.shell[0m [1;30mLevel 1[0m create_environment_hook('range_sensor_broadcaster', 'cmake_prefix_path')
[137.632s] [34mcolcon.colcon_core.shell[0m [1;30mINFO[0m Creating environment hook '/home/libok/um_file/install/range_sensor_broadcaster/share/range_sensor_broadcaster/hook/cmake_prefix_path.ps1'
[137.635s] [34mcolcon.colcon_core.event_handler.log_command[0m [1;30mDEBUG[0m [32mInvoked command in '/home/libok/um_file/build/range_sensor_broadcaster' returned '0': CMAKE_PREFIX_PATH=${CMAKE_PREFIX_PATH}:/opt/ros/humble /usr/local/bin/cmake --install /home/libok/um_file/build/range_sensor_broadcaster[0m
[137.636s] [34mcolcon.colcon_core.shell[0m [1;30mINFO[0m Creating environment descriptor '/home/libok/um_file/install/range_sensor_broadcaster/share/range_sensor_broadcaster/hook/cmake_prefix_path.dsv'
[137.638s] [34mcolcon.colcon_core.shell[0m [1;30mINFO[0m Creating environment hook '/home/libok/um_file/install/range_sensor_broadcaster/share/range_sensor_broadcaster/hook/cmake_prefix_path.sh'
[137.641s] [34mcolcon.colcon_core.environment[0m [1;30mLevel 1[0m checking '/home/libok/um_file/install/range_sensor_broadcaster/lib'
[137.642s] [34mcolcon.colcon_core.shell[0m [1;30mLevel 1[0m create_environment_hook('range_sensor_broadcaster', 'ld_library_path_lib')
[137.643s] [34mcolcon.colcon_core.shell[0m [1;30mINFO[0m Creating environment hook '/home/libok/um_file/install/range_sensor_broadcaster/share/range_sensor_broadcaster/hook/ld_library_path_lib.ps1'
[137.645s] [34mcolcon.colcon_core.shell[0m [1;30mINFO[0m Creating environment descriptor '/home/libok/um_file/install/range_sensor_broadcaster/share/range_sensor_broadcaster/hook/ld_library_path_lib.dsv'
[137.648s] [34mcolcon.colcon_core.shell[0m [1;30mINFO[0m Creating environment hook '/home/libok/um_file/install/range_sensor_broadcaster/share/range_sensor_broadcaster/hook/ld_library_path_lib.sh'
[137.650s] [34mcolcon.colcon_core.environment[0m [1;30mLevel 1[0m checking '/home/libok/um_file/install/range_sensor_broadcaster/bin'
[137.650s] [34mcolcon.colcon_core.environment[0m [1;30mLevel 1[0m checking '/home/libok/um_file/install/range_sensor_broadcaster/lib/pkgconfig/range_sensor_broadcaster.pc'
[137.651s] [34mcolcon.colcon_core.environment[0m [1;30mLevel 1[0m checking '/home/libok/um_file/install/range_sensor_broadcaster/lib/python3.10/site-packages'
[137.653s] [34mcolcon.colcon_core.environment[0m [1;30mLevel 1[0m checking '/home/libok/um_file/install/range_sensor_broadcaster/bin'
[137.656s] [34mcolcon.colcon_core.shell[0m [1;30mINFO[0m Creating package script '/home/libok/um_file/install/range_sensor_broadcaster/share/range_sensor_broadcaster/package.ps1'
[137.661s] [34mcolcon.colcon_core.shell[0m [1;30mINFO[0m Creating package descriptor '/home/libok/um_file/install/range_sensor_broadcaster/share/range_sensor_broadcaster/package.dsv'
[137.665s] [34mcolcon.colcon_core.shell[0m [1;30mINFO[0m Creating package script '/home/libok/um_file/install/range_sensor_broadcaster/share/range_sensor_broadcaster/package.sh'
[137.668s] [34mcolcon.colcon_core.shell[0m [1;30mINFO[0m Creating package script '/home/libok/um_file/install/range_sensor_broadcaster/share/range_sensor_broadcaster/package.bash'
[137.670s] [34mcolcon.colcon_core.shell[0m [1;30mINFO[0m Creating package script '/home/libok/um_file/install/range_sensor_broadcaster/share/range_sensor_broadcaster/package.zsh'
[137.672s] [34mcolcon.colcon_core.environment[0m [1;30mLevel 1[0m create_file_with_runtime_dependencies(/home/libok/um_file/install/range_sensor_broadcaster/share/colcon-core/packages/range_sensor_broadcaster)
[137.676s] [34mcolcon.colcon_core.environment[0m [1;30mLevel 1[0m create_environment_scripts_only(range_sensor_broadcaster)
[137.677s] [34mcolcon.colcon_core.environment[0m [1;30mLevel 1[0m checking '/home/libok/um_file/install/range_sensor_broadcaster' for CMake module files
[137.679s] [34mcolcon.colcon_core.environment[0m [1;30mLevel 1[0m checking '/home/libok/um_file/install/range_sensor_broadcaster' for CMake config files
[137.680s] [34mcolcon.colcon_core.shell[0m [1;30mLevel 1[0m create_environment_hook('range_sensor_broadcaster', 'cmake_prefix_path')
[137.681s] [34mcolcon.colcon_core.shell[0m [1;30mINFO[0m Creating environment hook '/home/libok/um_file/install/range_sensor_broadcaster/share/range_sensor_broadcaster/hook/cmake_prefix_path.ps1'
[137.683s] [34mcolcon.colcon_core.shell[0m [1;30mINFO[0m Creating environment descriptor '/home/libok/um_file/install/range_sensor_broadcaster/share/range_sensor_broadcaster/hook/cmake_prefix_path.dsv'
[137.685s] [34mcolcon.colcon_core.shell[0m [1;30mINFO[0m Creating environment hook '/home/libok/um_file/install/range_sensor_broadcaster/share/range_sensor_broadcaster/hook/cmake_prefix_path.sh'
[137.687s] [34mcolcon.colcon_core.environment[0m [1;30mLevel 1[0m checking '/home/libok/um_file/install/range_sensor_broadcaster/lib'
[137.688s] [34mcolcon.colcon_core.shell[0m [1;30mLevel 1[0m create_environment_hook('range_sensor_broadcaster', 'ld_library_path_lib')
[137.688s] [34mcolcon.colcon_core.shell[0m [1;30mINFO[0m Creating environment hook '/home/libok/um_file/install/range_sensor_broadcaster/share/range_sensor_broadcaster/hook/ld_library_path_lib.ps1'
[137.690s] [34mcolcon.colcon_core.shell[0m [1;30mINFO[0m Creating environment descriptor '/home/libok/um_file/install/range_sensor_broadcaster/share/range_sensor_broadcaster/hook/ld_library_path_lib.dsv'
[137.691s] [34mcolcon.colcon_core.shell[0m [1;30mINFO[0m Creating environment hook '/home/libok/um_file/install/range_sensor_broadcaster/share/range_sensor_broadcaster/hook/ld_library_path_lib.sh'
[137.692s] [34mcolcon.colcon_core.environment[0m [1;30mLevel 1[0m checking '/home/libok/um_file/install/range_sensor_broadcaster/bin'
[137.692s] [34mcolcon.colcon_core.environment[0m [1;30mLevel 1[0m checking '/home/libok/um_file/install/range_sensor_broadcaster/lib/pkgconfig/range_sensor_broadcaster.pc'
[137.693s] [34mcolcon.colcon_core.environment[0m [1;30mLevel 1[0m checking '/home/libok/um_file/install/range_sensor_broadcaster/lib/python3.10/site-packages'
[137.694s] [34mcolcon.colcon_core.environment[0m [1;30mLevel 1[0m checking '/home/libok/um_file/install/range_sensor_broadcaster/bin'
[137.695s] [34mcolcon.colcon_core.shell[0m [1;30mINFO[0m Creating package script '/home/libok/um_file/install/range_sensor_broadcaster/share/range_sensor_broadcaster/package.ps1'
[137.698s] [34mcolcon.colcon_core.shell[0m [1;30mINFO[0m Creating package descriptor '/home/libok/um_file/install/range_sensor_broadcaster/share/range_sensor_broadcaster/package.dsv'
[137.699s] [34mcolcon.colcon_core.shell[0m [1;30mINFO[0m Creating package script '/home/libok/um_file/install/range_sensor_broadcaster/share/range_sensor_broadcaster/package.sh'
[137.701s] [34mcolcon.colcon_core.shell[0m [1;30mINFO[0m Creating package script '/home/libok/um_file/install/range_sensor_broadcaster/share/range_sensor_broadcaster/package.bash'
[137.702s] [34mcolcon.colcon_core.shell[0m [1;30mINFO[0m Creating package script '/home/libok/um_file/install/range_sensor_broadcaster/share/range_sensor_broadcaster/package.zsh'
[137.703s] [34mcolcon.colcon_core.environment[0m [1;30mLevel 1[0m create_file_with_runtime_dependencies(/home/libok/um_file/install/range_sensor_broadcaster/share/colcon-core/packages/range_sensor_broadcaster)
[137.704s] [34mcolcon.colcon_core.environment[0m [1;30mLevel 1[0m create_environment_scripts_only(imu_sensor_broadcaster)
[137.705s] [34mcolcon.colcon_core.environment[0m [1;30mLevel 1[0m checking '/home/libok/um_file/install/imu_sensor_broadcaster' for CMake module files
[137.707s] [34mcolcon.colcon_core.event_handler.log_command[0m [1;30mDEBUG[0m [32mInvoked command in '/home/libok/um_file/build/imu_sensor_broadcaster' returned '0': CMAKE_PREFIX_PATH=${CMAKE_PREFIX_PATH}:/opt/ros/humble /usr/local/bin/cmake --install /home/libok/um_file/build/imu_sensor_broadcaster[0m
[137.707s] [34mcolcon.colcon_core.environment[0m [1;30mLevel 1[0m checking '/home/libok/um_file/install/imu_sensor_broadcaster' for CMake config files
[137.708s] [34mcolcon.colcon_core.shell[0m [1;30mLevel 1[0m create_environment_hook('imu_sensor_broadcaster', 'cmake_prefix_path')
[137.709s] [34mcolcon.colcon_core.shell[0m [1;30mINFO[0m Creating environment hook '/home/libok/um_file/install/imu_sensor_broadcaster/share/imu_sensor_broadcaster/hook/cmake_prefix_path.ps1'
[137.710s] [34mcolcon.colcon_core.shell[0m [1;30mINFO[0m Creating environment descriptor '/home/libok/um_file/install/imu_sensor_broadcaster/share/imu_sensor_broadcaster/hook/cmake_prefix_path.dsv'
[137.711s] [34mcolcon.colcon_core.shell[0m [1;30mINFO[0m Creating environment hook '/home/libok/um_file/install/imu_sensor_broadcaster/share/imu_sensor_broadcaster/hook/cmake_prefix_path.sh'
[137.713s] [34mcolcon.colcon_core.environment[0m [1;30mLevel 1[0m checking '/home/libok/um_file/install/imu_sensor_broadcaster/lib'
[137.713s] [34mcolcon.colcon_core.shell[0m [1;30mLevel 1[0m create_environment_hook('imu_sensor_broadcaster', 'ld_library_path_lib')
[137.714s] [34mcolcon.colcon_core.shell[0m [1;30mINFO[0m Creating environment hook '/home/libok/um_file/install/imu_sensor_broadcaster/share/imu_sensor_broadcaster/hook/ld_library_path_lib.ps1'
[137.715s] [34mcolcon.colcon_core.shell[0m [1;30mINFO[0m Creating environment descriptor '/home/libok/um_file/install/imu_sensor_broadcaster/share/imu_sensor_broadcaster/hook/ld_library_path_lib.dsv'
[137.716s] [34mcolcon.colcon_core.shell[0m [1;30mINFO[0m Creating environment hook '/home/libok/um_file/install/imu_sensor_broadcaster/share/imu_sensor_broadcaster/hook/ld_library_path_lib.sh'
[137.717s] [34mcolcon.colcon_core.environment[0m [1;30mLevel 1[0m checking '/home/libok/um_file/install/imu_sensor_broadcaster/bin'
[137.717s] [34mcolcon.colcon_core.environment[0m [1;30mLevel 1[0m checking '/home/libok/um_file/install/imu_sensor_broadcaster/lib/pkgconfig/imu_sensor_broadcaster.pc'
[137.718s] [34mcolcon.colcon_core.environment[0m [1;30mLevel 1[0m checking '/home/libok/um_file/install/imu_sensor_broadcaster/lib/python3.10/site-packages'
[137.719s] [34mcolcon.colcon_core.environment[0m [1;30mLevel 1[0m checking '/home/libok/um_file/install/imu_sensor_broadcaster/bin'
[137.720s] [34mcolcon.colcon_core.shell[0m [1;30mINFO[0m Creating package script '/home/libok/um_file/install/imu_sensor_broadcaster/share/imu_sensor_broadcaster/package.ps1'
[137.723s] [34mcolcon.colcon_core.shell[0m [1;30mINFO[0m Creating package descriptor '/home/libok/um_file/install/imu_sensor_broadcaster/share/imu_sensor_broadcaster/package.dsv'
[137.724s] [34mcolcon.colcon_core.shell[0m [1;30mINFO[0m Creating package script '/home/libok/um_file/install/imu_sensor_broadcaster/share/imu_sensor_broadcaster/package.sh'
[137.725s] [34mcolcon.colcon_core.shell[0m [1;30mINFO[0m Creating package script '/home/libok/um_file/install/imu_sensor_broadcaster/share/imu_sensor_broadcaster/package.bash'
[137.726s] [34mcolcon.colcon_core.shell[0m [1;30mINFO[0m Creating package script '/home/libok/um_file/install/imu_sensor_broadcaster/share/imu_sensor_broadcaster/package.zsh'
[137.727s] [34mcolcon.colcon_core.environment[0m [1;30mLevel 1[0m create_file_with_runtime_dependencies(/home/libok/um_file/install/imu_sensor_broadcaster/share/colcon-core/packages/imu_sensor_broadcaster)
[137.729s] [34mcolcon.colcon_core.environment[0m [1;30mLevel 1[0m create_environment_scripts_only(imu_sensor_broadcaster)
[137.730s] [34mcolcon.colcon_core.environment[0m [1;30mLevel 1[0m checking '/home/libok/um_file/install/imu_sensor_broadcaster' for CMake module files
[137.732s] [34mcolcon.colcon_core.environment[0m [1;30mLevel 1[0m checking '/home/libok/um_file/install/imu_sensor_broadcaster' for CMake config files
[137.733s] [34mcolcon.colcon_core.shell[0m [1;30mLevel 1[0m create_environment_hook('imu_sensor_broadcaster', 'cmake_prefix_path')
[137.733s] [34mcolcon.colcon_core.shell[0m [1;30mINFO[0m Creating environment hook '/home/libok/um_file/install/imu_sensor_broadcaster/share/imu_sensor_broadcaster/hook/cmake_prefix_path.ps1'
[137.735s] [34mcolcon.colcon_core.shell[0m [1;30mINFO[0m Creating environment descriptor '/home/libok/um_file/install/imu_sensor_broadcaster/share/imu_sensor_broadcaster/hook/cmake_prefix_path.dsv'
[137.736s] [34mcolcon.colcon_core.shell[0m [1;30mINFO[0m Creating environment hook '/home/libok/um_file/install/imu_sensor_broadcaster/share/imu_sensor_broadcaster/hook/cmake_prefix_path.sh'
[137.738s] [34mcolcon.colcon_core.environment[0m [1;30mLevel 1[0m checking '/home/libok/um_file/install/imu_sensor_broadcaster/lib'
[137.738s] [34mcolcon.colcon_core.shell[0m [1;30mLevel 1[0m create_environment_hook('imu_sensor_broadcaster', 'ld_library_path_lib')
[137.739s] [34mcolcon.colcon_core.shell[0m [1;30mINFO[0m Creating environment hook '/home/libok/um_file/install/imu_sensor_broadcaster/share/imu_sensor_broadcaster/hook/ld_library_path_lib.ps1'
[137.740s] [34mcolcon.colcon_core.shell[0m [1;30mINFO[0m Creating environment descriptor '/home/libok/um_file/install/imu_sensor_broadcaster/share/imu_sensor_broadcaster/hook/ld_library_path_lib.dsv'
[137.741s] [34mcolcon.colcon_core.shell[0m [1;30mINFO[0m Creating environment hook '/home/libok/um_file/install/imu_sensor_broadcaster/share/imu_sensor_broadcaster/hook/ld_library_path_lib.sh'
[137.743s] [34mcolcon.colcon_core.environment[0m [1;30mLevel 1[0m checking '/home/libok/um_file/install/imu_sensor_broadcaster/bin'
[137.743s] [34mcolcon.colcon_core.environment[0m [1;30mLevel 1[0m checking '/home/libok/um_file/install/imu_sensor_broadcaster/lib/pkgconfig/imu_sensor_broadcaster.pc'
[137.744s] [34mcolcon.colcon_core.environment[0m [1;30mLevel 1[0m checking '/home/libok/um_file/install/imu_sensor_broadcaster/lib/python3.10/site-packages'
[137.745s] [34mcolcon.colcon_core.environment[0m [1;30mLevel 1[0m checking '/home/libok/um_file/install/imu_sensor_broadcaster/bin'
[137.746s] [34mcolcon.colcon_core.shell[0m [1;30mINFO[0m Creating package script '/home/libok/um_file/install/imu_sensor_broadcaster/share/imu_sensor_broadcaster/package.ps1'
[137.748s] [34mcolcon.colcon_core.shell[0m [1;30mINFO[0m Creating package descriptor '/home/libok/um_file/install/imu_sensor_broadcaster/share/imu_sensor_broadcaster/package.dsv'
[137.749s] [34mcolcon.colcon_core.shell[0m [1;30mINFO[0m Creating package script '/home/libok/um_file/install/imu_sensor_broadcaster/share/imu_sensor_broadcaster/package.sh'
[137.751s] [34mcolcon.colcon_core.shell[0m [1;30mINFO[0m Creating package script '/home/libok/um_file/install/imu_sensor_broadcaster/share/imu_sensor_broadcaster/package.bash'
[137.752s] [34mcolcon.colcon_core.shell[0m [1;30mINFO[0m Creating package script '/home/libok/um_file/install/imu_sensor_broadcaster/share/imu_sensor_broadcaster/package.zsh'
[137.754s] [34mcolcon.colcon_core.environment[0m [1;30mLevel 1[0m create_file_with_runtime_dependencies(/home/libok/um_file/install/imu_sensor_broadcaster/share/colcon-core/packages/imu_sensor_broadcaster)
[137.754s] [34mcolcon.colcon_core.environment[0m [1;30mLevel 1[0m create_environment_scripts_only(steering_controllers_library)
[137.755s] [34mcolcon.colcon_core.environment[0m [1;30mLevel 1[0m checking '/home/libok/um_file/install/steering_controllers_library' for CMake module files
[137.758s] [34mcolcon.colcon_core.event_handler.log_command[0m [1;30mDEBUG[0m [32mInvoked command in '/home/libok/um_file/build/steering_controllers_library' returned '0': CMAKE_PREFIX_PATH=${CMAKE_PREFIX_PATH}:/opt/ros/humble /usr/local/bin/cmake --install /home/libok/um_file/build/steering_controllers_library[0m
[137.759s] [34mcolcon.colcon_core.environment[0m [1;30mLevel 1[0m checking '/home/libok/um_file/install/steering_controllers_library' for CMake config files
[137.759s] [34mcolcon.colcon_core.shell[0m [1;30mLevel 1[0m create_environment_hook('steering_controllers_library', 'cmake_prefix_path')
[137.760s] [34mcolcon.colcon_core.shell[0m [1;30mINFO[0m Creating environment hook '/home/libok/um_file/install/steering_controllers_library/share/steering_controllers_library/hook/cmake_prefix_path.ps1'
[137.762s] [34mcolcon.colcon_core.shell[0m [1;30mINFO[0m Creating environment descriptor '/home/libok/um_file/install/steering_controllers_library/share/steering_controllers_library/hook/cmake_prefix_path.dsv'
[137.763s] [34mcolcon.colcon_core.shell[0m [1;30mINFO[0m Creating environment hook '/home/libok/um_file/install/steering_controllers_library/share/steering_controllers_library/hook/cmake_prefix_path.sh'
[137.764s] [34mcolcon.colcon_core.environment[0m [1;30mLevel 1[0m checking '/home/libok/um_file/install/steering_controllers_library/lib'
[137.764s] [34mcolcon.colcon_core.shell[0m [1;30mLevel 1[0m create_environment_hook('steering_controllers_library', 'ld_library_path_lib')
[137.765s] [34mcolcon.colcon_core.shell[0m [1;30mINFO[0m Creating environment hook '/home/libok/um_file/install/steering_controllers_library/share/steering_controllers_library/hook/ld_library_path_lib.ps1'
[137.765s] [34mcolcon.colcon_core.shell[0m [1;30mINFO[0m Creating environment descriptor '/home/libok/um_file/install/steering_controllers_library/share/steering_controllers_library/hook/ld_library_path_lib.dsv'
[137.766s] [34mcolcon.colcon_core.shell[0m [1;30mINFO[0m Creating environment hook '/home/libok/um_file/install/steering_controllers_library/share/steering_controllers_library/hook/ld_library_path_lib.sh'
[137.767s] [34mcolcon.colcon_core.environment[0m [1;30mLevel 1[0m checking '/home/libok/um_file/install/steering_controllers_library/bin'
[137.767s] [34mcolcon.colcon_core.environment[0m [1;30mLevel 1[0m checking '/home/libok/um_file/install/steering_controllers_library/lib/pkgconfig/steering_controllers_library.pc'
[137.767s] [34mcolcon.colcon_core.environment[0m [1;30mLevel 1[0m checking '/home/libok/um_file/install/steering_controllers_library/lib/python3.10/site-packages'
[137.768s] [34mcolcon.colcon_core.environment[0m [1;30mLevel 1[0m checking '/home/libok/um_file/install/steering_controllers_library/bin'
[137.769s] [34mcolcon.colcon_core.shell[0m [1;30mINFO[0m Creating package script '/home/libok/um_file/install/steering_controllers_library/share/steering_controllers_library/package.ps1'
[137.770s] [34mcolcon.colcon_core.shell[0m [1;30mINFO[0m Creating package descriptor '/home/libok/um_file/install/steering_controllers_library/share/steering_controllers_library/package.dsv'
[137.771s] [34mcolcon.colcon_core.shell[0m [1;30mINFO[0m Creating package script '/home/libok/um_file/install/steering_controllers_library/share/steering_controllers_library/package.sh'
[137.771s] [34mcolcon.colcon_core.shell[0m [1;30mINFO[0m Creating package script '/home/libok/um_file/install/steering_controllers_library/share/steering_controllers_library/package.bash'
[137.772s] [34mcolcon.colcon_core.shell[0m [1;30mINFO[0m Creating package script '/home/libok/um_file/install/steering_controllers_library/share/steering_controllers_library/package.zsh'
[137.772s] [34mcolcon.colcon_core.environment[0m [1;30mLevel 1[0m create_file_with_runtime_dependencies(/home/libok/um_file/install/steering_controllers_library/share/colcon-core/packages/steering_controllers_library)
[137.773s] [34mcolcon.colcon_core.environment[0m [1;30mLevel 1[0m create_environment_scripts_only(steering_controllers_library)
[137.774s] [34mcolcon.colcon_core.environment[0m [1;30mLevel 1[0m checking '/home/libok/um_file/install/steering_controllers_library' for CMake module files
[137.775s] [34mcolcon.colcon_core.environment[0m [1;30mLevel 1[0m checking '/home/libok/um_file/install/steering_controllers_library' for CMake config files
[137.775s] [34mcolcon.colcon_core.shell[0m [1;30mLevel 1[0m create_environment_hook('steering_controllers_library', 'cmake_prefix_path')
[137.775s] [34mcolcon.colcon_core.shell[0m [1;30mINFO[0m Creating environment hook '/home/libok/um_file/install/steering_controllers_library/share/steering_controllers_library/hook/cmake_prefix_path.ps1'
[137.776s] [34mcolcon.colcon_core.shell[0m [1;30mINFO[0m Creating environment descriptor '/home/libok/um_file/install/steering_controllers_library/share/steering_controllers_library/hook/cmake_prefix_path.dsv'
[137.777s] [34mcolcon.colcon_core.shell[0m [1;30mINFO[0m Creating environment hook '/home/libok/um_file/install/steering_controllers_library/share/steering_controllers_library/hook/cmake_prefix_path.sh'
[137.778s] [34mcolcon.colcon_core.environment[0m [1;30mLevel 1[0m checking '/home/libok/um_file/install/steering_controllers_library/lib'
[137.778s] [34mcolcon.colcon_core.shell[0m [1;30mLevel 1[0m create_environment_hook('steering_controllers_library', 'ld_library_path_lib')
[137.779s] [34mcolcon.colcon_core.shell[0m [1;30mINFO[0m Creating environment hook '/home/libok/um_file/install/steering_controllers_library/share/steering_controllers_library/hook/ld_library_path_lib.ps1'
[137.779s] [34mcolcon.colcon_core.shell[0m [1;30mINFO[0m Creating environment descriptor '/home/libok/um_file/install/steering_controllers_library/share/steering_controllers_library/hook/ld_library_path_lib.dsv'
[137.780s] [34mcolcon.colcon_core.shell[0m [1;30mINFO[0m Creating environment hook '/home/libok/um_file/install/steering_controllers_library/share/steering_controllers_library/hook/ld_library_path_lib.sh'
[137.781s] [34mcolcon.colcon_core.environment[0m [1;30mLevel 1[0m checking '/home/libok/um_file/install/steering_controllers_library/bin'
[137.781s] [34mcolcon.colcon_core.environment[0m [1;30mLevel 1[0m checking '/home/libok/um_file/install/steering_controllers_library/lib/pkgconfig/steering_controllers_library.pc'
[137.781s] [34mcolcon.colcon_core.environment[0m [1;30mLevel 1[0m checking '/home/libok/um_file/install/steering_controllers_library/lib/python3.10/site-packages'
[137.782s] [34mcolcon.colcon_core.environment[0m [1;30mLevel 1[0m checking '/home/libok/um_file/install/steering_controllers_library/bin'
[137.782s] [34mcolcon.colcon_core.shell[0m [1;30mINFO[0m Creating package script '/home/libok/um_file/install/steering_controllers_library/share/steering_controllers_library/package.ps1'
[137.783s] [34mcolcon.colcon_core.shell[0m [1;30mINFO[0m Creating package descriptor '/home/libok/um_file/install/steering_controllers_library/share/steering_controllers_library/package.dsv'
[137.784s] [34mcolcon.colcon_core.shell[0m [1;30mINFO[0m Creating package script '/home/libok/um_file/install/steering_controllers_library/share/steering_controllers_library/package.sh'
[137.785s] [34mcolcon.colcon_core.shell[0m [1;30mINFO[0m Creating package script '/home/libok/um_file/install/steering_controllers_library/share/steering_controllers_library/package.bash'
[137.786s] [34mcolcon.colcon_core.shell[0m [1;30mINFO[0m Creating package script '/home/libok/um_file/install/steering_controllers_library/share/steering_controllers_library/package.zsh'
[137.786s] [34mcolcon.colcon_core.environment[0m [1;30mLevel 1[0m create_file_with_runtime_dependencies(/home/libok/um_file/install/steering_controllers_library/share/colcon-core/packages/steering_controllers_library)
[137.790s] [34mcolcon.colcon_core.environment[0m [1;30mLevel 1[0m create_environment_scripts_only(pose_broadcaster)
[137.790s] [34mcolcon.colcon_core.environment[0m [1;30mLevel 1[0m checking '/home/libok/um_file/install/pose_broadcaster' for CMake module files
[137.792s] [34mcolcon.colcon_core.event_handler.log_command[0m [1;30mDEBUG[0m [32mInvoked command in '/home/libok/um_file/build/ros2srrc_data' returned '0': CMAKE_PREFIX_PATH=${CMAKE_PREFIX_PATH}:/opt/ros/humble /usr/local/bin/cmake /home/libok/um_file/ros2srrc_data -DCMAKE_INSTALL_PREFIX=/home/libok/um_file/install/ros2srrc_data[0m
[137.794s] [34mcolcon.colcon_core.event_handler.log_command[0m [1;30mDEBUG[0m [32mInvoking command in '/home/libok/um_file/build/ros2srrc_data': CMAKE_PREFIX_PATH=${CMAKE_PREFIX_PATH}:/opt/ros/humble /usr/local/bin/cmake --build /home/libok/um_file/build/ros2srrc_data -- -j18 -l18[0m
[137.795s] [34mcolcon.colcon_core.environment[0m [1;30mLevel 1[0m checking '/home/libok/um_file/install/pose_broadcaster' for CMake config files
[137.795s] [34mcolcon.colcon_core.event_handler.log_command[0m [1;30mDEBUG[0m [32mInvoked command in '/home/libok/um_file/build/pose_broadcaster' returned '0': CMAKE_PREFIX_PATH=${CMAKE_PREFIX_PATH}:/opt/ros/humble /usr/local/bin/cmake --install /home/libok/um_file/build/pose_broadcaster[0m
[137.796s] [34mcolcon.colcon_core.shell[0m [1;30mLevel 1[0m create_environment_hook('pose_broadcaster', 'cmake_prefix_path')
[137.796s] [34mcolcon.colcon_core.shell[0m [1;30mINFO[0m Creating environment hook '/home/libok/um_file/install/pose_broadcaster/share/pose_broadcaster/hook/cmake_prefix_path.ps1'
[137.798s] [34mcolcon.colcon_core.shell[0m [1;30mINFO[0m Creating environment descriptor '/home/libok/um_file/install/pose_broadcaster/share/pose_broadcaster/hook/cmake_prefix_path.dsv'
[137.799s] [34mcolcon.colcon_core.shell[0m [1;30mINFO[0m Creating environment hook '/home/libok/um_file/install/pose_broadcaster/share/pose_broadcaster/hook/cmake_prefix_path.sh'
[137.803s] [34mcolcon.colcon_core.environment[0m [1;30mLevel 1[0m checking '/home/libok/um_file/install/pose_broadcaster/lib'
[137.803s] [34mcolcon.colcon_core.shell[0m [1;30mLevel 1[0m create_environment_hook('pose_broadcaster', 'ld_library_path_lib')
[137.805s] [34mcolcon.colcon_core.shell[0m [1;30mINFO[0m Creating environment hook '/home/libok/um_file/install/pose_broadcaster/share/pose_broadcaster/hook/ld_library_path_lib.ps1'
[137.807s] [34mcolcon.colcon_core.shell[0m [1;30mINFO[0m Creating environment descriptor '/home/libok/um_file/install/pose_broadcaster/share/pose_broadcaster/hook/ld_library_path_lib.dsv'
[137.808s] [34mcolcon.colcon_core.shell[0m [1;30mINFO[0m Creating environment hook '/home/libok/um_file/install/pose_broadcaster/share/pose_broadcaster/hook/ld_library_path_lib.sh'
[137.811s] [34mcolcon.colcon_core.environment[0m [1;30mLevel 1[0m checking '/home/libok/um_file/install/pose_broadcaster/bin'
[137.811s] [34mcolcon.colcon_core.environment[0m [1;30mLevel 1[0m checking '/home/libok/um_file/install/pose_broadcaster/lib/pkgconfig/pose_broadcaster.pc'
[137.812s] [34mcolcon.colcon_core.environment[0m [1;30mLevel 1[0m checking '/home/libok/um_file/install/pose_broadcaster/lib/python3.10/site-packages'
[137.814s] [34mcolcon.colcon_core.environment[0m [1;30mLevel 1[0m checking '/home/libok/um_file/install/pose_broadcaster/bin'
[137.817s] [34mcolcon.colcon_core.shell[0m [1;30mINFO[0m Creating package script '/home/libok/um_file/install/pose_broadcaster/share/pose_broadcaster/package.ps1'
[137.824s] [34mcolcon.colcon_core.shell[0m [1;30mINFO[0m Creating package descriptor '/home/libok/um_file/install/pose_broadcaster/share/pose_broadcaster/package.dsv'
[137.825s] [34mcolcon.colcon_core.shell[0m [1;30mINFO[0m Creating package script '/home/libok/um_file/install/pose_broadcaster/share/pose_broadcaster/package.sh'
[137.826s] [34mcolcon.colcon_core.shell[0m [1;30mINFO[0m Creating package script '/home/libok/um_file/install/pose_broadcaster/share/pose_broadcaster/package.bash'
[137.827s] [34mcolcon.colcon_core.shell[0m [1;30mINFO[0m Creating package script '/home/libok/um_file/install/pose_broadcaster/share/pose_broadcaster/package.zsh'
[137.828s] [34mcolcon.colcon_core.environment[0m [1;30mLevel 1[0m create_file_with_runtime_dependencies(/home/libok/um_file/install/pose_broadcaster/share/colcon-core/packages/pose_broadcaster)
[137.830s] [34mcolcon.colcon_core.environment[0m [1;30mLevel 1[0m create_environment_scripts_only(pose_broadcaster)
[137.830s] [34mcolcon.colcon_core.environment[0m [1;30mLevel 1[0m checking '/home/libok/um_file/install/pose_broadcaster' for CMake module files
[137.831s] [34mcolcon.colcon_core.environment[0m [1;30mLevel 1[0m checking '/home/libok/um_file/install/pose_broadcaster' for CMake config files
[137.831s] [34mcolcon.colcon_core.shell[0m [1;30mLevel 1[0m create_environment_hook('pose_broadcaster', 'cmake_prefix_path')
[137.832s] [34mcolcon.colcon_core.shell[0m [1;30mINFO[0m Creating environment hook '/home/libok/um_file/install/pose_broadcaster/share/pose_broadcaster/hook/cmake_prefix_path.ps1'
[137.833s] [34mcolcon.colcon_core.shell[0m [1;30mINFO[0m Creating environment descriptor '/home/libok/um_file/install/pose_broadcaster/share/pose_broadcaster/hook/cmake_prefix_path.dsv'
[137.833s] [34mcolcon.colcon_core.shell[0m [1;30mINFO[0m Creating environment hook '/home/libok/um_file/install/pose_broadcaster/share/pose_broadcaster/hook/cmake_prefix_path.sh'
[137.834s] [34mcolcon.colcon_core.environment[0m [1;30mLevel 1[0m checking '/home/libok/um_file/install/pose_broadcaster/lib'
[137.834s] [34mcolcon.colcon_core.shell[0m [1;30mLevel 1[0m create_environment_hook('pose_broadcaster', 'ld_library_path_lib')
[137.835s] [34mcolcon.colcon_core.shell[0m [1;30mINFO[0m Creating environment hook '/home/libok/um_file/install/pose_broadcaster/share/pose_broadcaster/hook/ld_library_path_lib.ps1'
[137.836s] [34mcolcon.colcon_core.shell[0m [1;30mINFO[0m Creating environment descriptor '/home/libok/um_file/install/pose_broadcaster/share/pose_broadcaster/hook/ld_library_path_lib.dsv'
[137.836s] [34mcolcon.colcon_core.shell[0m [1;30mINFO[0m Creating environment hook '/home/libok/um_file/install/pose_broadcaster/share/pose_broadcaster/hook/ld_library_path_lib.sh'
[137.837s] [34mcolcon.colcon_core.environment[0m [1;30mLevel 1[0m checking '/home/libok/um_file/install/pose_broadcaster/bin'
[137.837s] [34mcolcon.colcon_core.environment[0m [1;30mLevel 1[0m checking '/home/libok/um_file/install/pose_broadcaster/lib/pkgconfig/pose_broadcaster.pc'
[137.837s] [34mcolcon.colcon_core.environment[0m [1;30mLevel 1[0m checking '/home/libok/um_file/install/pose_broadcaster/lib/python3.10/site-packages'
[137.838s] [34mcolcon.colcon_core.environment[0m [1;30mLevel 1[0m checking '/home/libok/um_file/install/pose_broadcaster/bin'
[137.839s] [34mcolcon.colcon_core.shell[0m [1;30mINFO[0m Creating package script '/home/libok/um_file/install/pose_broadcaster/share/pose_broadcaster/package.ps1'
[137.840s] [34mcolcon.colcon_core.shell[0m [1;30mINFO[0m Creating package descriptor '/home/libok/um_file/install/pose_broadcaster/share/pose_broadcaster/package.dsv'
[137.841s] [34mcolcon.colcon_core.shell[0m [1;30mINFO[0m Creating package script '/home/libok/um_file/install/pose_broadcaster/share/pose_broadcaster/package.sh'
[137.842s] [34mcolcon.colcon_core.shell[0m [1;30mINFO[0m Creating package script '/home/libok/um_file/install/pose_broadcaster/share/pose_broadcaster/package.bash'
[137.843s] [34mcolcon.colcon_core.shell[0m [1;30mINFO[0m Creating package script '/home/libok/um_file/install/pose_broadcaster/share/pose_broadcaster/package.zsh'
[137.844s] [34mcolcon.colcon_core.environment[0m [1;30mLevel 1[0m create_file_with_runtime_dependencies(/home/libok/um_file/install/pose_broadcaster/share/colcon-core/packages/pose_broadcaster)
[137.844s] [34mcolcon.colcon_core.environment[0m [1;30mLevel 1[0m create_environment_scripts_only(joint_state_broadcaster)
[137.845s] [34mcolcon.colcon_core.environment[0m [1;30mLevel 1[0m checking '/home/libok/um_file/install/joint_state_broadcaster' for CMake module files
[137.847s] [34mcolcon.colcon_core.environment[0m [1;30mLevel 1[0m checking '/home/libok/um_file/install/joint_state_broadcaster' for CMake config files
[137.849s] [34mcolcon.colcon_core.shell[0m [1;30mLevel 1[0m create_environment_hook('joint_state_broadcaster', 'cmake_prefix_path')
[137.851s] [34mcolcon.colcon_core.shell[0m [1;30mINFO[0m Creating environment hook '/home/libok/um_file/install/joint_state_broadcaster/share/joint_state_broadcaster/hook/cmake_prefix_path.ps1'
[137.853s] [34mcolcon.colcon_core.event_handler.log_command[0m [1;30mDEBUG[0m [32mInvoked command in '/home/libok/um_file/build/joint_state_broadcaster' returned '0': CMAKE_PREFIX_PATH=${CMAKE_PREFIX_PATH}:/opt/ros/humble /usr/local/bin/cmake --install /home/libok/um_file/build/joint_state_broadcaster[0m
[137.854s] [34mcolcon.colcon_core.shell[0m [1;30mINFO[0m Creating environment descriptor '/home/libok/um_file/install/joint_state_broadcaster/share/joint_state_broadcaster/hook/cmake_prefix_path.dsv'
[137.855s] [34mcolcon.colcon_core.shell[0m [1;30mINFO[0m Creating environment hook '/home/libok/um_file/install/joint_state_broadcaster/share/joint_state_broadcaster/hook/cmake_prefix_path.sh'
[137.858s] [34mcolcon.colcon_core.environment[0m [1;30mLevel 1[0m checking '/home/libok/um_file/install/joint_state_broadcaster/lib'
[137.858s] [34mcolcon.colcon_core.shell[0m [1;30mLevel 1[0m create_environment_hook('joint_state_broadcaster', 'ld_library_path_lib')
[137.859s] [34mcolcon.colcon_core.shell[0m [1;30mINFO[0m Creating environment hook '/home/libok/um_file/install/joint_state_broadcaster/share/joint_state_broadcaster/hook/ld_library_path_lib.ps1'
[137.861s] [34mcolcon.colcon_core.shell[0m [1;30mINFO[0m Creating environment descriptor '/home/libok/um_file/install/joint_state_broadcaster/share/joint_state_broadcaster/hook/ld_library_path_lib.dsv'
[137.862s] [34mcolcon.colcon_core.shell[0m [1;30mINFO[0m Creating environment hook '/home/libok/um_file/install/joint_state_broadcaster/share/joint_state_broadcaster/hook/ld_library_path_lib.sh'
[137.863s] [34mcolcon.colcon_core.environment[0m [1;30mLevel 1[0m checking '/home/libok/um_file/install/joint_state_broadcaster/bin'
[137.863s] [34mcolcon.colcon_core.environment[0m [1;30mLevel 1[0m checking '/home/libok/um_file/install/joint_state_broadcaster/lib/pkgconfig/joint_state_broadcaster.pc'
[137.864s] [34mcolcon.colcon_core.environment[0m [1;30mLevel 1[0m checking '/home/libok/um_file/install/joint_state_broadcaster/lib/python3.10/site-packages'
[137.865s] [34mcolcon.colcon_core.environment[0m [1;30mLevel 1[0m checking '/home/libok/um_file/install/joint_state_broadcaster/bin'
[137.866s] [34mcolcon.colcon_core.shell[0m [1;30mINFO[0m Creating package script '/home/libok/um_file/install/joint_state_broadcaster/share/joint_state_broadcaster/package.ps1'
[137.868s] [34mcolcon.colcon_core.shell[0m [1;30mINFO[0m Creating package descriptor '/home/libok/um_file/install/joint_state_broadcaster/share/joint_state_broadcaster/package.dsv'
[137.870s] [34mcolcon.colcon_core.shell[0m [1;30mINFO[0m Creating package script '/home/libok/um_file/install/joint_state_broadcaster/share/joint_state_broadcaster/package.sh'
[137.871s] [34mcolcon.colcon_core.shell[0m [1;30mINFO[0m Creating package script '/home/libok/um_file/install/joint_state_broadcaster/share/joint_state_broadcaster/package.bash'
[137.872s] [34mcolcon.colcon_core.shell[0m [1;30mINFO[0m Creating package script '/home/libok/um_file/install/joint_state_broadcaster/share/joint_state_broadcaster/package.zsh'
[137.874s] [34mcolcon.colcon_core.environment[0m [1;30mLevel 1[0m create_file_with_runtime_dependencies(/home/libok/um_file/install/joint_state_broadcaster/share/colcon-core/packages/joint_state_broadcaster)
[137.876s] [34mcolcon.colcon_core.environment[0m [1;30mLevel 1[0m create_environment_scripts_only(joint_state_broadcaster)
[137.877s] [34mcolcon.colcon_core.environment[0m [1;30mLevel 1[0m checking '/home/libok/um_file/install/joint_state_broadcaster' for CMake module files
[137.878s] [34mcolcon.colcon_core.environment[0m [1;30mLevel 1[0m checking '/home/libok/um_file/install/joint_state_broadcaster' for CMake config files
[137.879s] [34mcolcon.colcon_core.shell[0m [1;30mLevel 1[0m create_environment_hook('joint_state_broadcaster', 'cmake_prefix_path')
[137.880s] [34mcolcon.colcon_core.shell[0m [1;30mINFO[0m Creating environment hook '/home/libok/um_file/install/joint_state_broadcaster/share/joint_state_broadcaster/hook/cmake_prefix_path.ps1'
[137.881s] [34mcolcon.colcon_core.shell[0m [1;30mINFO[0m Creating environment descriptor '/home/libok/um_file/install/joint_state_broadcaster/share/joint_state_broadcaster/hook/cmake_prefix_path.dsv'
[137.882s] [34mcolcon.colcon_core.shell[0m [1;30mINFO[0m Creating environment hook '/home/libok/um_file/install/joint_state_broadcaster/share/joint_state_broadcaster/hook/cmake_prefix_path.sh'
[137.884s] [34mcolcon.colcon_core.environment[0m [1;30mLevel 1[0m checking '/home/libok/um_file/install/joint_state_broadcaster/lib'
[137.885s] [34mcolcon.colcon_core.shell[0m [1;30mLevel 1[0m create_environment_hook('joint_state_broadcaster', 'ld_library_path_lib')
[137.886s] [34mcolcon.colcon_core.shell[0m [1;30mINFO[0m Creating environment hook '/home/libok/um_file/install/joint_state_broadcaster/share/joint_state_broadcaster/hook/ld_library_path_lib.ps1'
[137.887s] [34mcolcon.colcon_core.shell[0m [1;30mINFO[0m Creating environment descriptor '/home/libok/um_file/install/joint_state_broadcaster/share/joint_state_broadcaster/hook/ld_library_path_lib.dsv'
[137.888s] [34mcolcon.colcon_core.shell[0m [1;30mINFO[0m Creating environment hook '/home/libok/um_file/install/joint_state_broadcaster/share/joint_state_broadcaster/hook/ld_library_path_lib.sh'
[137.890s] [34mcolcon.colcon_core.environment[0m [1;30mLevel 1[0m checking '/home/libok/um_file/install/joint_state_broadcaster/bin'
[137.890s] [34mcolcon.colcon_core.environment[0m [1;30mLevel 1[0m checking '/home/libok/um_file/install/joint_state_broadcaster/lib/pkgconfig/joint_state_broadcaster.pc'
[137.891s] [34mcolcon.colcon_core.environment[0m [1;30mLevel 1[0m checking '/home/libok/um_file/install/joint_state_broadcaster/lib/python3.10/site-packages'
[137.892s] [34mcolcon.colcon_core.environment[0m [1;30mLevel 1[0m checking '/home/libok/um_file/install/joint_state_broadcaster/bin'
[137.893s] [34mcolcon.colcon_core.shell[0m [1;30mINFO[0m Creating package script '/home/libok/um_file/install/joint_state_broadcaster/share/joint_state_broadcaster/package.ps1'
[137.895s] [34mcolcon.colcon_core.shell[0m [1;30mINFO[0m Creating package descriptor '/home/libok/um_file/install/joint_state_broadcaster/share/joint_state_broadcaster/package.dsv'
[137.897s] [34mcolcon.colcon_core.shell[0m [1;30mINFO[0m Creating package script '/home/libok/um_file/install/joint_state_broadcaster/share/joint_state_broadcaster/package.sh'
[137.898s] [34mcolcon.colcon_core.shell[0m [1;30mINFO[0m Creating package script '/home/libok/um_file/install/joint_state_broadcaster/share/joint_state_broadcaster/package.bash'
[137.900s] [34mcolcon.colcon_core.shell[0m [1;30mINFO[0m Creating package script '/home/libok/um_file/install/joint_state_broadcaster/share/joint_state_broadcaster/package.zsh'
[137.901s] [34mcolcon.colcon_core.environment[0m [1;30mLevel 1[0m create_file_with_runtime_dependencies(/home/libok/um_file/install/joint_state_broadcaster/share/colcon-core/packages/joint_state_broadcaster)
[137.902s] [34mcolcon.colcon_ros.task.ament_cmake.build[0m [1;30mINFO[0m Building ROS package in '/home/libok/um_file/Universal_Robots_ROS2_Driver/ur_moveit_config' with build type 'ament_cmake'
[137.903s] [34mcolcon.colcon_cmake.task.cmake.build[0m [1;30mINFO[0m Building CMake package in '/home/libok/um_file/Universal_Robots_ROS2_Driver/ur_moveit_config'
[137.903s] [34mcolcon.colcon_core.shell[0m [1;30mINFO[0m Skip shell extension 'powershell' for command environment: Not usable outside of PowerShell
[137.904s] [34mcolcon.colcon_core.shell[0m [1;30mDEBUG[0m [32mSkip shell extension 'dsv' for command environment[0m
[137.920s] [34mcolcon.colcon_ros.task.ament_cmake.build[0m [1;30mINFO[0m Building ROS package in '/home/libok/um_file/ros2_controllers/ackermann_steering_controller' with build type 'ament_cmake'
[137.920s] [34mcolcon.colcon_cmake.task.cmake.build[0m [1;30mINFO[0m Building CMake package in '/home/libok/um_file/ros2_controllers/ackermann_steering_controller'
[137.922s] [34mcolcon.colcon_core.shell[0m [1;30mINFO[0m Skip shell extension 'powershell' for command environment: Not usable outside of PowerShell
[137.922s] [34mcolcon.colcon_core.shell[0m [1;30mDEBUG[0m [32mSkip shell extension 'dsv' for command environment[0m
[137.944s] [34mcolcon.colcon_ros.task.ament_cmake.build[0m [1;30mINFO[0m Building ROS package in '/home/libok/um_file/ros2_controllers/bicycle_steering_controller' with build type 'ament_cmake'
[137.945s] [34mcolcon.colcon_cmake.task.cmake.build[0m [1;30mINFO[0m Building CMake package in '/home/libok/um_file/ros2_controllers/bicycle_steering_controller'
[137.946s] [34mcolcon.colcon_core.shell[0m [1;30mINFO[0m Skip shell extension 'powershell' for command environment: Not usable outside of PowerShell
[137.947s] [34mcolcon.colcon_core.shell[0m [1;30mDEBUG[0m [32mSkip shell extension 'dsv' for command environment[0m
[137.968s] [34mcolcon.colcon_ros.task.ament_cmake.build[0m [1;30mINFO[0m Building ROS package in '/home/libok/um_file/ros2_controllers/tricycle_steering_controller' with build type 'ament_cmake'
[137.968s] [34mcolcon.colcon_cmake.task.cmake.build[0m [1;30mINFO[0m Building CMake package in '/home/libok/um_file/ros2_controllers/tricycle_steering_controller'
[137.970s] [34mcolcon.colcon_core.shell[0m [1;30mINFO[0m Skip shell extension 'powershell' for command environment: Not usable outside of PowerShell
[137.970s] [34mcolcon.colcon_core.shell[0m [1;30mDEBUG[0m [32mSkip shell extension 'dsv' for command environment[0m
[137.989s] [34mcolcon.colcon_ros.task.ament_cmake.build[0m [1;30mINFO[0m Building ROS package in '/home/libok/um_file/ros2_robotiq_gripper/robotiq_driver' with build type 'ament_cmake'
[137.990s] [34mcolcon.colcon_cmake.task.cmake.build[0m [1;30mINFO[0m Building CMake package in '/home/libok/um_file/ros2_robotiq_gripper/robotiq_driver'
[137.991s] [34mcolcon.colcon_core.shell[0m [1;30mINFO[0m Skip shell extension 'powershell' for command environment: Not usable outside of PowerShell
[137.992s] [34mcolcon.colcon_core.shell[0m [1;30mDEBUG[0m [32mSkip shell extension 'dsv' for command environment[0m
[138.011s] [34mcolcon.colcon_ros.task.ament_cmake.build[0m [1;30mINFO[0m Building ROS package in '/home/libok/um_file/ros2_robotiq_gripper/robotiq_controllers' with build type 'ament_cmake'
[138.012s] [34mcolcon.colcon_cmake.task.cmake.build[0m [1;30mINFO[0m Building CMake package in '/home/libok/um_file/ros2_robotiq_gripper/robotiq_controllers'
[138.013s] [34mcolcon.colcon_core.shell[0m [1;30mINFO[0m Skip shell extension 'powershell' for command environment: Not usable outside of PowerShell
[138.014s] [34mcolcon.colcon_core.shell[0m [1;30mDEBUG[0m [32mSkip shell extension 'dsv' for command environment[0m
[138.034s] [34mcolcon.colcon_core.environment[0m [1;30mLevel 1[0m create_environment_scripts_only(diff_drive_controller)
[138.035s] [34mcolcon.colcon_core.environment[0m [1;30mLevel 1[0m checking '/home/libok/um_file/install/diff_drive_controller' for CMake module files
[138.037s] [34mcolcon.colcon_core.event_handler.log_command[0m [1;30mDEBUG[0m [32mInvoked command in '/home/libok/um_file/build/diff_drive_controller' returned '0': CMAKE_PREFIX_PATH=${CMAKE_PREFIX_PATH}:/opt/ros/humble /usr/local/bin/cmake --install /home/libok/um_file/build/diff_drive_controller[0m
[138.039s] [34mcolcon.colcon_core.environment[0m [1;30mLevel 1[0m checking '/home/libok/um_file/install/diff_drive_controller' for CMake config files
[138.040s] [34mcolcon.colcon_core.shell[0m [1;30mLevel 1[0m create_environment_hook('diff_drive_controller', 'cmake_prefix_path')
[138.041s] [34mcolcon.colcon_core.shell[0m [1;30mINFO[0m Creating environment hook '/home/libok/um_file/install/diff_drive_controller/share/diff_drive_controller/hook/cmake_prefix_path.ps1'
[138.044s] [34mcolcon.colcon_core.shell[0m [1;30mINFO[0m Creating environment descriptor '/home/libok/um_file/install/diff_drive_controller/share/diff_drive_controller/hook/cmake_prefix_path.dsv'
[138.045s] [34mcolcon.colcon_core.shell[0m [1;30mINFO[0m Creating environment hook '/home/libok/um_file/install/diff_drive_controller/share/diff_drive_controller/hook/cmake_prefix_path.sh'
[138.047s] [34mcolcon.colcon_core.environment[0m [1;30mLevel 1[0m checking '/home/libok/um_file/install/diff_drive_controller/lib'
[138.047s] [34mcolcon.colcon_core.shell[0m [1;30mLevel 1[0m create_environment_hook('diff_drive_controller', 'ld_library_path_lib')
[138.048s] [34mcolcon.colcon_core.shell[0m [1;30mINFO[0m Creating environment hook '/home/libok/um_file/install/diff_drive_controller/share/diff_drive_controller/hook/ld_library_path_lib.ps1'
[138.049s] [34mcolcon.colcon_core.shell[0m [1;30mINFO[0m Creating environment descriptor '/home/libok/um_file/install/diff_drive_controller/share/diff_drive_controller/hook/ld_library_path_lib.dsv'
[138.050s] [34mcolcon.colcon_core.shell[0m [1;30mINFO[0m Creating environment hook '/home/libok/um_file/install/diff_drive_controller/share/diff_drive_controller/hook/ld_library_path_lib.sh'
[138.052s] [34mcolcon.colcon_core.environment[0m [1;30mLevel 1[0m checking '/home/libok/um_file/install/diff_drive_controller/bin'
[138.052s] [34mcolcon.colcon_core.environment[0m [1;30mLevel 1[0m checking '/home/libok/um_file/install/diff_drive_controller/lib/pkgconfig/diff_drive_controller.pc'
[138.053s] [34mcolcon.colcon_core.environment[0m [1;30mLevel 1[0m checking '/home/libok/um_file/install/diff_drive_controller/lib/python3.10/site-packages'
[138.054s] [34mcolcon.colcon_core.environment[0m [1;30mLevel 1[0m checking '/home/libok/um_file/install/diff_drive_controller/bin'
[138.055s] [34mcolcon.colcon_core.shell[0m [1;30mINFO[0m Creating package script '/home/libok/um_file/install/diff_drive_controller/share/diff_drive_controller/package.ps1'
[138.056s] [34mcolcon.colcon_core.shell[0m [1;30mINFO[0m Creating package descriptor '/home/libok/um_file/install/diff_drive_controller/share/diff_drive_controller/package.dsv'
[138.058s] [34mcolcon.colcon_core.shell[0m [1;30mINFO[0m Creating package script '/home/libok/um_file/install/diff_drive_controller/share/diff_drive_controller/package.sh'
[138.059s] [34mcolcon.colcon_core.shell[0m [1;30mINFO[0m Creating package script '/home/libok/um_file/install/diff_drive_controller/share/diff_drive_controller/package.bash'
[138.060s] [34mcolcon.colcon_core.shell[0m [1;30mINFO[0m Creating package script '/home/libok/um_file/install/diff_drive_controller/share/diff_drive_controller/package.zsh'
[138.061s] [34mcolcon.colcon_core.environment[0m [1;30mLevel 1[0m create_file_with_runtime_dependencies(/home/libok/um_file/install/diff_drive_controller/share/colcon-core/packages/diff_drive_controller)
[138.063s] [34mcolcon.colcon_core.environment[0m [1;30mLevel 1[0m create_environment_scripts_only(diff_drive_controller)
[138.064s] [34mcolcon.colcon_core.environment[0m [1;30mLevel 1[0m checking '/home/libok/um_file/install/diff_drive_controller' for CMake module files
[138.065s] [34mcolcon.colcon_core.environment[0m [1;30mLevel 1[0m checking '/home/libok/um_file/install/diff_drive_controller' for CMake config files
[138.066s] [34mcolcon.colcon_core.shell[0m [1;30mLevel 1[0m create_environment_hook('diff_drive_controller', 'cmake_prefix_path')
[138.068s] [34mcolcon.colcon_core.shell[0m [1;30mINFO[0m Creating environment hook '/home/libok/um_file/install/diff_drive_controller/share/diff_drive_controller/hook/cmake_prefix_path.ps1'
[138.071s] [34mcolcon.colcon_core.shell[0m [1;30mINFO[0m Creating environment descriptor '/home/libok/um_file/install/diff_drive_controller/share/diff_drive_controller/hook/cmake_prefix_path.dsv'
[138.072s] [34mcolcon.colcon_core.shell[0m [1;30mINFO[0m Creating environment hook '/home/libok/um_file/install/diff_drive_controller/share/diff_drive_controller/hook/cmake_prefix_path.sh'
[138.074s] [34mcolcon.colcon_core.environment[0m [1;30mLevel 1[0m checking '/home/libok/um_file/install/diff_drive_controller/lib'
[138.074s] [34mcolcon.colcon_core.shell[0m [1;30mLevel 1[0m create_environment_hook('diff_drive_controller', 'ld_library_path_lib')
[138.075s] [34mcolcon.colcon_core.shell[0m [1;30mINFO[0m Creating environment hook '/home/libok/um_file/install/diff_drive_controller/share/diff_drive_controller/hook/ld_library_path_lib.ps1'
[138.076s] [34mcolcon.colcon_core.shell[0m [1;30mINFO[0m Creating environment descriptor '/home/libok/um_file/install/diff_drive_controller/share/diff_drive_controller/hook/ld_library_path_lib.dsv'
[138.080s] [34mcolcon.colcon_core.shell[0m [1;30mINFO[0m Creating environment hook '/home/libok/um_file/install/diff_drive_controller/share/diff_drive_controller/hook/ld_library_path_lib.sh'
[138.081s] [34mcolcon.colcon_core.environment[0m [1;30mLevel 1[0m checking '/home/libok/um_file/install/diff_drive_controller/bin'
[138.081s] [34mcolcon.colcon_core.environment[0m [1;30mLevel 1[0m checking '/home/libok/um_file/install/diff_drive_controller/lib/pkgconfig/diff_drive_controller.pc'
[138.082s] [34mcolcon.colcon_core.environment[0m [1;30mLevel 1[0m checking '/home/libok/um_file/install/diff_drive_controller/lib/python3.10/site-packages'
[138.083s] [34mcolcon.colcon_core.environment[0m [1;30mLevel 1[0m checking '/home/libok/um_file/install/diff_drive_controller/bin'
[138.084s] [34mcolcon.colcon_core.shell[0m [1;30mINFO[0m Creating package script '/home/libok/um_file/install/diff_drive_controller/share/diff_drive_controller/package.ps1'
[138.086s] [34mcolcon.colcon_core.shell[0m [1;30mINFO[0m Creating package descriptor '/home/libok/um_file/install/diff_drive_controller/share/diff_drive_controller/package.dsv'
[138.087s] [34mcolcon.colcon_core.shell[0m [1;30mINFO[0m Creating package script '/home/libok/um_file/install/diff_drive_controller/share/diff_drive_controller/package.sh'
[138.089s] [34mcolcon.colcon_core.shell[0m [1;30mINFO[0m Creating package script '/home/libok/um_file/install/diff_drive_controller/share/diff_drive_controller/package.bash'
[138.090s] [34mcolcon.colcon_core.shell[0m [1;30mINFO[0m Creating package script '/home/libok/um_file/install/diff_drive_controller/share/diff_drive_controller/package.zsh'
[138.091s] [34mcolcon.colcon_core.environment[0m [1;30mLevel 1[0m create_file_with_runtime_dependencies(/home/libok/um_file/install/diff_drive_controller/share/colcon-core/packages/diff_drive_controller)
[138.097s] [34mcolcon.colcon_ros.task.ament_cmake.build[0m [1;30mINFO[0m Building ROS package in '/home/libok/um_file/packages/ros2srrc_ar4' with build type 'ament_cmake'
[138.097s] [34mcolcon.colcon_cmake.task.cmake.build[0m [1;30mINFO[0m Building CMake package in '/home/libok/um_file/packages/ros2srrc_ar4'
[138.098s] [34mcolcon.colcon_core.shell[0m [1;30mINFO[0m Skip shell extension 'powershell' for command environment: Not usable outside of PowerShell
[138.098s] [34mcolcon.colcon_core.shell[0m [1;30mDEBUG[0m [32mSkip shell extension 'dsv' for command environment[0m
[138.117s] [34mcolcon.colcon_core.event_handler.log_command[0m [1;30mDEBUG[0m [32mInvoking command in '/home/libok/um_file/build/ur_moveit_config': CMAKE_PREFIX_PATH=${CMAKE_PREFIX_PATH}:/opt/ros/humble /usr/local/bin/cmake /home/libok/um_file/Universal_Robots_ROS2_Driver/ur_moveit_config -DCMAKE_INSTALL_PREFIX=/home/libok/um_file/install/ur_moveit_config[0m
[138.128s] [34mcolcon.colcon_core.event_handler.log_command[0m [1;30mDEBUG[0m [32mInvoking command in '/home/libok/um_file/build/ackermann_steering_controller': CMAKE_PREFIX_PATH=/home/libok/um_file/install/steering_controllers_library:/home/libok/um_file/install/ur:/home/libok/um_file/install/ur_calibration:/home/libok/um_file/install/ur_robot_driver:/home/libok/um_file/install/ur_bringup:/home/libok/um_file/install/robotiq_description:/home/libok/um_file/install/ros2_controllers:/home/libok/um_file/install/velocity_controllers:/home/libok/um_file/install/ur_controllers:/home/libok/um_file/install/ur_msgs:/home/libok/um_file/install/ur_moveit_config:/home/libok/um_file/install/ur_dashboard_msgs:/home/libok/um_file/install/tricycle_steering_controller:/home/libok/um_file/install/tricycle_controller:/home/libok/um_file/install/bicycle_steering_controller:/home/libok/um_file/install/ackermann_steering_controller:/home/libok/um_file/install/robotiq_hardware_tests:/home/libok/um_file/install/robotiq_driver:/home/libok/um_file/install/serial:/home/libok/um_file/install/ros2srrc_robots:/home/libok/um_file/install/ros2srrc_moveit:/home/libok/um_file/install/ros2srrc_launch:/home/libok/um_file/install/ros2srrc_gazebo:/home/libok/um_file/install/ros2srrc_endeffectors:/home/libok/um_file/install/ros2srrc_data:/home/libok/um_file/install/robotiq_controllers:/home/libok/um_file/install/range_sensor_broadcaster:/home/libok/um_file/install/position_controllers:/home/libok/um_file/install/pose_broadcaster:/home/libok/um_file/install/pid_controller:/home/libok/um_file/install/mecanum_drive_controller:/home/libok/um_file/install/joint_trajectory_controller:/home/libok/um_file/install/joint_state_broadcaster:/home/libok/um_file/install/imu_sensor_broadcaster:/home/libok/um_file/install/gripper_controllers:/home/libok/um_file/install/gpio_controllers:/home/libok/um_file/install/effort_controllers:/home/libok/um_file/install/forward_command_controller:/home/libok/um_file/install/force_torque_sensor_broadcaster:/home/libok/um_file/install/diff_drive_controller:/home/libok/um_file/install/admittance_controller:/opt/ros/humble LD_LIBRARY_PATH=/home/libok/um_file/install/steering_controllers_library/lib:/home/libok/um_file/install/ur_robot_driver/lib:/home/libok/um_file/install/velocity_controllers/lib:/home/libok/um_file/install/ur_controllers/lib:/home/libok/um_file/install/ur_msgs/lib:/home/libok/um_file/install/ur_dashboard_msgs/lib:/home/libok/um_file/install/tricycle_steering_controller/lib:/home/libok/um_file/install/tricycle_controller/lib:/home/libok/um_file/install/bicycle_steering_controller/lib:/home/libok/um_file/install/ackermann_steering_controller/lib:/home/libok/um_file/install/robotiq_driver/lib:/home/libok/um_file/install/serial/lib:/home/libok/um_file/install/ros2srrc_data/lib:/home/libok/um_file/install/robotiq_controllers/lib:/home/libok/um_file/install/range_sensor_broadcaster/lib:/home/libok/um_file/install/position_controllers/lib:/home/libok/um_file/install/pose_broadcaster/lib:/home/libok/um_file/install/pid_controller/lib:/home/libok/um_file/install/mecanum_drive_controller/lib:/home/libok/um_file/install/joint_trajectory_controller/lib:/home/libok/um_file/install/joint_state_broadcaster/lib:/home/libok/um_file/install/imu_sensor_broadcaster/lib:/home/libok/um_file/install/gripper_controllers/lib:/home/libok/um_file/install/gpio_controllers/lib:/home/libok/um_file/install/effort_controllers/lib:/home/libok/um_file/install/forward_command_controller/lib:/home/libok/um_file/install/force_torque_sensor_broadcaster/lib:/home/libok/um_file/install/diff_drive_controller/lib:/home/libok/um_file/install/admittance_controller/lib:/usr/lib/x86_64-linux-gnu/gazebo-11/plugins:/opt/ros/humble/opt/rviz_ogre_vendor/lib:/opt/ros/humble/lib/x86_64-linux-gnu:/opt/ros/humble/lib:/home/libok/.mujoco/mujoco210/bin:/usr/lib/nvidia:/home/libok/.mujoco/mujoco210/bin:/usr/lib/nvidia /usr/local/bin/cmake /home/libok/um_file/ros2_controllers/ackermann_steering_controller -DCMAKE_INSTALL_PREFIX=/home/libok/um_file/install/ackermann_steering_controller[0m
[138.140s] [34mcolcon.colcon_core.event_handler.log_command[0m [1;30mDEBUG[0m [32mInvoking command in '/home/libok/um_file/build/bicycle_steering_controller': CMAKE_PREFIX_PATH=/home/libok/um_file/install/steering_controllers_library:/home/libok/um_file/install/ur:/home/libok/um_file/install/ur_calibration:/home/libok/um_file/install/ur_robot_driver:/home/libok/um_file/install/ur_bringup:/home/libok/um_file/install/robotiq_description:/home/libok/um_file/install/ros2_controllers:/home/libok/um_file/install/velocity_controllers:/home/libok/um_file/install/ur_controllers:/home/libok/um_file/install/ur_msgs:/home/libok/um_file/install/ur_moveit_config:/home/libok/um_file/install/ur_dashboard_msgs:/home/libok/um_file/install/tricycle_steering_controller:/home/libok/um_file/install/tricycle_controller:/home/libok/um_file/install/bicycle_steering_controller:/home/libok/um_file/install/ackermann_steering_controller:/home/libok/um_file/install/robotiq_hardware_tests:/home/libok/um_file/install/robotiq_driver:/home/libok/um_file/install/serial:/home/libok/um_file/install/ros2srrc_robots:/home/libok/um_file/install/ros2srrc_moveit:/home/libok/um_file/install/ros2srrc_launch:/home/libok/um_file/install/ros2srrc_gazebo:/home/libok/um_file/install/ros2srrc_endeffectors:/home/libok/um_file/install/ros2srrc_data:/home/libok/um_file/install/robotiq_controllers:/home/libok/um_file/install/range_sensor_broadcaster:/home/libok/um_file/install/position_controllers:/home/libok/um_file/install/pose_broadcaster:/home/libok/um_file/install/pid_controller:/home/libok/um_file/install/mecanum_drive_controller:/home/libok/um_file/install/joint_trajectory_controller:/home/libok/um_file/install/joint_state_broadcaster:/home/libok/um_file/install/imu_sensor_broadcaster:/home/libok/um_file/install/gripper_controllers:/home/libok/um_file/install/gpio_controllers:/home/libok/um_file/install/effort_controllers:/home/libok/um_file/install/forward_command_controller:/home/libok/um_file/install/force_torque_sensor_broadcaster:/home/libok/um_file/install/diff_drive_controller:/home/libok/um_file/install/admittance_controller:/opt/ros/humble LD_LIBRARY_PATH=/home/libok/um_file/install/steering_controllers_library/lib:/home/libok/um_file/install/ur_robot_driver/lib:/home/libok/um_file/install/velocity_controllers/lib:/home/libok/um_file/install/ur_controllers/lib:/home/libok/um_file/install/ur_msgs/lib:/home/libok/um_file/install/ur_dashboard_msgs/lib:/home/libok/um_file/install/tricycle_steering_controller/lib:/home/libok/um_file/install/tricycle_controller/lib:/home/libok/um_file/install/bicycle_steering_controller/lib:/home/libok/um_file/install/ackermann_steering_controller/lib:/home/libok/um_file/install/robotiq_driver/lib:/home/libok/um_file/install/serial/lib:/home/libok/um_file/install/ros2srrc_data/lib:/home/libok/um_file/install/robotiq_controllers/lib:/home/libok/um_file/install/range_sensor_broadcaster/lib:/home/libok/um_file/install/position_controllers/lib:/home/libok/um_file/install/pose_broadcaster/lib:/home/libok/um_file/install/pid_controller/lib:/home/libok/um_file/install/mecanum_drive_controller/lib:/home/libok/um_file/install/joint_trajectory_controller/lib:/home/libok/um_file/install/joint_state_broadcaster/lib:/home/libok/um_file/install/imu_sensor_broadcaster/lib:/home/libok/um_file/install/gripper_controllers/lib:/home/libok/um_file/install/gpio_controllers/lib:/home/libok/um_file/install/effort_controllers/lib:/home/libok/um_file/install/forward_command_controller/lib:/home/libok/um_file/install/force_torque_sensor_broadcaster/lib:/home/libok/um_file/install/diff_drive_controller/lib:/home/libok/um_file/install/admittance_controller/lib:/usr/lib/x86_64-linux-gnu/gazebo-11/plugins:/opt/ros/humble/opt/rviz_ogre_vendor/lib:/opt/ros/humble/lib/x86_64-linux-gnu:/opt/ros/humble/lib:/home/libok/.mujoco/mujoco210/bin:/usr/lib/nvidia:/home/libok/.mujoco/mujoco210/bin:/usr/lib/nvidia /usr/local/bin/cmake /home/libok/um_file/ros2_controllers/bicycle_steering_controller -DCMAKE_INSTALL_PREFIX=/home/libok/um_file/install/bicycle_steering_controller[0m
[138.156s] [34mcolcon.colcon_core.event_handler.log_command[0m [1;30mDEBUG[0m [32mInvoking command in '/home/libok/um_file/build/tricycle_steering_controller': CMAKE_PREFIX_PATH=/home/libok/um_file/install/steering_controllers_library:/home/libok/um_file/install/ur:/home/libok/um_file/install/ur_calibration:/home/libok/um_file/install/ur_robot_driver:/home/libok/um_file/install/ur_bringup:/home/libok/um_file/install/robotiq_description:/home/libok/um_file/install/ros2_controllers:/home/libok/um_file/install/velocity_controllers:/home/libok/um_file/install/ur_controllers:/home/libok/um_file/install/ur_msgs:/home/libok/um_file/install/ur_moveit_config:/home/libok/um_file/install/ur_dashboard_msgs:/home/libok/um_file/install/tricycle_steering_controller:/home/libok/um_file/install/tricycle_controller:/home/libok/um_file/install/bicycle_steering_controller:/home/libok/um_file/install/ackermann_steering_controller:/home/libok/um_file/install/robotiq_hardware_tests:/home/libok/um_file/install/robotiq_driver:/home/libok/um_file/install/serial:/home/libok/um_file/install/ros2srrc_robots:/home/libok/um_file/install/ros2srrc_moveit:/home/libok/um_file/install/ros2srrc_launch:/home/libok/um_file/install/ros2srrc_gazebo:/home/libok/um_file/install/ros2srrc_endeffectors:/home/libok/um_file/install/ros2srrc_data:/home/libok/um_file/install/robotiq_controllers:/home/libok/um_file/install/range_sensor_broadcaster:/home/libok/um_file/install/position_controllers:/home/libok/um_file/install/pose_broadcaster:/home/libok/um_file/install/pid_controller:/home/libok/um_file/install/mecanum_drive_controller:/home/libok/um_file/install/joint_trajectory_controller:/home/libok/um_file/install/joint_state_broadcaster:/home/libok/um_file/install/imu_sensor_broadcaster:/home/libok/um_file/install/gripper_controllers:/home/libok/um_file/install/gpio_controllers:/home/libok/um_file/install/effort_controllers:/home/libok/um_file/install/forward_command_controller:/home/libok/um_file/install/force_torque_sensor_broadcaster:/home/libok/um_file/install/diff_drive_controller:/home/libok/um_file/install/admittance_controller:/opt/ros/humble LD_LIBRARY_PATH=/home/libok/um_file/install/steering_controllers_library/lib:/home/libok/um_file/install/ur_robot_driver/lib:/home/libok/um_file/install/velocity_controllers/lib:/home/libok/um_file/install/ur_controllers/lib:/home/libok/um_file/install/ur_msgs/lib:/home/libok/um_file/install/ur_dashboard_msgs/lib:/home/libok/um_file/install/tricycle_steering_controller/lib:/home/libok/um_file/install/tricycle_controller/lib:/home/libok/um_file/install/bicycle_steering_controller/lib:/home/libok/um_file/install/ackermann_steering_controller/lib:/home/libok/um_file/install/robotiq_driver/lib:/home/libok/um_file/install/serial/lib:/home/libok/um_file/install/ros2srrc_data/lib:/home/libok/um_file/install/robotiq_controllers/lib:/home/libok/um_file/install/range_sensor_broadcaster/lib:/home/libok/um_file/install/position_controllers/lib:/home/libok/um_file/install/pose_broadcaster/lib:/home/libok/um_file/install/pid_controller/lib:/home/libok/um_file/install/mecanum_drive_controller/lib:/home/libok/um_file/install/joint_trajectory_controller/lib:/home/libok/um_file/install/joint_state_broadcaster/lib:/home/libok/um_file/install/imu_sensor_broadcaster/lib:/home/libok/um_file/install/gripper_controllers/lib:/home/libok/um_file/install/gpio_controllers/lib:/home/libok/um_file/install/effort_controllers/lib:/home/libok/um_file/install/forward_command_controller/lib:/home/libok/um_file/install/force_torque_sensor_broadcaster/lib:/home/libok/um_file/install/diff_drive_controller/lib:/home/libok/um_file/install/admittance_controller/lib:/usr/lib/x86_64-linux-gnu/gazebo-11/plugins:/opt/ros/humble/opt/rviz_ogre_vendor/lib:/opt/ros/humble/lib/x86_64-linux-gnu:/opt/ros/humble/lib:/home/libok/.mujoco/mujoco210/bin:/usr/lib/nvidia:/home/libok/.mujoco/mujoco210/bin:/usr/lib/nvidia /usr/local/bin/cmake /home/libok/um_file/ros2_controllers/tricycle_steering_controller -DCMAKE_INSTALL_PREFIX=/home/libok/um_file/install/tricycle_steering_controller[0m
[138.164s] [34mcolcon.colcon_core.event_handler.log_command[0m [1;30mDEBUG[0m [32mInvoking command in '/home/libok/um_file/build/robotiq_driver': CMAKE_PREFIX_PATH=/home/libok/um_file/install/serial:/home/libok/um_file/install/ur:/home/libok/um_file/install/ur_calibration:/home/libok/um_file/install/ur_robot_driver:/home/libok/um_file/install/ur_bringup:/home/libok/um_file/install/robotiq_description:/home/libok/um_file/install/ros2_controllers:/home/libok/um_file/install/velocity_controllers:/home/libok/um_file/install/ur_controllers:/home/libok/um_file/install/ur_msgs:/home/libok/um_file/install/ur_moveit_config:/home/libok/um_file/install/ur_dashboard_msgs:/home/libok/um_file/install/tricycle_steering_controller:/home/libok/um_file/install/tricycle_controller:/home/libok/um_file/install/bicycle_steering_controller:/home/libok/um_file/install/ackermann_steering_controller:/home/libok/um_file/install/steering_controllers_library:/home/libok/um_file/install/robotiq_hardware_tests:/home/libok/um_file/install/robotiq_driver:/home/libok/um_file/install/ros2srrc_robots:/home/libok/um_file/install/ros2srrc_moveit:/home/libok/um_file/install/ros2srrc_launch:/home/libok/um_file/install/ros2srrc_gazebo:/home/libok/um_file/install/ros2srrc_endeffectors:/home/libok/um_file/install/ros2srrc_data:/home/libok/um_file/install/robotiq_controllers:/home/libok/um_file/install/range_sensor_broadcaster:/home/libok/um_file/install/position_controllers:/home/libok/um_file/install/pose_broadcaster:/home/libok/um_file/install/pid_controller:/home/libok/um_file/install/mecanum_drive_controller:/home/libok/um_file/install/joint_trajectory_controller:/home/libok/um_file/install/joint_state_broadcaster:/home/libok/um_file/install/imu_sensor_broadcaster:/home/libok/um_file/install/gripper_controllers:/home/libok/um_file/install/gpio_controllers:/home/libok/um_file/install/effort_controllers:/home/libok/um_file/install/forward_command_controller:/home/libok/um_file/install/force_torque_sensor_broadcaster:/home/libok/um_file/install/diff_drive_controller:/home/libok/um_file/install/admittance_controller:/opt/ros/humble /usr/local/bin/cmake /home/libok/um_file/ros2_robotiq_gripper/robotiq_driver -DCMAKE_INSTALL_PREFIX=/home/libok/um_file/install/robotiq_driver[0m
[138.175s] [34mcolcon.colcon_core.event_handler.log_command[0m [1;30mDEBUG[0m [32mInvoking command in '/home/libok/um_file/build/robotiq_controllers': CMAKE_PREFIX_PATH=${CMAKE_PREFIX_PATH}:/opt/ros/humble /usr/local/bin/cmake /home/libok/um_file/ros2_robotiq_gripper/robotiq_controllers -DCMAKE_INSTALL_PREFIX=/home/libok/um_file/install/robotiq_controllers[0m
[138.200s] [34mcolcon.colcon_core.event_handler.log_command[0m [1;30mDEBUG[0m [32mInvoking command in '/home/libok/um_file/build/ros2srrc_ar4': CMAKE_PREFIX_PATH=${CMAKE_PREFIX_PATH}:/opt/ros/humble /usr/local/bin/cmake /home/libok/um_file/packages/ros2srrc_ar4 -DCMAKE_INSTALL_PREFIX=/home/libok/um_file/install/ros2srrc_ar4[0m
[140.260s] [34mcolcon.colcon_core.event_handler.log_command[0m [1;30mDEBUG[0m [32mInvoked command in '/home/libok/um_file/build/gpio_controllers' returned '0': CMAKE_PREFIX_PATH=${CMAKE_PREFIX_PATH}:/opt/ros/humble /usr/local/bin/cmake --build /home/libok/um_file/build/gpio_controllers -- -j18 -l18[0m
[140.278s] [34mcolcon.colcon_core.event_handler.log_command[0m [1;30mDEBUG[0m [32mInvoking command in '/home/libok/um_file/build/gpio_controllers': CMAKE_PREFIX_PATH=${CMAKE_PREFIX_PATH}:/opt/ros/humble /usr/local/bin/cmake --install /home/libok/um_file/build/gpio_controllers[0m
[145.871s] [34mcolcon.colcon_core.event_handler.log_command[0m [1;30mDEBUG[0m [32mInvoked command in '/home/libok/um_file/build/tricycle_controller' returned '0': CMAKE_PREFIX_PATH=${CMAKE_PREFIX_PATH}:/opt/ros/humble /usr/local/bin/cmake --build /home/libok/um_file/build/tricycle_controller -- -j18 -l18[0m
[145.876s] [34mcolcon.colcon_core.event_handler.log_command[0m [1;30mDEBUG[0m [32mInvoking command in '/home/libok/um_file/build/tricycle_controller': CMAKE_PREFIX_PATH=${CMAKE_PREFIX_PATH}:/opt/ros/humble /usr/local/bin/cmake --install /home/libok/um_file/build/tricycle_controller[0m
[146.748s] [34mcolcon.colcon_core.event_handler.log_command[0m [1;30mDEBUG[0m [32mInvoked command in '/home/libok/um_file/build/ur_moveit_config' returned '0': CMAKE_PREFIX_PATH=${CMAKE_PREFIX_PATH}:/opt/ros/humble /usr/local/bin/cmake /home/libok/um_file/Universal_Robots_ROS2_Driver/ur_moveit_config -DCMAKE_INSTALL_PREFIX=/home/libok/um_file/install/ur_moveit_config[0m
[146.753s] [34mcolcon.colcon_core.event_handler.log_command[0m [1;30mDEBUG[0m [32mInvoking command in '/home/libok/um_file/build/ur_moveit_config': CMAKE_PREFIX_PATH=${CMAKE_PREFIX_PATH}:/opt/ros/humble /usr/local/bin/cmake --build /home/libok/um_file/build/ur_moveit_config -- -j18 -l18[0m
[155.288s] [34mcolcon.colcon_core.event_handler.log_command[0m [1;30mDEBUG[0m [32mInvoked command in '/home/libok/um_file/build/bicycle_steering_controller' returned '0': CMAKE_PREFIX_PATH=/home/libok/um_file/install/steering_controllers_library:/home/libok/um_file/install/ur:/home/libok/um_file/install/ur_calibration:/home/libok/um_file/install/ur_robot_driver:/home/libok/um_file/install/ur_bringup:/home/libok/um_file/install/robotiq_description:/home/libok/um_file/install/ros2_controllers:/home/libok/um_file/install/velocity_controllers:/home/libok/um_file/install/ur_controllers:/home/libok/um_file/install/ur_msgs:/home/libok/um_file/install/ur_moveit_config:/home/libok/um_file/install/ur_dashboard_msgs:/home/libok/um_file/install/tricycle_steering_controller:/home/libok/um_file/install/tricycle_controller:/home/libok/um_file/install/bicycle_steering_controller:/home/libok/um_file/install/ackermann_steering_controller:/home/libok/um_file/install/robotiq_hardware_tests:/home/libok/um_file/install/robotiq_driver:/home/libok/um_file/install/serial:/home/libok/um_file/install/ros2srrc_robots:/home/libok/um_file/install/ros2srrc_moveit:/home/libok/um_file/install/ros2srrc_launch:/home/libok/um_file/install/ros2srrc_gazebo:/home/libok/um_file/install/ros2srrc_endeffectors:/home/libok/um_file/install/ros2srrc_data:/home/libok/um_file/install/robotiq_controllers:/home/libok/um_file/install/range_sensor_broadcaster:/home/libok/um_file/install/position_controllers:/home/libok/um_file/install/pose_broadcaster:/home/libok/um_file/install/pid_controller:/home/libok/um_file/install/mecanum_drive_controller:/home/libok/um_file/install/joint_trajectory_controller:/home/libok/um_file/install/joint_state_broadcaster:/home/libok/um_file/install/imu_sensor_broadcaster:/home/libok/um_file/install/gripper_controllers:/home/libok/um_file/install/gpio_controllers:/home/libok/um_file/install/effort_controllers:/home/libok/um_file/install/forward_command_controller:/home/libok/um_file/install/force_torque_sensor_broadcaster:/home/libok/um_file/install/diff_drive_controller:/home/libok/um_file/install/admittance_controller:/opt/ros/humble LD_LIBRARY_PATH=/home/libok/um_file/install/steering_controllers_library/lib:/home/libok/um_file/install/ur_robot_driver/lib:/home/libok/um_file/install/velocity_controllers/lib:/home/libok/um_file/install/ur_controllers/lib:/home/libok/um_file/install/ur_msgs/lib:/home/libok/um_file/install/ur_dashboard_msgs/lib:/home/libok/um_file/install/tricycle_steering_controller/lib:/home/libok/um_file/install/tricycle_controller/lib:/home/libok/um_file/install/bicycle_steering_controller/lib:/home/libok/um_file/install/ackermann_steering_controller/lib:/home/libok/um_file/install/robotiq_driver/lib:/home/libok/um_file/install/serial/lib:/home/libok/um_file/install/ros2srrc_data/lib:/home/libok/um_file/install/robotiq_controllers/lib:/home/libok/um_file/install/range_sensor_broadcaster/lib:/home/libok/um_file/install/position_controllers/lib:/home/libok/um_file/install/pose_broadcaster/lib:/home/libok/um_file/install/pid_controller/lib:/home/libok/um_file/install/mecanum_drive_controller/lib:/home/libok/um_file/install/joint_trajectory_controller/lib:/home/libok/um_file/install/joint_state_broadcaster/lib:/home/libok/um_file/install/imu_sensor_broadcaster/lib:/home/libok/um_file/install/gripper_controllers/lib:/home/libok/um_file/install/gpio_controllers/lib:/home/libok/um_file/install/effort_controllers/lib:/home/libok/um_file/install/forward_command_controller/lib:/home/libok/um_file/install/force_torque_sensor_broadcaster/lib:/home/libok/um_file/install/diff_drive_controller/lib:/home/libok/um_file/install/admittance_controller/lib:/usr/lib/x86_64-linux-gnu/gazebo-11/plugins:/opt/ros/humble/opt/rviz_ogre_vendor/lib:/opt/ros/humble/lib/x86_64-linux-gnu:/opt/ros/humble/lib:/home/libok/.mujoco/mujoco210/bin:/usr/lib/nvidia:/home/libok/.mujoco/mujoco210/bin:/usr/lib/nvidia /usr/local/bin/cmake /home/libok/um_file/ros2_controllers/bicycle_steering_controller -DCMAKE_INSTALL_PREFIX=/home/libok/um_file/install/bicycle_steering_controller[0m
[155.310s] [34mcolcon.colcon_core.environment[0m [1;30mLevel 1[0m create_environment_scripts_only(gpio_controllers)
[155.311s] [34mcolcon.colcon_core.environment[0m [1;30mLevel 1[0m checking '/home/libok/um_file/install/gpio_controllers' for CMake module files
[155.317s] [34mcolcon.colcon_core.environment[0m [1;30mLevel 1[0m checking '/home/libok/um_file/install/gpio_controllers' for CMake config files
[155.318s] [34mcolcon.colcon_core.shell[0m [1;30mLevel 1[0m create_environment_hook('gpio_controllers', 'cmake_prefix_path')
[155.319s] [34mcolcon.colcon_core.shell[0m [1;30mINFO[0m Creating environment hook '/home/libok/um_file/install/gpio_controllers/share/gpio_controllers/hook/cmake_prefix_path.ps1'
[155.326s] [34mcolcon.colcon_core.shell[0m [1;30mINFO[0m Creating environment descriptor '/home/libok/um_file/install/gpio_controllers/share/gpio_controllers/hook/cmake_prefix_path.dsv'
[155.331s] [34mcolcon.colcon_core.shell[0m [1;30mINFO[0m Creating environment hook '/home/libok/um_file/install/gpio_controllers/share/gpio_controllers/hook/cmake_prefix_path.sh'
[155.338s] [34mcolcon.colcon_core.event_handler.log_command[0m [1;30mDEBUG[0m [32mInvoking command in '/home/libok/um_file/build/bicycle_steering_controller': CMAKE_PREFIX_PATH=/home/libok/um_file/install/steering_controllers_library:/home/libok/um_file/install/ur:/home/libok/um_file/install/ur_calibration:/home/libok/um_file/install/ur_robot_driver:/home/libok/um_file/install/ur_bringup:/home/libok/um_file/install/robotiq_description:/home/libok/um_file/install/ros2_controllers:/home/libok/um_file/install/velocity_controllers:/home/libok/um_file/install/ur_controllers:/home/libok/um_file/install/ur_msgs:/home/libok/um_file/install/ur_moveit_config:/home/libok/um_file/install/ur_dashboard_msgs:/home/libok/um_file/install/tricycle_steering_controller:/home/libok/um_file/install/tricycle_controller:/home/libok/um_file/install/bicycle_steering_controller:/home/libok/um_file/install/ackermann_steering_controller:/home/libok/um_file/install/robotiq_hardware_tests:/home/libok/um_file/install/robotiq_driver:/home/libok/um_file/install/serial:/home/libok/um_file/install/ros2srrc_robots:/home/libok/um_file/install/ros2srrc_moveit:/home/libok/um_file/install/ros2srrc_launch:/home/libok/um_file/install/ros2srrc_gazebo:/home/libok/um_file/install/ros2srrc_endeffectors:/home/libok/um_file/install/ros2srrc_data:/home/libok/um_file/install/robotiq_controllers:/home/libok/um_file/install/range_sensor_broadcaster:/home/libok/um_file/install/position_controllers:/home/libok/um_file/install/pose_broadcaster:/home/libok/um_file/install/pid_controller:/home/libok/um_file/install/mecanum_drive_controller:/home/libok/um_file/install/joint_trajectory_controller:/home/libok/um_file/install/joint_state_broadcaster:/home/libok/um_file/install/imu_sensor_broadcaster:/home/libok/um_file/install/gripper_controllers:/home/libok/um_file/install/gpio_controllers:/home/libok/um_file/install/effort_controllers:/home/libok/um_file/install/forward_command_controller:/home/libok/um_file/install/force_torque_sensor_broadcaster:/home/libok/um_file/install/diff_drive_controller:/home/libok/um_file/install/admittance_controller:/opt/ros/humble LD_LIBRARY_PATH=/home/libok/um_file/install/steering_controllers_library/lib:/home/libok/um_file/install/ur_robot_driver/lib:/home/libok/um_file/install/velocity_controllers/lib:/home/libok/um_file/install/ur_controllers/lib:/home/libok/um_file/install/ur_msgs/lib:/home/libok/um_file/install/ur_dashboard_msgs/lib:/home/libok/um_file/install/tricycle_steering_controller/lib:/home/libok/um_file/install/tricycle_controller/lib:/home/libok/um_file/install/bicycle_steering_controller/lib:/home/libok/um_file/install/ackermann_steering_controller/lib:/home/libok/um_file/install/robotiq_driver/lib:/home/libok/um_file/install/serial/lib:/home/libok/um_file/install/ros2srrc_data/lib:/home/libok/um_file/install/robotiq_controllers/lib:/home/libok/um_file/install/range_sensor_broadcaster/lib:/home/libok/um_file/install/position_controllers/lib:/home/libok/um_file/install/pose_broadcaster/lib:/home/libok/um_file/install/pid_controller/lib:/home/libok/um_file/install/mecanum_drive_controller/lib:/home/libok/um_file/install/joint_trajectory_controller/lib:/home/libok/um_file/install/joint_state_broadcaster/lib:/home/libok/um_file/install/imu_sensor_broadcaster/lib:/home/libok/um_file/install/gripper_controllers/lib:/home/libok/um_file/install/gpio_controllers/lib:/home/libok/um_file/install/effort_controllers/lib:/home/libok/um_file/install/forward_command_controller/lib:/home/libok/um_file/install/force_torque_sensor_broadcaster/lib:/home/libok/um_file/install/diff_drive_controller/lib:/home/libok/um_file/install/admittance_controller/lib:/usr/lib/x86_64-linux-gnu/gazebo-11/plugins:/opt/ros/humble/opt/rviz_ogre_vendor/lib:/opt/ros/humble/lib/x86_64-linux-gnu:/opt/ros/humble/lib:/home/libok/.mujoco/mujoco210/bin:/usr/lib/nvidia:/home/libok/.mujoco/mujoco210/bin:/usr/lib/nvidia /usr/local/bin/cmake --build /home/libok/um_file/build/bicycle_steering_controller -- -j18 -l18[0m
[155.338s] [34mcolcon.colcon_core.environment[0m [1;30mLevel 1[0m checking '/home/libok/um_file/install/gpio_controllers/lib'
[155.339s] [34mcolcon.colcon_core.shell[0m [1;30mLevel 1[0m create_environment_hook('gpio_controllers', 'ld_library_path_lib')
[155.340s] [34mcolcon.colcon_core.shell[0m [1;30mINFO[0m Creating environment hook '/home/libok/um_file/install/gpio_controllers/share/gpio_controllers/hook/ld_library_path_lib.ps1'
[155.342s] [34mcolcon.colcon_core.shell[0m [1;30mINFO[0m Creating environment descriptor '/home/libok/um_file/install/gpio_controllers/share/gpio_controllers/hook/ld_library_path_lib.dsv'
[155.346s] [34mcolcon.colcon_core.shell[0m [1;30mINFO[0m Creating environment hook '/home/libok/um_file/install/gpio_controllers/share/gpio_controllers/hook/ld_library_path_lib.sh'
[155.344s] [34mcolcon.colcon_core.event_handler.log_command[0m [1;30mDEBUG[0m [32mInvoked command in '/home/libok/um_file/build/tricycle_steering_controller' returned '0': CMAKE_PREFIX_PATH=/home/libok/um_file/install/steering_controllers_library:/home/libok/um_file/install/ur:/home/libok/um_file/install/ur_calibration:/home/libok/um_file/install/ur_robot_driver:/home/libok/um_file/install/ur_bringup:/home/libok/um_file/install/robotiq_description:/home/libok/um_file/install/ros2_controllers:/home/libok/um_file/install/velocity_controllers:/home/libok/um_file/install/ur_controllers:/home/libok/um_file/install/ur_msgs:/home/libok/um_file/install/ur_moveit_config:/home/libok/um_file/install/ur_dashboard_msgs:/home/libok/um_file/install/tricycle_steering_controller:/home/libok/um_file/install/tricycle_controller:/home/libok/um_file/install/bicycle_steering_controller:/home/libok/um_file/install/ackermann_steering_controller:/home/libok/um_file/install/robotiq_hardware_tests:/home/libok/um_file/install/robotiq_driver:/home/libok/um_file/install/serial:/home/libok/um_file/install/ros2srrc_robots:/home/libok/um_file/install/ros2srrc_moveit:/home/libok/um_file/install/ros2srrc_launch:/home/libok/um_file/install/ros2srrc_gazebo:/home/libok/um_file/install/ros2srrc_endeffectors:/home/libok/um_file/install/ros2srrc_data:/home/libok/um_file/install/robotiq_controllers:/home/libok/um_file/install/range_sensor_broadcaster:/home/libok/um_file/install/position_controllers:/home/libok/um_file/install/pose_broadcaster:/home/libok/um_file/install/pid_controller:/home/libok/um_file/install/mecanum_drive_controller:/home/libok/um_file/install/joint_trajectory_controller:/home/libok/um_file/install/joint_state_broadcaster:/home/libok/um_file/install/imu_sensor_broadcaster:/home/libok/um_file/install/gripper_controllers:/home/libok/um_file/install/gpio_controllers:/home/libok/um_file/install/effort_controllers:/home/libok/um_file/install/forward_command_controller:/home/libok/um_file/install/force_torque_sensor_broadcaster:/home/libok/um_file/install/diff_drive_controller:/home/libok/um_file/install/admittance_controller:/opt/ros/humble LD_LIBRARY_PATH=/home/libok/um_file/install/steering_controllers_library/lib:/home/libok/um_file/install/ur_robot_driver/lib:/home/libok/um_file/install/velocity_controllers/lib:/home/libok/um_file/install/ur_controllers/lib:/home/libok/um_file/install/ur_msgs/lib:/home/libok/um_file/install/ur_dashboard_msgs/lib:/home/libok/um_file/install/tricycle_steering_controller/lib:/home/libok/um_file/install/tricycle_controller/lib:/home/libok/um_file/install/bicycle_steering_controller/lib:/home/libok/um_file/install/ackermann_steering_controller/lib:/home/libok/um_file/install/robotiq_driver/lib:/home/libok/um_file/install/serial/lib:/home/libok/um_file/install/ros2srrc_data/lib:/home/libok/um_file/install/robotiq_controllers/lib:/home/libok/um_file/install/range_sensor_broadcaster/lib:/home/libok/um_file/install/position_controllers/lib:/home/libok/um_file/install/pose_broadcaster/lib:/home/libok/um_file/install/pid_controller/lib:/home/libok/um_file/install/mecanum_drive_controller/lib:/home/libok/um_file/install/joint_trajectory_controller/lib:/home/libok/um_file/install/joint_state_broadcaster/lib:/home/libok/um_file/install/imu_sensor_broadcaster/lib:/home/libok/um_file/install/gripper_controllers/lib:/home/libok/um_file/install/gpio_controllers/lib:/home/libok/um_file/install/effort_controllers/lib:/home/libok/um_file/install/forward_command_controller/lib:/home/libok/um_file/install/force_torque_sensor_broadcaster/lib:/home/libok/um_file/install/diff_drive_controller/lib:/home/libok/um_file/install/admittance_controller/lib:/usr/lib/x86_64-linux-gnu/gazebo-11/plugins:/opt/ros/humble/opt/rviz_ogre_vendor/lib:/opt/ros/humble/lib/x86_64-linux-gnu:/opt/ros/humble/lib:/home/libok/.mujoco/mujoco210/bin:/usr/lib/nvidia:/home/libok/.mujoco/mujoco210/bin:/usr/lib/nvidia /usr/local/bin/cmake /home/libok/um_file/ros2_controllers/tricycle_steering_controller -DCMAKE_INSTALL_PREFIX=/home/libok/um_file/install/tricycle_steering_controller[0m
[155.351s] [34mcolcon.colcon_core.environment[0m [1;30mLevel 1[0m checking '/home/libok/um_file/install/gpio_controllers/bin'
[155.351s] [34mcolcon.colcon_core.environment[0m [1;30mLevel 1[0m checking '/home/libok/um_file/install/gpio_controllers/lib/pkgconfig/gpio_controllers.pc'
[155.352s] [34mcolcon.colcon_core.environment[0m [1;30mLevel 1[0m checking '/home/libok/um_file/install/gpio_controllers/lib/python3.10/site-packages'
[155.354s] [34mcolcon.colcon_core.environment[0m [1;30mLevel 1[0m checking '/home/libok/um_file/install/gpio_controllers/bin'
[155.356s] [34mcolcon.colcon_core.shell[0m [1;30mINFO[0m Creating package script '/home/libok/um_file/install/gpio_controllers/share/gpio_controllers/package.ps1'
[155.363s] [34mcolcon.colcon_core.shell[0m [1;30mINFO[0m Creating package descriptor '/home/libok/um_file/install/gpio_controllers/share/gpio_controllers/package.dsv'
[155.370s] [34mcolcon.colcon_core.shell[0m [1;30mINFO[0m Creating package script '/home/libok/um_file/install/gpio_controllers/share/gpio_controllers/package.sh'
[155.372s] [34mcolcon.colcon_core.shell[0m [1;30mINFO[0m Creating package script '/home/libok/um_file/install/gpio_controllers/share/gpio_controllers/package.bash'
[155.384s] [34mcolcon.colcon_core.shell[0m [1;30mINFO[0m Creating package script '/home/libok/um_file/install/gpio_controllers/share/gpio_controllers/package.zsh'
[155.387s] [34mcolcon.colcon_core.environment[0m [1;30mLevel 1[0m create_file_with_runtime_dependencies(/home/libok/um_file/install/gpio_controllers/share/colcon-core/packages/gpio_controllers)
[155.390s] [34mcolcon.colcon_core.environment[0m [1;30mLevel 1[0m create_environment_scripts_only(gpio_controllers)
[155.396s] [34mcolcon.colcon_core.environment[0m [1;30mLevel 1[0m checking '/home/libok/um_file/install/gpio_controllers' for CMake module files
[155.402s] [34mcolcon.colcon_core.environment[0m [1;30mLevel 1[0m checking '/home/libok/um_file/install/gpio_controllers' for CMake config files
[155.405s] [34mcolcon.colcon_core.shell[0m [1;30mLevel 1[0m create_environment_hook('gpio_controllers', 'cmake_prefix_path')
[155.407s] [34mcolcon.colcon_core.shell[0m [1;30mINFO[0m Creating environment hook '/home/libok/um_file/install/gpio_controllers/share/gpio_controllers/hook/cmake_prefix_path.ps1'
[155.411s] [34mcolcon.colcon_core.shell[0m [1;30mINFO[0m Creating environment descriptor '/home/libok/um_file/install/gpio_controllers/share/gpio_controllers/hook/cmake_prefix_path.dsv'
[155.413s] [34mcolcon.colcon_core.shell[0m [1;30mINFO[0m Creating environment hook '/home/libok/um_file/install/gpio_controllers/share/gpio_controllers/hook/cmake_prefix_path.sh'
[155.419s] [34mcolcon.colcon_core.environment[0m [1;30mLevel 1[0m checking '/home/libok/um_file/install/gpio_controllers/lib'
[155.420s] [34mcolcon.colcon_core.shell[0m [1;30mLevel 1[0m create_environment_hook('gpio_controllers', 'ld_library_path_lib')
[155.422s] [34mcolcon.colcon_core.shell[0m [1;30mINFO[0m Creating environment hook '/home/libok/um_file/install/gpio_controllers/share/gpio_controllers/hook/ld_library_path_lib.ps1'
[155.426s] [34mcolcon.colcon_core.shell[0m [1;30mINFO[0m Creating environment descriptor '/home/libok/um_file/install/gpio_controllers/share/gpio_controllers/hook/ld_library_path_lib.dsv'
[155.428s] [34mcolcon.colcon_core.shell[0m [1;30mINFO[0m Creating environment hook '/home/libok/um_file/install/gpio_controllers/share/gpio_controllers/hook/ld_library_path_lib.sh'
[155.440s] [34mcolcon.colcon_core.environment[0m [1;30mLevel 1[0m checking '/home/libok/um_file/install/gpio_controllers/bin'
[155.443s] [34mcolcon.colcon_core.environment[0m [1;30mLevel 1[0m checking '/home/libok/um_file/install/gpio_controllers/lib/pkgconfig/gpio_controllers.pc'
[155.444s] [34mcolcon.colcon_core.environment[0m [1;30mLevel 1[0m checking '/home/libok/um_file/install/gpio_controllers/lib/python3.10/site-packages'
[155.446s] [34mcolcon.colcon_core.environment[0m [1;30mLevel 1[0m checking '/home/libok/um_file/install/gpio_controllers/bin'
[155.448s] [34mcolcon.colcon_core.shell[0m [1;30mINFO[0m Creating package script '/home/libok/um_file/install/gpio_controllers/share/gpio_controllers/package.ps1'
[155.454s] [34mcolcon.colcon_core.shell[0m [1;30mINFO[0m Creating package descriptor '/home/libok/um_file/install/gpio_controllers/share/gpio_controllers/package.dsv'
[155.461s] [34mcolcon.colcon_core.shell[0m [1;30mINFO[0m Creating package script '/home/libok/um_file/install/gpio_controllers/share/gpio_controllers/package.sh'
[155.465s] [34mcolcon.colcon_core.shell[0m [1;30mINFO[0m Creating package script '/home/libok/um_file/install/gpio_controllers/share/gpio_controllers/package.bash'
[155.472s] [34mcolcon.colcon_core.event_handler.log_command[0m [1;30mDEBUG[0m [32mInvoking command in '/home/libok/um_file/build/tricycle_steering_controller': CMAKE_PREFIX_PATH=/home/libok/um_file/install/steering_controllers_library:/home/libok/um_file/install/ur:/home/libok/um_file/install/ur_calibration:/home/libok/um_file/install/ur_robot_driver:/home/libok/um_file/install/ur_bringup:/home/libok/um_file/install/robotiq_description:/home/libok/um_file/install/ros2_controllers:/home/libok/um_file/install/velocity_controllers:/home/libok/um_file/install/ur_controllers:/home/libok/um_file/install/ur_msgs:/home/libok/um_file/install/ur_moveit_config:/home/libok/um_file/install/ur_dashboard_msgs:/home/libok/um_file/install/tricycle_steering_controller:/home/libok/um_file/install/tricycle_controller:/home/libok/um_file/install/bicycle_steering_controller:/home/libok/um_file/install/ackermann_steering_controller:/home/libok/um_file/install/robotiq_hardware_tests:/home/libok/um_file/install/robotiq_driver:/home/libok/um_file/install/serial:/home/libok/um_file/install/ros2srrc_robots:/home/libok/um_file/install/ros2srrc_moveit:/home/libok/um_file/install/ros2srrc_launch:/home/libok/um_file/install/ros2srrc_gazebo:/home/libok/um_file/install/ros2srrc_endeffectors:/home/libok/um_file/install/ros2srrc_data:/home/libok/um_file/install/robotiq_controllers:/home/libok/um_file/install/range_sensor_broadcaster:/home/libok/um_file/install/position_controllers:/home/libok/um_file/install/pose_broadcaster:/home/libok/um_file/install/pid_controller:/home/libok/um_file/install/mecanum_drive_controller:/home/libok/um_file/install/joint_trajectory_controller:/home/libok/um_file/install/joint_state_broadcaster:/home/libok/um_file/install/imu_sensor_broadcaster:/home/libok/um_file/install/gripper_controllers:/home/libok/um_file/install/gpio_controllers:/home/libok/um_file/install/effort_controllers:/home/libok/um_file/install/forward_command_controller:/home/libok/um_file/install/force_torque_sensor_broadcaster:/home/libok/um_file/install/diff_drive_controller:/home/libok/um_file/install/admittance_controller:/opt/ros/humble LD_LIBRARY_PATH=/home/libok/um_file/install/steering_controllers_library/lib:/home/libok/um_file/install/ur_robot_driver/lib:/home/libok/um_file/install/velocity_controllers/lib:/home/libok/um_file/install/ur_controllers/lib:/home/libok/um_file/install/ur_msgs/lib:/home/libok/um_file/install/ur_dashboard_msgs/lib:/home/libok/um_file/install/tricycle_steering_controller/lib:/home/libok/um_file/install/tricycle_controller/lib:/home/libok/um_file/install/bicycle_steering_controller/lib:/home/libok/um_file/install/ackermann_steering_controller/lib:/home/libok/um_file/install/robotiq_driver/lib:/home/libok/um_file/install/serial/lib:/home/libok/um_file/install/ros2srrc_data/lib:/home/libok/um_file/install/robotiq_controllers/lib:/home/libok/um_file/install/range_sensor_broadcaster/lib:/home/libok/um_file/install/position_controllers/lib:/home/libok/um_file/install/pose_broadcaster/lib:/home/libok/um_file/install/pid_controller/lib:/home/libok/um_file/install/mecanum_drive_controller/lib:/home/libok/um_file/install/joint_trajectory_controller/lib:/home/libok/um_file/install/joint_state_broadcaster/lib:/home/libok/um_file/install/imu_sensor_broadcaster/lib:/home/libok/um_file/install/gripper_controllers/lib:/home/libok/um_file/install/gpio_controllers/lib:/home/libok/um_file/install/effort_controllers/lib:/home/libok/um_file/install/forward_command_controller/lib:/home/libok/um_file/install/force_torque_sensor_broadcaster/lib:/home/libok/um_file/install/diff_drive_controller/lib:/home/libok/um_file/install/admittance_controller/lib:/usr/lib/x86_64-linux-gnu/gazebo-11/plugins:/opt/ros/humble/opt/rviz_ogre_vendor/lib:/opt/ros/humble/lib/x86_64-linux-gnu:/opt/ros/humble/lib:/home/libok/.mujoco/mujoco210/bin:/usr/lib/nvidia:/home/libok/.mujoco/mujoco210/bin:/usr/lib/nvidia /usr/local/bin/cmake --build /home/libok/um_file/build/tricycle_steering_controller -- -j18 -l18[0m
[155.476s] [34mcolcon.colcon_core.shell[0m [1;30mINFO[0m Creating package script '/home/libok/um_file/install/gpio_controllers/share/gpio_controllers/package.zsh'
[155.478s] [34mcolcon.colcon_core.environment[0m [1;30mLevel 1[0m create_file_with_runtime_dependencies(/home/libok/um_file/install/gpio_controllers/share/colcon-core/packages/gpio_controllers)
[155.480s] [34mcolcon.colcon_core.event_handler.log_command[0m [1;30mDEBUG[0m [32mInvoked command in '/home/libok/um_file/build/robotiq_driver' returned '0': CMAKE_PREFIX_PATH=/home/libok/um_file/install/serial:/home/libok/um_file/install/ur:/home/libok/um_file/install/ur_calibration:/home/libok/um_file/install/ur_robot_driver:/home/libok/um_file/install/ur_bringup:/home/libok/um_file/install/robotiq_description:/home/libok/um_file/install/ros2_controllers:/home/libok/um_file/install/velocity_controllers:/home/libok/um_file/install/ur_controllers:/home/libok/um_file/install/ur_msgs:/home/libok/um_file/install/ur_moveit_config:/home/libok/um_file/install/ur_dashboard_msgs:/home/libok/um_file/install/tricycle_steering_controller:/home/libok/um_file/install/tricycle_controller:/home/libok/um_file/install/bicycle_steering_controller:/home/libok/um_file/install/ackermann_steering_controller:/home/libok/um_file/install/steering_controllers_library:/home/libok/um_file/install/robotiq_hardware_tests:/home/libok/um_file/install/robotiq_driver:/home/libok/um_file/install/ros2srrc_robots:/home/libok/um_file/install/ros2srrc_moveit:/home/libok/um_file/install/ros2srrc_launch:/home/libok/um_file/install/ros2srrc_gazebo:/home/libok/um_file/install/ros2srrc_endeffectors:/home/libok/um_file/install/ros2srrc_data:/home/libok/um_file/install/robotiq_controllers:/home/libok/um_file/install/range_sensor_broadcaster:/home/libok/um_file/install/position_controllers:/home/libok/um_file/install/pose_broadcaster:/home/libok/um_file/install/pid_controller:/home/libok/um_file/install/mecanum_drive_controller:/home/libok/um_file/install/joint_trajectory_controller:/home/libok/um_file/install/joint_state_broadcaster:/home/libok/um_file/install/imu_sensor_broadcaster:/home/libok/um_file/install/gripper_controllers:/home/libok/um_file/install/gpio_controllers:/home/libok/um_file/install/effort_controllers:/home/libok/um_file/install/forward_command_controller:/home/libok/um_file/install/force_torque_sensor_broadcaster:/home/libok/um_file/install/diff_drive_controller:/home/libok/um_file/install/admittance_controller:/opt/ros/humble /usr/local/bin/cmake /home/libok/um_file/ros2_robotiq_gripper/robotiq_driver -DCMAKE_INSTALL_PREFIX=/home/libok/um_file/install/robotiq_driver[0m
[155.483s] [34mcolcon.colcon_core.environment[0m [1;30mLevel 1[0m create_environment_scripts_only(tricycle_controller)
[155.484s] [34mcolcon.colcon_core.environment[0m [1;30mLevel 1[0m checking '/home/libok/um_file/install/tricycle_controller' for CMake module files
[155.486s] [34mcolcon.colcon_core.environment[0m [1;30mLevel 1[0m checking '/home/libok/um_file/install/tricycle_controller' for CMake config files
[155.487s] [34mcolcon.colcon_core.event_handler.log_command[0m [1;30mDEBUG[0m [32mInvoking command in '/home/libok/um_file/build/robotiq_driver': CMAKE_PREFIX_PATH=/home/libok/um_file/install/serial:/home/libok/um_file/install/ur:/home/libok/um_file/install/ur_calibration:/home/libok/um_file/install/ur_robot_driver:/home/libok/um_file/install/ur_bringup:/home/libok/um_file/install/robotiq_description:/home/libok/um_file/install/ros2_controllers:/home/libok/um_file/install/velocity_controllers:/home/libok/um_file/install/ur_controllers:/home/libok/um_file/install/ur_msgs:/home/libok/um_file/install/ur_moveit_config:/home/libok/um_file/install/ur_dashboard_msgs:/home/libok/um_file/install/tricycle_steering_controller:/home/libok/um_file/install/tricycle_controller:/home/libok/um_file/install/bicycle_steering_controller:/home/libok/um_file/install/ackermann_steering_controller:/home/libok/um_file/install/steering_controllers_library:/home/libok/um_file/install/robotiq_hardware_tests:/home/libok/um_file/install/robotiq_driver:/home/libok/um_file/install/ros2srrc_robots:/home/libok/um_file/install/ros2srrc_moveit:/home/libok/um_file/install/ros2srrc_launch:/home/libok/um_file/install/ros2srrc_gazebo:/home/libok/um_file/install/ros2srrc_endeffectors:/home/libok/um_file/install/ros2srrc_data:/home/libok/um_file/install/robotiq_controllers:/home/libok/um_file/install/range_sensor_broadcaster:/home/libok/um_file/install/position_controllers:/home/libok/um_file/install/pose_broadcaster:/home/libok/um_file/install/pid_controller:/home/libok/um_file/install/mecanum_drive_controller:/home/libok/um_file/install/joint_trajectory_controller:/home/libok/um_file/install/joint_state_broadcaster:/home/libok/um_file/install/imu_sensor_broadcaster:/home/libok/um_file/install/gripper_controllers:/home/libok/um_file/install/gpio_controllers:/home/libok/um_file/install/effort_controllers:/home/libok/um_file/install/forward_command_controller:/home/libok/um_file/install/force_torque_sensor_broadcaster:/home/libok/um_file/install/diff_drive_controller:/home/libok/um_file/install/admittance_controller:/opt/ros/humble /usr/local/bin/cmake --build /home/libok/um_file/build/robotiq_driver -- -j18 -l18[0m
[155.489s] [34mcolcon.colcon_core.event_handler.log_command[0m [1;30mDEBUG[0m [32mInvoked command in '/home/libok/um_file/build/robotiq_controllers' returned '0': CMAKE_PREFIX_PATH=${CMAKE_PREFIX_PATH}:/opt/ros/humble /usr/local/bin/cmake /home/libok/um_file/ros2_robotiq_gripper/robotiq_controllers -DCMAKE_INSTALL_PREFIX=/home/libok/um_file/install/robotiq_controllers[0m
[155.491s] [34mcolcon.colcon_core.shell[0m [1;30mLevel 1[0m create_environment_hook('tricycle_controller', 'cmake_prefix_path')
[155.492s] [34mcolcon.colcon_core.shell[0m [1;30mINFO[0m Creating environment hook '/home/libok/um_file/install/tricycle_controller/share/tricycle_controller/hook/cmake_prefix_path.ps1'
[155.495s] [34mcolcon.colcon_core.event_handler.log_command[0m [1;30mDEBUG[0m [32mInvoking command in '/home/libok/um_file/build/robotiq_controllers': CMAKE_PREFIX_PATH=${CMAKE_PREFIX_PATH}:/opt/ros/humble /usr/local/bin/cmake --build /home/libok/um_file/build/robotiq_controllers -- -j18 -l18[0m
[155.496s] [34mcolcon.colcon_core.event_handler.log_command[0m [1;30mDEBUG[0m [32mInvoked command in '/home/libok/um_file/build/ros2srrc_ar4' returned '0': CMAKE_PREFIX_PATH=${CMAKE_PREFIX_PATH}:/opt/ros/humble /usr/local/bin/cmake /home/libok/um_file/packages/ros2srrc_ar4 -DCMAKE_INSTALL_PREFIX=/home/libok/um_file/install/ros2srrc_ar4[0m
[155.499s] [34mcolcon.colcon_core.shell[0m [1;30mINFO[0m Creating environment descriptor '/home/libok/um_file/install/tricycle_controller/share/tricycle_controller/hook/cmake_prefix_path.dsv'
[155.500s] [34mcolcon.colcon_core.shell[0m [1;30mINFO[0m Creating environment hook '/home/libok/um_file/install/tricycle_controller/share/tricycle_controller/hook/cmake_prefix_path.sh'
[155.503s] [34mcolcon.colcon_core.event_handler.log_command[0m [1;30mDEBUG[0m [32mInvoking command in '/home/libok/um_file/build/ros2srrc_ar4': CMAKE_PREFIX_PATH=${CMAKE_PREFIX_PATH}:/opt/ros/humble /usr/local/bin/cmake --build /home/libok/um_file/build/ros2srrc_ar4 -- -j18 -l18[0m
[155.505s] [34mcolcon.colcon_core.event_handler.log_command[0m [1;30mDEBUG[0m [32mInvoked command in '/home/libok/um_file/build/gpio_controllers' returned '0': CMAKE_PREFIX_PATH=${CMAKE_PREFIX_PATH}:/opt/ros/humble /usr/local/bin/cmake --install /home/libok/um_file/build/gpio_controllers[0m
[155.508s] [34mcolcon.colcon_core.environment[0m [1;30mLevel 1[0m checking '/home/libok/um_file/install/tricycle_controller/lib'
[155.509s] [34mcolcon.colcon_core.shell[0m [1;30mLevel 1[0m create_environment_hook('tricycle_controller', 'ld_library_path_lib')
[155.510s] [34mcolcon.colcon_core.shell[0m [1;30mINFO[0m Creating environment hook '/home/libok/um_file/install/tricycle_controller/share/tricycle_controller/hook/ld_library_path_lib.ps1'
[155.511s] [34mcolcon.colcon_core.event_handler.log_command[0m [1;30mDEBUG[0m [32mInvoked command in '/home/libok/um_file/build/tricycle_controller' returned '0': CMAKE_PREFIX_PATH=${CMAKE_PREFIX_PATH}:/opt/ros/humble /usr/local/bin/cmake --install /home/libok/um_file/build/tricycle_controller[0m
[155.513s] [34mcolcon.colcon_core.shell[0m [1;30mINFO[0m Creating environment descriptor '/home/libok/um_file/install/tricycle_controller/share/tricycle_controller/hook/ld_library_path_lib.dsv'
[155.515s] [34mcolcon.colcon_core.shell[0m [1;30mINFO[0m Creating environment hook '/home/libok/um_file/install/tricycle_controller/share/tricycle_controller/hook/ld_library_path_lib.sh'
[155.516s] [34mcolcon.colcon_core.environment[0m [1;30mLevel 1[0m checking '/home/libok/um_file/install/tricycle_controller/bin'
[155.516s] [34mcolcon.colcon_core.environment[0m [1;30mLevel 1[0m checking '/home/libok/um_file/install/tricycle_controller/lib/pkgconfig/tricycle_controller.pc'
[155.517s] [34mcolcon.colcon_core.environment[0m [1;30mLevel 1[0m checking '/home/libok/um_file/install/tricycle_controller/lib/python3.10/site-packages'
[155.519s] [34mcolcon.colcon_core.environment[0m [1;30mLevel 1[0m checking '/home/libok/um_file/install/tricycle_controller/bin'
[155.521s] [34mcolcon.colcon_core.shell[0m [1;30mINFO[0m Creating package script '/home/libok/um_file/install/tricycle_controller/share/tricycle_controller/package.ps1'
[155.523s] [34mcolcon.colcon_core.shell[0m [1;30mINFO[0m Creating package descriptor '/home/libok/um_file/install/tricycle_controller/share/tricycle_controller/package.dsv'
[155.525s] [34mcolcon.colcon_core.shell[0m [1;30mINFO[0m Creating package script '/home/libok/um_file/install/tricycle_controller/share/tricycle_controller/package.sh'
[155.527s] [34mcolcon.colcon_core.shell[0m [1;30mINFO[0m Creating package script '/home/libok/um_file/install/tricycle_controller/share/tricycle_controller/package.bash'
[155.528s] [34mcolcon.colcon_core.shell[0m [1;30mINFO[0m Creating package script '/home/libok/um_file/install/tricycle_controller/share/tricycle_controller/package.zsh'
[155.531s] [34mcolcon.colcon_core.environment[0m [1;30mLevel 1[0m create_file_with_runtime_dependencies(/home/libok/um_file/install/tricycle_controller/share/colcon-core/packages/tricycle_controller)
[155.534s] [34mcolcon.colcon_core.environment[0m [1;30mLevel 1[0m create_environment_scripts_only(tricycle_controller)
[155.535s] [34mcolcon.colcon_core.environment[0m [1;30mLevel 1[0m checking '/home/libok/um_file/install/tricycle_controller' for CMake module files
[155.537s] [34mcolcon.colcon_core.environment[0m [1;30mLevel 1[0m checking '/home/libok/um_file/install/tricycle_controller' for CMake config files
[155.538s] [34mcolcon.colcon_core.shell[0m [1;30mLevel 1[0m create_environment_hook('tricycle_controller', 'cmake_prefix_path')
[155.539s] [34mcolcon.colcon_core.shell[0m [1;30mINFO[0m Creating environment hook '/home/libok/um_file/install/tricycle_controller/share/tricycle_controller/hook/cmake_prefix_path.ps1'
[155.541s] [34mcolcon.colcon_core.shell[0m [1;30mINFO[0m Creating environment descriptor '/home/libok/um_file/install/tricycle_controller/share/tricycle_controller/hook/cmake_prefix_path.dsv'
[155.543s] [34mcolcon.colcon_core.shell[0m [1;30mINFO[0m Creating environment hook '/home/libok/um_file/install/tricycle_controller/share/tricycle_controller/hook/cmake_prefix_path.sh'
[155.545s] [34mcolcon.colcon_core.environment[0m [1;30mLevel 1[0m checking '/home/libok/um_file/install/tricycle_controller/lib'
[155.546s] [34mcolcon.colcon_core.shell[0m [1;30mLevel 1[0m create_environment_hook('tricycle_controller', 'ld_library_path_lib')
[155.547s] [34mcolcon.colcon_core.shell[0m [1;30mINFO[0m Creating environment hook '/home/libok/um_file/install/tricycle_controller/share/tricycle_controller/hook/ld_library_path_lib.ps1'
[155.549s] [34mcolcon.colcon_core.shell[0m [1;30mINFO[0m Creating environment descriptor '/home/libok/um_file/install/tricycle_controller/share/tricycle_controller/hook/ld_library_path_lib.dsv'
[155.550s] [34mcolcon.colcon_core.shell[0m [1;30mINFO[0m Creating environment hook '/home/libok/um_file/install/tricycle_controller/share/tricycle_controller/hook/ld_library_path_lib.sh'
[155.553s] [34mcolcon.colcon_core.environment[0m [1;30mLevel 1[0m checking '/home/libok/um_file/install/tricycle_controller/bin'
[155.553s] [34mcolcon.colcon_core.environment[0m [1;30mLevel 1[0m checking '/home/libok/um_file/install/tricycle_controller/lib/pkgconfig/tricycle_controller.pc'
[155.554s] [34mcolcon.colcon_core.environment[0m [1;30mLevel 1[0m checking '/home/libok/um_file/install/tricycle_controller/lib/python3.10/site-packages'
[155.556s] [34mcolcon.colcon_core.environment[0m [1;30mLevel 1[0m checking '/home/libok/um_file/install/tricycle_controller/bin'
[155.557s] [34mcolcon.colcon_core.shell[0m [1;30mINFO[0m Creating package script '/home/libok/um_file/install/tricycle_controller/share/tricycle_controller/package.ps1'
[155.559s] [34mcolcon.colcon_core.shell[0m [1;30mINFO[0m Creating package descriptor '/home/libok/um_file/install/tricycle_controller/share/tricycle_controller/package.dsv'
[155.561s] [34mcolcon.colcon_core.shell[0m [1;30mINFO[0m Creating package script '/home/libok/um_file/install/tricycle_controller/share/tricycle_controller/package.sh'
[155.562s] [34mcolcon.colcon_core.shell[0m [1;30mINFO[0m Creating package script '/home/libok/um_file/install/tricycle_controller/share/tricycle_controller/package.bash'
[155.564s] [34mcolcon.colcon_core.shell[0m [1;30mINFO[0m Creating package script '/home/libok/um_file/install/tricycle_controller/share/tricycle_controller/package.zsh'
[155.566s] [34mcolcon.colcon_core.environment[0m [1;30mLevel 1[0m create_file_with_runtime_dependencies(/home/libok/um_file/install/tricycle_controller/share/colcon-core/packages/tricycle_controller)
[155.575s] [34mcolcon.colcon_core.event_handler.log_command[0m [1;30mDEBUG[0m [32mInvoked command in '/home/libok/um_file/build/ur_moveit_config' returned '0': CMAKE_PREFIX_PATH=${CMAKE_PREFIX_PATH}:/opt/ros/humble /usr/local/bin/cmake --build /home/libok/um_file/build/ur_moveit_config -- -j18 -l18[0m
[155.579s] [34mcolcon.colcon_ros.task.ament_cmake.build[0m [1;30mINFO[0m Building ROS package in '/home/libok/um_file/ros2srrc_endeffectors' with build type 'ament_cmake'
[155.580s] [34mcolcon.colcon_cmake.task.cmake.build[0m [1;30mINFO[0m Building CMake package in '/home/libok/um_file/ros2srrc_endeffectors'
[155.581s] [34mcolcon.colcon_core.shell[0m [1;30mINFO[0m Skip shell extension 'powershell' for command environment: Not usable outside of PowerShell
[155.582s] [34mcolcon.colcon_core.shell[0m [1;30mDEBUG[0m [32mSkip shell extension 'dsv' for command environment[0m
[155.586s] [34mcolcon.colcon_core.event_handler.log_command[0m [1;30mDEBUG[0m [32mInvoking command in '/home/libok/um_file/build/ur_moveit_config': CMAKE_PREFIX_PATH=${CMAKE_PREFIX_PATH}:/opt/ros/humble /usr/local/bin/cmake --install /home/libok/um_file/build/ur_moveit_config[0m
[155.609s] [34mcolcon.colcon_ros.task.ament_cmake.build[0m [1;30mINFO[0m Building ROS package in '/home/libok/um_file/ros2srrc_gazebo' with build type 'ament_cmake'
[155.610s] [34mcolcon.colcon_cmake.task.cmake.build[0m [1;30mINFO[0m Building CMake package in '/home/libok/um_file/ros2srrc_gazebo'
[155.613s] [34mcolcon.colcon_core.shell[0m [1;30mINFO[0m Skip shell extension 'powershell' for command environment: Not usable outside of PowerShell
[155.613s] [34mcolcon.colcon_core.shell[0m [1;30mDEBUG[0m [32mSkip shell extension 'dsv' for command environment[0m
[155.645s] [34mcolcon.colcon_core.event_handler.log_command[0m [1;30mDEBUG[0m [32mInvoked command in '/home/libok/um_file/build/ackermann_steering_controller' returned '0': CMAKE_PREFIX_PATH=/home/libok/um_file/install/steering_controllers_library:/home/libok/um_file/install/ur:/home/libok/um_file/install/ur_calibration:/home/libok/um_file/install/ur_robot_driver:/home/libok/um_file/install/ur_bringup:/home/libok/um_file/install/robotiq_description:/home/libok/um_file/install/ros2_controllers:/home/libok/um_file/install/velocity_controllers:/home/libok/um_file/install/ur_controllers:/home/libok/um_file/install/ur_msgs:/home/libok/um_file/install/ur_moveit_config:/home/libok/um_file/install/ur_dashboard_msgs:/home/libok/um_file/install/tricycle_steering_controller:/home/libok/um_file/install/tricycle_controller:/home/libok/um_file/install/bicycle_steering_controller:/home/libok/um_file/install/ackermann_steering_controller:/home/libok/um_file/install/robotiq_hardware_tests:/home/libok/um_file/install/robotiq_driver:/home/libok/um_file/install/serial:/home/libok/um_file/install/ros2srrc_robots:/home/libok/um_file/install/ros2srrc_moveit:/home/libok/um_file/install/ros2srrc_launch:/home/libok/um_file/install/ros2srrc_gazebo:/home/libok/um_file/install/ros2srrc_endeffectors:/home/libok/um_file/install/ros2srrc_data:/home/libok/um_file/install/robotiq_controllers:/home/libok/um_file/install/range_sensor_broadcaster:/home/libok/um_file/install/position_controllers:/home/libok/um_file/install/pose_broadcaster:/home/libok/um_file/install/pid_controller:/home/libok/um_file/install/mecanum_drive_controller:/home/libok/um_file/install/joint_trajectory_controller:/home/libok/um_file/install/joint_state_broadcaster:/home/libok/um_file/install/imu_sensor_broadcaster:/home/libok/um_file/install/gripper_controllers:/home/libok/um_file/install/gpio_controllers:/home/libok/um_file/install/effort_controllers:/home/libok/um_file/install/forward_command_controller:/home/libok/um_file/install/force_torque_sensor_broadcaster:/home/libok/um_file/install/diff_drive_controller:/home/libok/um_file/install/admittance_controller:/opt/ros/humble LD_LIBRARY_PATH=/home/libok/um_file/install/steering_controllers_library/lib:/home/libok/um_file/install/ur_robot_driver/lib:/home/libok/um_file/install/velocity_controllers/lib:/home/libok/um_file/install/ur_controllers/lib:/home/libok/um_file/install/ur_msgs/lib:/home/libok/um_file/install/ur_dashboard_msgs/lib:/home/libok/um_file/install/tricycle_steering_controller/lib:/home/libok/um_file/install/tricycle_controller/lib:/home/libok/um_file/install/bicycle_steering_controller/lib:/home/libok/um_file/install/ackermann_steering_controller/lib:/home/libok/um_file/install/robotiq_driver/lib:/home/libok/um_file/install/serial/lib:/home/libok/um_file/install/ros2srrc_data/lib:/home/libok/um_file/install/robotiq_controllers/lib:/home/libok/um_file/install/range_sensor_broadcaster/lib:/home/libok/um_file/install/position_controllers/lib:/home/libok/um_file/install/pose_broadcaster/lib:/home/libok/um_file/install/pid_controller/lib:/home/libok/um_file/install/mecanum_drive_controller/lib:/home/libok/um_file/install/joint_trajectory_controller/lib:/home/libok/um_file/install/joint_state_broadcaster/lib:/home/libok/um_file/install/imu_sensor_broadcaster/lib:/home/libok/um_file/install/gripper_controllers/lib:/home/libok/um_file/install/gpio_controllers/lib:/home/libok/um_file/install/effort_controllers/lib:/home/libok/um_file/install/forward_command_controller/lib:/home/libok/um_file/install/force_torque_sensor_broadcaster/lib:/home/libok/um_file/install/diff_drive_controller/lib:/home/libok/um_file/install/admittance_controller/lib:/usr/lib/x86_64-linux-gnu/gazebo-11/plugins:/opt/ros/humble/opt/rviz_ogre_vendor/lib:/opt/ros/humble/lib/x86_64-linux-gnu:/opt/ros/humble/lib:/home/libok/.mujoco/mujoco210/bin:/usr/lib/nvidia:/home/libok/.mujoco/mujoco210/bin:/usr/lib/nvidia /usr/local/bin/cmake /home/libok/um_file/ros2_controllers/ackermann_steering_controller -DCMAKE_INSTALL_PREFIX=/home/libok/um_file/install/ackermann_steering_controller[0m
[155.652s] [34mcolcon.colcon_core.event_handler.log_command[0m [1;30mDEBUG[0m [32mInvoking command in '/home/libok/um_file/build/ackermann_steering_controller': CMAKE_PREFIX_PATH=/home/libok/um_file/install/steering_controllers_library:/home/libok/um_file/install/ur:/home/libok/um_file/install/ur_calibration:/home/libok/um_file/install/ur_robot_driver:/home/libok/um_file/install/ur_bringup:/home/libok/um_file/install/robotiq_description:/home/libok/um_file/install/ros2_controllers:/home/libok/um_file/install/velocity_controllers:/home/libok/um_file/install/ur_controllers:/home/libok/um_file/install/ur_msgs:/home/libok/um_file/install/ur_moveit_config:/home/libok/um_file/install/ur_dashboard_msgs:/home/libok/um_file/install/tricycle_steering_controller:/home/libok/um_file/install/tricycle_controller:/home/libok/um_file/install/bicycle_steering_controller:/home/libok/um_file/install/ackermann_steering_controller:/home/libok/um_file/install/robotiq_hardware_tests:/home/libok/um_file/install/robotiq_driver:/home/libok/um_file/install/serial:/home/libok/um_file/install/ros2srrc_robots:/home/libok/um_file/install/ros2srrc_moveit:/home/libok/um_file/install/ros2srrc_launch:/home/libok/um_file/install/ros2srrc_gazebo:/home/libok/um_file/install/ros2srrc_endeffectors:/home/libok/um_file/install/ros2srrc_data:/home/libok/um_file/install/robotiq_controllers:/home/libok/um_file/install/range_sensor_broadcaster:/home/libok/um_file/install/position_controllers:/home/libok/um_file/install/pose_broadcaster:/home/libok/um_file/install/pid_controller:/home/libok/um_file/install/mecanum_drive_controller:/home/libok/um_file/install/joint_trajectory_controller:/home/libok/um_file/install/joint_state_broadcaster:/home/libok/um_file/install/imu_sensor_broadcaster:/home/libok/um_file/install/gripper_controllers:/home/libok/um_file/install/gpio_controllers:/home/libok/um_file/install/effort_controllers:/home/libok/um_file/install/forward_command_controller:/home/libok/um_file/install/force_torque_sensor_broadcaster:/home/libok/um_file/install/diff_drive_controller:/home/libok/um_file/install/admittance_controller:/opt/ros/humble LD_LIBRARY_PATH=/home/libok/um_file/install/steering_controllers_library/lib:/home/libok/um_file/install/ur_robot_driver/lib:/home/libok/um_file/install/velocity_controllers/lib:/home/libok/um_file/install/ur_controllers/lib:/home/libok/um_file/install/ur_msgs/lib:/home/libok/um_file/install/ur_dashboard_msgs/lib:/home/libok/um_file/install/tricycle_steering_controller/lib:/home/libok/um_file/install/tricycle_controller/lib:/home/libok/um_file/install/bicycle_steering_controller/lib:/home/libok/um_file/install/ackermann_steering_controller/lib:/home/libok/um_file/install/robotiq_driver/lib:/home/libok/um_file/install/serial/lib:/home/libok/um_file/install/ros2srrc_data/lib:/home/libok/um_file/install/robotiq_controllers/lib:/home/libok/um_file/install/range_sensor_broadcaster/lib:/home/libok/um_file/install/position_controllers/lib:/home/libok/um_file/install/pose_broadcaster/lib:/home/libok/um_file/install/pid_controller/lib:/home/libok/um_file/install/mecanum_drive_controller/lib:/home/libok/um_file/install/joint_trajectory_controller/lib:/home/libok/um_file/install/joint_state_broadcaster/lib:/home/libok/um_file/install/imu_sensor_broadcaster/lib:/home/libok/um_file/install/gripper_controllers/lib:/home/libok/um_file/install/gpio_controllers/lib:/home/libok/um_file/install/effort_controllers/lib:/home/libok/um_file/install/forward_command_controller/lib:/home/libok/um_file/install/force_torque_sensor_broadcaster/lib:/home/libok/um_file/install/diff_drive_controller/lib:/home/libok/um_file/install/admittance_controller/lib:/usr/lib/x86_64-linux-gnu/gazebo-11/plugins:/opt/ros/humble/opt/rviz_ogre_vendor/lib:/opt/ros/humble/lib/x86_64-linux-gnu:/opt/ros/humble/lib:/home/libok/.mujoco/mujoco210/bin:/usr/lib/nvidia:/home/libok/.mujoco/mujoco210/bin:/usr/lib/nvidia /usr/local/bin/cmake --build /home/libok/um_file/build/ackermann_steering_controller -- -j18 -l18[0m
[155.678s] [34mcolcon.colcon_core.event_handler.log_command[0m [1;30mDEBUG[0m [32mInvoking command in '/home/libok/um_file/build/ros2srrc_endeffectors': CMAKE_PREFIX_PATH=${CMAKE_PREFIX_PATH}:/opt/ros/humble /usr/local/bin/cmake /home/libok/um_file/ros2srrc_endeffectors -DCMAKE_INSTALL_PREFIX=/home/libok/um_file/install/ros2srrc_endeffectors[0m
[155.709s] [34mcolcon.colcon_core.event_handler.log_command[0m [1;30mDEBUG[0m [32mInvoking command in '/home/libok/um_file/build/ros2srrc_gazebo': CMAKE_PREFIX_PATH=${CMAKE_PREFIX_PATH}:/opt/ros/humble /usr/local/bin/cmake /home/libok/um_file/ros2srrc_gazebo -DCMAKE_INSTALL_PREFIX=/home/libok/um_file/install/ros2srrc_gazebo[0m
[164.995s] [34mcolcon.colcon_core.event_handler.log_command[0m [1;30mDEBUG[0m [32mInvoked command in '/home/libok/um_file/build/forward_command_controller' returned '0': CMAKE_PREFIX_PATH=${CMAKE_PREFIX_PATH}:/opt/ros/humble /usr/local/bin/cmake --build /home/libok/um_file/build/forward_command_controller -- -j18 -l18[0m
[164.999s] [34mcolcon.colcon_core.event_handler.log_command[0m [1;30mDEBUG[0m [32mInvoking command in '/home/libok/um_file/build/forward_command_controller': CMAKE_PREFIX_PATH=${CMAKE_PREFIX_PATH}:/opt/ros/humble /usr/local/bin/cmake --install /home/libok/um_file/build/forward_command_controller[0m
[189.210s] [34mcolcon.colcon_core.event_handler.log_command[0m [1;30mDEBUG[0m [32mInvoked command in '/home/libok/um_file/build/force_torque_sensor_broadcaster' returned '0': CMAKE_PREFIX_PATH=${CMAKE_PREFIX_PATH}:/opt/ros/humble /usr/local/bin/cmake --build /home/libok/um_file/build/force_torque_sensor_broadcaster -- -j18 -l18[0m
[189.303s] [34mcolcon.colcon_core.environment[0m [1;30mLevel 1[0m create_environment_scripts_only(ur_moveit_config)
[189.309s] [34mcolcon.colcon_core.environment[0m [1;30mLevel 1[0m checking '/home/libok/um_file/install/ur_moveit_config' for CMake module files
[189.332s] [34mcolcon.colcon_core.environment[0m [1;30mLevel 1[0m checking '/home/libok/um_file/install/ur_moveit_config' for CMake config files
[189.334s] [34mcolcon.colcon_core.shell[0m [1;30mLevel 1[0m create_environment_hook('ur_moveit_config', 'cmake_prefix_path')
[189.336s] [34mcolcon.colcon_core.shell[0m [1;30mINFO[0m Creating environment hook '/home/libok/um_file/install/ur_moveit_config/share/ur_moveit_config/hook/cmake_prefix_path.ps1'
[189.357s] [34mcolcon.colcon_core.shell[0m [1;30mINFO[0m Creating environment descriptor '/home/libok/um_file/install/ur_moveit_config/share/ur_moveit_config/hook/cmake_prefix_path.dsv'
[189.366s] [34mcolcon.colcon_core.event_handler.log_command[0m [1;30mDEBUG[0m [32mInvoking command in '/home/libok/um_file/build/force_torque_sensor_broadcaster': CMAKE_PREFIX_PATH=${CMAKE_PREFIX_PATH}:/opt/ros/humble /usr/local/bin/cmake --install /home/libok/um_file/build/force_torque_sensor_broadcaster[0m
[189.370s] [34mcolcon.colcon_core.shell[0m [1;30mINFO[0m Creating environment hook '/home/libok/um_file/install/ur_moveit_config/share/ur_moveit_config/hook/cmake_prefix_path.sh'
[189.373s] [34mcolcon.colcon_core.event_handler.log_command[0m [1;30mDEBUG[0m [32mInvoked command in '/home/libok/um_file/build/robotiq_controllers' returned '0': CMAKE_PREFIX_PATH=${CMAKE_PREFIX_PATH}:/opt/ros/humble /usr/local/bin/cmake --build /home/libok/um_file/build/robotiq_controllers -- -j18 -l18[0m
[189.385s] [34mcolcon.colcon_core.environment[0m [1;30mLevel 1[0m checking '/home/libok/um_file/install/ur_moveit_config/bin'
[189.388s] [34mcolcon.colcon_core.event_handler.log_command[0m [1;30mDEBUG[0m [32mInvoking command in '/home/libok/um_file/build/robotiq_controllers': CMAKE_PREFIX_PATH=${CMAKE_PREFIX_PATH}:/opt/ros/humble /usr/local/bin/cmake --install /home/libok/um_file/build/robotiq_controllers[0m
[189.389s] [34mcolcon.colcon_core.environment[0m [1;30mLevel 1[0m checking '/home/libok/um_file/install/ur_moveit_config/lib/pkgconfig/ur_moveit_config.pc'
[189.392s] [34mcolcon.colcon_core.environment[0m [1;30mLevel 1[0m checking '/home/libok/um_file/install/ur_moveit_config/lib/python3.10/site-packages'
[189.399s] [34mcolcon.colcon_core.environment[0m [1;30mLevel 1[0m checking '/home/libok/um_file/install/ur_moveit_config/bin'
[189.403s] [34mcolcon.colcon_core.shell[0m [1;30mINFO[0m Creating package script '/home/libok/um_file/install/ur_moveit_config/share/ur_moveit_config/package.ps1'
[189.412s] [34mcolcon.colcon_core.event_handler.log_command[0m [1;30mDEBUG[0m [32mInvoked command in '/home/libok/um_file/build/ros2srrc_ar4' returned '0': CMAKE_PREFIX_PATH=${CMAKE_PREFIX_PATH}:/opt/ros/humble /usr/local/bin/cmake --build /home/libok/um_file/build/ros2srrc_ar4 -- -j18 -l18[0m
[189.424s] [34mcolcon.colcon_core.event_handler.log_command[0m [1;30mDEBUG[0m [32mInvoking command in '/home/libok/um_file/build/ros2srrc_ar4': CMAKE_PREFIX_PATH=${CMAKE_PREFIX_PATH}:/opt/ros/humble /usr/local/bin/cmake --install /home/libok/um_file/build/ros2srrc_ar4[0m
[189.435s] [34mcolcon.colcon_core.event_handler.log_command[0m [1;30mDEBUG[0m [32mInvoked command in '/home/libok/um_file/build/ur_moveit_config' returned '0': CMAKE_PREFIX_PATH=${CMAKE_PREFIX_PATH}:/opt/ros/humble /usr/local/bin/cmake --install /home/libok/um_file/build/ur_moveit_config[0m
[189.440s] [34mcolcon.colcon_core.shell[0m [1;30mINFO[0m Creating package descriptor '/home/libok/um_file/install/ur_moveit_config/share/ur_moveit_config/package.dsv'
[189.444s] [34mcolcon.colcon_core.shell[0m [1;30mINFO[0m Creating package script '/home/libok/um_file/install/ur_moveit_config/share/ur_moveit_config/package.sh'
[189.448s] [34mcolcon.colcon_core.shell[0m [1;30mINFO[0m Creating package script '/home/libok/um_file/install/ur_moveit_config/share/ur_moveit_config/package.bash'
[189.451s] [34mcolcon.colcon_core.shell[0m [1;30mINFO[0m Creating package script '/home/libok/um_file/install/ur_moveit_config/share/ur_moveit_config/package.zsh'
[189.455s] [34mcolcon.colcon_core.environment[0m [1;30mLevel 1[0m create_file_with_runtime_dependencies(/home/libok/um_file/install/ur_moveit_config/share/colcon-core/packages/ur_moveit_config)
[189.460s] [34mcolcon.colcon_core.environment[0m [1;30mLevel 1[0m create_environment_scripts_only(ur_moveit_config)
[189.463s] [34mcolcon.colcon_core.environment[0m [1;30mLevel 1[0m checking '/home/libok/um_file/install/ur_moveit_config' for CMake module files
[189.467s] [34mcolcon.colcon_core.environment[0m [1;30mLevel 1[0m checking '/home/libok/um_file/install/ur_moveit_config' for CMake config files
[189.469s] [34mcolcon.colcon_core.shell[0m [1;30mLevel 1[0m create_environment_hook('ur_moveit_config', 'cmake_prefix_path')
[189.472s] [34mcolcon.colcon_core.shell[0m [1;30mINFO[0m Creating environment hook '/home/libok/um_file/install/ur_moveit_config/share/ur_moveit_config/hook/cmake_prefix_path.ps1'
[189.477s] [34mcolcon.colcon_core.shell[0m [1;30mINFO[0m Creating environment descriptor '/home/libok/um_file/install/ur_moveit_config/share/ur_moveit_config/hook/cmake_prefix_path.dsv'
[189.481s] [34mcolcon.colcon_core.shell[0m [1;30mINFO[0m Creating environment hook '/home/libok/um_file/install/ur_moveit_config/share/ur_moveit_config/hook/cmake_prefix_path.sh'
[189.487s] [34mcolcon.colcon_core.environment[0m [1;30mLevel 1[0m checking '/home/libok/um_file/install/ur_moveit_config/bin'
[189.487s] [34mcolcon.colcon_core.environment[0m [1;30mLevel 1[0m checking '/home/libok/um_file/install/ur_moveit_config/lib/pkgconfig/ur_moveit_config.pc'
[189.490s] [34mcolcon.colcon_core.environment[0m [1;30mLevel 1[0m checking '/home/libok/um_file/install/ur_moveit_config/lib/python3.10/site-packages'
[189.496s] [34mcolcon.colcon_core.environment[0m [1;30mLevel 1[0m checking '/home/libok/um_file/install/ur_moveit_config/bin'
[189.500s] [34mcolcon.colcon_core.shell[0m [1;30mINFO[0m Creating package script '/home/libok/um_file/install/ur_moveit_config/share/ur_moveit_config/package.ps1'
[189.509s] [34mcolcon.colcon_core.shell[0m [1;30mINFO[0m Creating package descriptor '/home/libok/um_file/install/ur_moveit_config/share/ur_moveit_config/package.dsv'
[189.517s] [34mcolcon.colcon_core.shell[0m [1;30mINFO[0m Creating package script '/home/libok/um_file/install/ur_moveit_config/share/ur_moveit_config/package.sh'
[189.527s] [34mcolcon.colcon_core.shell[0m [1;30mINFO[0m Creating package script '/home/libok/um_file/install/ur_moveit_config/share/ur_moveit_config/package.bash'
[189.533s] [34mcolcon.colcon_core.shell[0m [1;30mINFO[0m Creating package script '/home/libok/um_file/install/ur_moveit_config/share/ur_moveit_config/package.zsh'
[189.538s] [34mcolcon.colcon_core.environment[0m [1;30mLevel 1[0m create_file_with_runtime_dependencies(/home/libok/um_file/install/ur_moveit_config/share/colcon-core/packages/ur_moveit_config)
[189.547s] [34mcolcon.colcon_ros.task.ament_cmake.build[0m [1;30mINFO[0m Building ROS package in '/home/libok/um_file/packages/ros2srrc_iiwa' with build type 'ament_cmake'
[189.549s] [34mcolcon.colcon_cmake.task.cmake.build[0m [1;30mINFO[0m Building CMake package in '/home/libok/um_file/packages/ros2srrc_iiwa'
[189.551s] [34mcolcon.colcon_core.shell[0m [1;30mINFO[0m Skip shell extension 'powershell' for command environment: Not usable outside of PowerShell
[189.552s] [34mcolcon.colcon_core.shell[0m [1;30mDEBUG[0m [32mSkip shell extension 'dsv' for command environment[0m
[189.650s] [34mcolcon.colcon_core.event_handler.log_command[0m [1;30mDEBUG[0m [32mInvoking command in '/home/libok/um_file/build/ros2srrc_iiwa': CMAKE_PREFIX_PATH=${CMAKE_PREFIX_PATH}:/opt/ros/humble /usr/local/bin/cmake /home/libok/um_file/packages/ros2srrc_iiwa -DCMAKE_INSTALL_PREFIX=/home/libok/um_file/install/ros2srrc_iiwa[0m
[201.491s] [34mcolcon.colcon_core.event_handler.log_command[0m [1;30mDEBUG[0m [32mInvoked command in '/home/libok/um_file/build/mecanum_drive_controller' returned '0': CMAKE_PREFIX_PATH=${CMAKE_PREFIX_PATH}:/opt/ros/humble /usr/local/bin/cmake --build /home/libok/um_file/build/mecanum_drive_controller -- -j18 -l18[0m
[201.526s] [34mcolcon.colcon_core.environment[0m [1;30mLevel 1[0m create_environment_scripts_only(forward_command_controller)
[201.529s] [34mcolcon.colcon_core.environment[0m [1;30mLevel 1[0m checking '/home/libok/um_file/install/forward_command_controller' for CMake module files
[201.545s] [34mcolcon.colcon_core.environment[0m [1;30mLevel 1[0m checking '/home/libok/um_file/install/forward_command_controller' for CMake config files
[201.546s] [34mcolcon.colcon_core.shell[0m [1;30mLevel 1[0m create_environment_hook('forward_command_controller', 'cmake_prefix_path')
[201.549s] [34mcolcon.colcon_core.shell[0m [1;30mINFO[0m Creating environment hook '/home/libok/um_file/install/forward_command_controller/share/forward_command_controller/hook/cmake_prefix_path.ps1'
[201.555s] [34mcolcon.colcon_core.shell[0m [1;30mINFO[0m Creating environment descriptor '/home/libok/um_file/install/forward_command_controller/share/forward_command_controller/hook/cmake_prefix_path.dsv'
[201.557s] [34mcolcon.colcon_core.shell[0m [1;30mINFO[0m Creating environment hook '/home/libok/um_file/install/forward_command_controller/share/forward_command_controller/hook/cmake_prefix_path.sh'
[201.566s] [34mcolcon.colcon_core.environment[0m [1;30mLevel 1[0m checking '/home/libok/um_file/install/forward_command_controller/lib'
[201.570s] [34mcolcon.colcon_core.shell[0m [1;30mLevel 1[0m create_environment_hook('forward_command_controller', 'ld_library_path_lib')
[201.572s] [34mcolcon.colcon_core.shell[0m [1;30mINFO[0m Creating environment hook '/home/libok/um_file/install/forward_command_controller/share/forward_command_controller/hook/ld_library_path_lib.ps1'
[201.585s] [34mcolcon.colcon_core.shell[0m [1;30mINFO[0m Creating environment descriptor '/home/libok/um_file/install/forward_command_controller/share/forward_command_controller/hook/ld_library_path_lib.dsv'
[201.593s] [34mcolcon.colcon_core.shell[0m [1;30mINFO[0m Creating environment hook '/home/libok/um_file/install/forward_command_controller/share/forward_command_controller/hook/ld_library_path_lib.sh'
[201.595s] [34mcolcon.colcon_core.environment[0m [1;30mLevel 1[0m checking '/home/libok/um_file/install/forward_command_controller/bin'
[201.595s] [34mcolcon.colcon_core.environment[0m [1;30mLevel 1[0m checking '/home/libok/um_file/install/forward_command_controller/lib/pkgconfig/forward_command_controller.pc'
[201.597s] [34mcolcon.colcon_core.environment[0m [1;30mLevel 1[0m checking '/home/libok/um_file/install/forward_command_controller/lib/python3.10/site-packages'
[201.603s] [34mcolcon.colcon_core.environment[0m [1;30mLevel 1[0m checking '/home/libok/um_file/install/forward_command_controller/bin'
[201.609s] [34mcolcon.colcon_core.shell[0m [1;30mINFO[0m Creating package script '/home/libok/um_file/install/forward_command_controller/share/forward_command_controller/package.ps1'
[201.613s] [34mcolcon.colcon_core.shell[0m [1;30mINFO[0m Creating package descriptor '/home/libok/um_file/install/forward_command_controller/share/forward_command_controller/package.dsv'
[201.616s] [34mcolcon.colcon_core.shell[0m [1;30mINFO[0m Creating package script '/home/libok/um_file/install/forward_command_controller/share/forward_command_controller/package.sh'
[201.618s] [34mcolcon.colcon_core.shell[0m [1;30mINFO[0m Creating package script '/home/libok/um_file/install/forward_command_controller/share/forward_command_controller/package.bash'
[201.620s] [34mcolcon.colcon_core.shell[0m [1;30mINFO[0m Creating package script '/home/libok/um_file/install/forward_command_controller/share/forward_command_controller/package.zsh'
[201.626s] [34mcolcon.colcon_core.environment[0m [1;30mLevel 1[0m create_file_with_runtime_dependencies(/home/libok/um_file/install/forward_command_controller/share/colcon-core/packages/forward_command_controller)
[201.630s] [34mcolcon.colcon_core.event_handler.log_command[0m [1;30mDEBUG[0m [32mInvoking command in '/home/libok/um_file/build/mecanum_drive_controller': CMAKE_PREFIX_PATH=${CMAKE_PREFIX_PATH}:/opt/ros/humble /usr/local/bin/cmake --install /home/libok/um_file/build/mecanum_drive_controller[0m
[201.631s] [34mcolcon.colcon_core.environment[0m [1;30mLevel 1[0m create_environment_scripts_only(forward_command_controller)
[201.635s] [34mcolcon.colcon_core.environment[0m [1;30mLevel 1[0m checking '/home/libok/um_file/install/forward_command_controller' for CMake module files
[201.636s] [34mcolcon.colcon_core.event_handler.log_command[0m [1;30mDEBUG[0m [32mInvoked command in '/home/libok/um_file/build/ros2srrc_endeffectors' returned '0': CMAKE_PREFIX_PATH=${CMAKE_PREFIX_PATH}:/opt/ros/humble /usr/local/bin/cmake /home/libok/um_file/ros2srrc_endeffectors -DCMAKE_INSTALL_PREFIX=/home/libok/um_file/install/ros2srrc_endeffectors[0m
[201.642s] [34mcolcon.colcon_core.event_handler.log_command[0m [1;30mDEBUG[0m [32mInvoking command in '/home/libok/um_file/build/ros2srrc_endeffectors': CMAKE_PREFIX_PATH=${CMAKE_PREFIX_PATH}:/opt/ros/humble /usr/local/bin/cmake --build /home/libok/um_file/build/ros2srrc_endeffectors -- -j18 -l18[0m
[201.639s] [34mcolcon.colcon_core.environment[0m [1;30mLevel 1[0m checking '/home/libok/um_file/install/forward_command_controller' for CMake config files
[201.644s] [34mcolcon.colcon_core.shell[0m [1;30mLevel 1[0m create_environment_hook('forward_command_controller', 'cmake_prefix_path')
[201.646s] [34mcolcon.colcon_core.shell[0m [1;30mINFO[0m Creating environment hook '/home/libok/um_file/install/forward_command_controller/share/forward_command_controller/hook/cmake_prefix_path.ps1'
[201.652s] [34mcolcon.colcon_core.shell[0m [1;30mINFO[0m Creating environment descriptor '/home/libok/um_file/install/forward_command_controller/share/forward_command_controller/hook/cmake_prefix_path.dsv'
[201.657s] [34mcolcon.colcon_core.event_handler.log_command[0m [1;30mDEBUG[0m [32mInvoked command in '/home/libok/um_file/build/ros2srrc_gazebo' returned '0': CMAKE_PREFIX_PATH=${CMAKE_PREFIX_PATH}:/opt/ros/humble /usr/local/bin/cmake /home/libok/um_file/ros2srrc_gazebo -DCMAKE_INSTALL_PREFIX=/home/libok/um_file/install/ros2srrc_gazebo[0m
[201.661s] [34mcolcon.colcon_core.event_handler.log_command[0m [1;30mDEBUG[0m [32mInvoking command in '/home/libok/um_file/build/ros2srrc_gazebo': CMAKE_PREFIX_PATH=${CMAKE_PREFIX_PATH}:/opt/ros/humble /usr/local/bin/cmake --build /home/libok/um_file/build/ros2srrc_gazebo -- -j18 -l18[0m
[201.663s] [34mcolcon.colcon_core.shell[0m [1;30mINFO[0m Creating environment hook '/home/libok/um_file/install/forward_command_controller/share/forward_command_controller/hook/cmake_prefix_path.sh'
[201.666s] [34mcolcon.colcon_core.event_handler.log_command[0m [1;30mDEBUG[0m [32mInvoked command in '/home/libok/um_file/build/forward_command_controller' returned '0': CMAKE_PREFIX_PATH=${CMAKE_PREFIX_PATH}:/opt/ros/humble /usr/local/bin/cmake --install /home/libok/um_file/build/forward_command_controller[0m
[201.670s] [34mcolcon.colcon_core.environment[0m [1;30mLevel 1[0m checking '/home/libok/um_file/install/forward_command_controller/lib'
[201.671s] [34mcolcon.colcon_core.shell[0m [1;30mLevel 1[0m create_environment_hook('forward_command_controller', 'ld_library_path_lib')
[201.672s] [34mcolcon.colcon_core.shell[0m [1;30mINFO[0m Creating environment hook '/home/libok/um_file/install/forward_command_controller/share/forward_command_controller/hook/ld_library_path_lib.ps1'
[201.682s] [34mcolcon.colcon_core.shell[0m [1;30mINFO[0m Creating environment descriptor '/home/libok/um_file/install/forward_command_controller/share/forward_command_controller/hook/ld_library_path_lib.dsv'
[201.691s] [34mcolcon.colcon_core.shell[0m [1;30mINFO[0m Creating environment hook '/home/libok/um_file/install/forward_command_controller/share/forward_command_controller/hook/ld_library_path_lib.sh'
[201.693s] [34mcolcon.colcon_core.environment[0m [1;30mLevel 1[0m checking '/home/libok/um_file/install/forward_command_controller/bin'
[201.693s] [34mcolcon.colcon_core.environment[0m [1;30mLevel 1[0m checking '/home/libok/um_file/install/forward_command_controller/lib/pkgconfig/forward_command_controller.pc'
[201.694s] [34mcolcon.colcon_core.environment[0m [1;30mLevel 1[0m checking '/home/libok/um_file/install/forward_command_controller/lib/python3.10/site-packages'
[201.696s] [34mcolcon.colcon_core.environment[0m [1;30mLevel 1[0m checking '/home/libok/um_file/install/forward_command_controller/bin'
[201.697s] [34mcolcon.colcon_core.shell[0m [1;30mINFO[0m Creating package script '/home/libok/um_file/install/forward_command_controller/share/forward_command_controller/package.ps1'
[201.699s] [34mcolcon.colcon_core.shell[0m [1;30mINFO[0m Creating package descriptor '/home/libok/um_file/install/forward_command_controller/share/forward_command_controller/package.dsv'
[201.701s] [34mcolcon.colcon_core.shell[0m [1;30mINFO[0m Creating package script '/home/libok/um_file/install/forward_command_controller/share/forward_command_controller/package.sh'
[201.702s] [34mcolcon.colcon_core.shell[0m [1;30mINFO[0m Creating package script '/home/libok/um_file/install/forward_command_controller/share/forward_command_controller/package.bash'
[201.703s] [34mcolcon.colcon_core.shell[0m [1;30mINFO[0m Creating package script '/home/libok/um_file/install/forward_command_controller/share/forward_command_controller/package.zsh'
[201.705s] [34mcolcon.colcon_core.environment[0m [1;30mLevel 1[0m create_file_with_runtime_dependencies(/home/libok/um_file/install/forward_command_controller/share/colcon-core/packages/forward_command_controller)
[201.706s] [34mcolcon.colcon_core.environment[0m [1;30mLevel 1[0m create_environment_scripts_only(force_torque_sensor_broadcaster)
[201.707s] [34mcolcon.colcon_core.environment[0m [1;30mLevel 1[0m checking '/home/libok/um_file/install/force_torque_sensor_broadcaster' for CMake module files
[201.711s] [34mcolcon.colcon_core.event_handler.log_command[0m [1;30mDEBUG[0m [32mInvoked command in '/home/libok/um_file/build/force_torque_sensor_broadcaster' returned '0': CMAKE_PREFIX_PATH=${CMAKE_PREFIX_PATH}:/opt/ros/humble /usr/local/bin/cmake --install /home/libok/um_file/build/force_torque_sensor_broadcaster[0m
[201.713s] [34mcolcon.colcon_core.environment[0m [1;30mLevel 1[0m checking '/home/libok/um_file/install/force_torque_sensor_broadcaster' for CMake config files
[201.714s] [34mcolcon.colcon_core.shell[0m [1;30mLevel 1[0m create_environment_hook('force_torque_sensor_broadcaster', 'cmake_prefix_path')
[201.715s] [34mcolcon.colcon_core.shell[0m [1;30mINFO[0m Creating environment hook '/home/libok/um_file/install/force_torque_sensor_broadcaster/share/force_torque_sensor_broadcaster/hook/cmake_prefix_path.ps1'
[201.718s] [34mcolcon.colcon_core.shell[0m [1;30mINFO[0m Creating environment descriptor '/home/libok/um_file/install/force_torque_sensor_broadcaster/share/force_torque_sensor_broadcaster/hook/cmake_prefix_path.dsv'
[201.719s] [34mcolcon.colcon_core.shell[0m [1;30mINFO[0m Creating environment hook '/home/libok/um_file/install/force_torque_sensor_broadcaster/share/force_torque_sensor_broadcaster/hook/cmake_prefix_path.sh'
[201.722s] [34mcolcon.colcon_core.environment[0m [1;30mLevel 1[0m checking '/home/libok/um_file/install/force_torque_sensor_broadcaster/lib'
[201.723s] [34mcolcon.colcon_core.shell[0m [1;30mLevel 1[0m create_environment_hook('force_torque_sensor_broadcaster', 'ld_library_path_lib')
[201.724s] [34mcolcon.colcon_core.shell[0m [1;30mINFO[0m Creating environment hook '/home/libok/um_file/install/force_torque_sensor_broadcaster/share/force_torque_sensor_broadcaster/hook/ld_library_path_lib.ps1'
[201.726s] [34mcolcon.colcon_core.shell[0m [1;30mINFO[0m Creating environment descriptor '/home/libok/um_file/install/force_torque_sensor_broadcaster/share/force_torque_sensor_broadcaster/hook/ld_library_path_lib.dsv'
[201.727s] [34mcolcon.colcon_core.shell[0m [1;30mINFO[0m Creating environment hook '/home/libok/um_file/install/force_torque_sensor_broadcaster/share/force_torque_sensor_broadcaster/hook/ld_library_path_lib.sh'
[201.728s] [34mcolcon.colcon_core.environment[0m [1;30mLevel 1[0m checking '/home/libok/um_file/install/force_torque_sensor_broadcaster/bin'
[201.728s] [34mcolcon.colcon_core.environment[0m [1;30mLevel 1[0m checking '/home/libok/um_file/install/force_torque_sensor_broadcaster/lib/pkgconfig/force_torque_sensor_broadcaster.pc'
[201.729s] [34mcolcon.colcon_core.environment[0m [1;30mLevel 1[0m checking '/home/libok/um_file/install/force_torque_sensor_broadcaster/lib/python3.10/site-packages'
[201.730s] [34mcolcon.colcon_core.environment[0m [1;30mLevel 1[0m checking '/home/libok/um_file/install/force_torque_sensor_broadcaster/bin'
[201.731s] [34mcolcon.colcon_core.shell[0m [1;30mINFO[0m Creating package script '/home/libok/um_file/install/force_torque_sensor_broadcaster/share/force_torque_sensor_broadcaster/package.ps1'
[201.733s] [34mcolcon.colcon_core.shell[0m [1;30mINFO[0m Creating package descriptor '/home/libok/um_file/install/force_torque_sensor_broadcaster/share/force_torque_sensor_broadcaster/package.dsv'
[201.740s] [34mcolcon.colcon_core.shell[0m [1;30mINFO[0m Creating package script '/home/libok/um_file/install/force_torque_sensor_broadcaster/share/force_torque_sensor_broadcaster/package.sh'
[201.743s] [34mcolcon.colcon_core.shell[0m [1;30mINFO[0m Creating package script '/home/libok/um_file/install/force_torque_sensor_broadcaster/share/force_torque_sensor_broadcaster/package.bash'
[201.745s] [34mcolcon.colcon_core.shell[0m [1;30mINFO[0m Creating package script '/home/libok/um_file/install/force_torque_sensor_broadcaster/share/force_torque_sensor_broadcaster/package.zsh'
[201.747s] [34mcolcon.colcon_core.environment[0m [1;30mLevel 1[0m create_file_with_runtime_dependencies(/home/libok/um_file/install/force_torque_sensor_broadcaster/share/colcon-core/packages/force_torque_sensor_broadcaster)
[201.753s] [34mcolcon.colcon_core.environment[0m [1;30mLevel 1[0m create_environment_scripts_only(force_torque_sensor_broadcaster)
[201.756s] [34mcolcon.colcon_core.environment[0m [1;30mLevel 1[0m checking '/home/libok/um_file/install/force_torque_sensor_broadcaster' for CMake module files
[201.759s] [34mcolcon.colcon_core.environment[0m [1;30mLevel 1[0m checking '/home/libok/um_file/install/force_torque_sensor_broadcaster' for CMake config files
[201.762s] [34mcolcon.colcon_core.shell[0m [1;30mLevel 1[0m create_environment_hook('force_torque_sensor_broadcaster', 'cmake_prefix_path')
[201.763s] [34mcolcon.colcon_core.shell[0m [1;30mINFO[0m Creating environment hook '/home/libok/um_file/install/force_torque_sensor_broadcaster/share/force_torque_sensor_broadcaster/hook/cmake_prefix_path.ps1'
[201.764s] [34mcolcon.colcon_core.shell[0m [1;30mINFO[0m Creating environment descriptor '/home/libok/um_file/install/force_torque_sensor_broadcaster/share/force_torque_sensor_broadcaster/hook/cmake_prefix_path.dsv'
[201.765s] [34mcolcon.colcon_core.shell[0m [1;30mINFO[0m Creating environment hook '/home/libok/um_file/install/force_torque_sensor_broadcaster/share/force_torque_sensor_broadcaster/hook/cmake_prefix_path.sh'
[201.767s] [34mcolcon.colcon_core.environment[0m [1;30mLevel 1[0m checking '/home/libok/um_file/install/force_torque_sensor_broadcaster/lib'
[201.767s] [34mcolcon.colcon_core.shell[0m [1;30mLevel 1[0m create_environment_hook('force_torque_sensor_broadcaster', 'ld_library_path_lib')
[201.768s] [34mcolcon.colcon_core.shell[0m [1;30mINFO[0m Creating environment hook '/home/libok/um_file/install/force_torque_sensor_broadcaster/share/force_torque_sensor_broadcaster/hook/ld_library_path_lib.ps1'
[201.769s] [34mcolcon.colcon_core.shell[0m [1;30mINFO[0m Creating environment descriptor '/home/libok/um_file/install/force_torque_sensor_broadcaster/share/force_torque_sensor_broadcaster/hook/ld_library_path_lib.dsv'
[201.771s] [34mcolcon.colcon_core.shell[0m [1;30mINFO[0m Creating environment hook '/home/libok/um_file/install/force_torque_sensor_broadcaster/share/force_torque_sensor_broadcaster/hook/ld_library_path_lib.sh'
[201.772s] [34mcolcon.colcon_core.environment[0m [1;30mLevel 1[0m checking '/home/libok/um_file/install/force_torque_sensor_broadcaster/bin'
[201.772s] [34mcolcon.colcon_core.environment[0m [1;30mLevel 1[0m checking '/home/libok/um_file/install/force_torque_sensor_broadcaster/lib/pkgconfig/force_torque_sensor_broadcaster.pc'
[201.773s] [34mcolcon.colcon_core.environment[0m [1;30mLevel 1[0m checking '/home/libok/um_file/install/force_torque_sensor_broadcaster/lib/python3.10/site-packages'
[201.775s] [34mcolcon.colcon_core.environment[0m [1;30mLevel 1[0m checking '/home/libok/um_file/install/force_torque_sensor_broadcaster/bin'
[201.776s] [34mcolcon.colcon_core.shell[0m [1;30mINFO[0m Creating package script '/home/libok/um_file/install/force_torque_sensor_broadcaster/share/force_torque_sensor_broadcaster/package.ps1'
[201.777s] [34mcolcon.colcon_core.shell[0m [1;30mINFO[0m Creating package descriptor '/home/libok/um_file/install/force_torque_sensor_broadcaster/share/force_torque_sensor_broadcaster/package.dsv'
[201.779s] [34mcolcon.colcon_core.shell[0m [1;30mINFO[0m Creating package script '/home/libok/um_file/install/force_torque_sensor_broadcaster/share/force_torque_sensor_broadcaster/package.sh'
[201.780s] [34mcolcon.colcon_core.shell[0m [1;30mINFO[0m Creating package script '/home/libok/um_file/install/force_torque_sensor_broadcaster/share/force_torque_sensor_broadcaster/package.bash'
[201.781s] [34mcolcon.colcon_core.shell[0m [1;30mINFO[0m Creating package script '/home/libok/um_file/install/force_torque_sensor_broadcaster/share/force_torque_sensor_broadcaster/package.zsh'
[201.783s] [34mcolcon.colcon_core.environment[0m [1;30mLevel 1[0m create_file_with_runtime_dependencies(/home/libok/um_file/install/force_torque_sensor_broadcaster/share/colcon-core/packages/force_torque_sensor_broadcaster)
[201.783s] [34mcolcon.colcon_core.environment[0m [1;30mLevel 1[0m create_environment_scripts_only(robotiq_controllers)
[201.784s] [34mcolcon.colcon_core.environment[0m [1;30mLevel 1[0m checking '/home/libok/um_file/install/robotiq_controllers' for CMake module files
[201.788s] [34mcolcon.colcon_core.environment[0m [1;30mLevel 1[0m checking '/home/libok/um_file/install/robotiq_controllers' for CMake config files
[201.788s] [34mcolcon.colcon_core.event_handler.log_command[0m [1;30mDEBUG[0m [32mInvoked command in '/home/libok/um_file/build/robotiq_controllers' returned '0': CMAKE_PREFIX_PATH=${CMAKE_PREFIX_PATH}:/opt/ros/humble /usr/local/bin/cmake --install /home/libok/um_file/build/robotiq_controllers[0m
[201.789s] [34mcolcon.colcon_core.shell[0m [1;30mLevel 1[0m create_environment_hook('robotiq_controllers', 'cmake_prefix_path')
[201.790s] [34mcolcon.colcon_core.shell[0m [1;30mINFO[0m Creating environment hook '/home/libok/um_file/install/robotiq_controllers/share/robotiq_controllers/hook/cmake_prefix_path.ps1'
[201.792s] [34mcolcon.colcon_core.shell[0m [1;30mINFO[0m Creating environment descriptor '/home/libok/um_file/install/robotiq_controllers/share/robotiq_controllers/hook/cmake_prefix_path.dsv'
[201.793s] [34mcolcon.colcon_core.shell[0m [1;30mINFO[0m Creating environment hook '/home/libok/um_file/install/robotiq_controllers/share/robotiq_controllers/hook/cmake_prefix_path.sh'
[201.795s] [34mcolcon.colcon_core.environment[0m [1;30mLevel 1[0m checking '/home/libok/um_file/install/robotiq_controllers/lib'
[201.795s] [34mcolcon.colcon_core.shell[0m [1;30mLevel 1[0m create_environment_hook('robotiq_controllers', 'ld_library_path_lib')
[201.796s] [34mcolcon.colcon_core.shell[0m [1;30mINFO[0m Creating environment hook '/home/libok/um_file/install/robotiq_controllers/share/robotiq_controllers/hook/ld_library_path_lib.ps1'
[201.797s] [34mcolcon.colcon_core.shell[0m [1;30mINFO[0m Creating environment descriptor '/home/libok/um_file/install/robotiq_controllers/share/robotiq_controllers/hook/ld_library_path_lib.dsv'
[201.798s] [34mcolcon.colcon_core.shell[0m [1;30mINFO[0m Creating environment hook '/home/libok/um_file/install/robotiq_controllers/share/robotiq_controllers/hook/ld_library_path_lib.sh'
[201.799s] [34mcolcon.colcon_core.environment[0m [1;30mLevel 1[0m checking '/home/libok/um_file/install/robotiq_controllers/bin'
[201.799s] [34mcolcon.colcon_core.environment[0m [1;30mLevel 1[0m checking '/home/libok/um_file/install/robotiq_controllers/lib/pkgconfig/robotiq_controllers.pc'
[201.800s] [34mcolcon.colcon_core.environment[0m [1;30mLevel 1[0m checking '/home/libok/um_file/install/robotiq_controllers/lib/python3.10/site-packages'
[201.802s] [34mcolcon.colcon_core.environment[0m [1;30mLevel 1[0m checking '/home/libok/um_file/install/robotiq_controllers/bin'
[201.803s] [34mcolcon.colcon_core.shell[0m [1;30mINFO[0m Creating package script '/home/libok/um_file/install/robotiq_controllers/share/robotiq_controllers/package.ps1'
[201.805s] [34mcolcon.colcon_core.shell[0m [1;30mINFO[0m Creating package descriptor '/home/libok/um_file/install/robotiq_controllers/share/robotiq_controllers/package.dsv'
[201.807s] [34mcolcon.colcon_core.shell[0m [1;30mINFO[0m Creating package script '/home/libok/um_file/install/robotiq_controllers/share/robotiq_controllers/package.sh'
[201.810s] [34mcolcon.colcon_core.shell[0m [1;30mINFO[0m Creating package script '/home/libok/um_file/install/robotiq_controllers/share/robotiq_controllers/package.bash'
[201.811s] [34mcolcon.colcon_core.shell[0m [1;30mINFO[0m Creating package script '/home/libok/um_file/install/robotiq_controllers/share/robotiq_controllers/package.zsh'
[201.812s] [34mcolcon.colcon_core.environment[0m [1;30mLevel 1[0m create_file_with_runtime_dependencies(/home/libok/um_file/install/robotiq_controllers/share/colcon-core/packages/robotiq_controllers)
[201.814s] [34mcolcon.colcon_core.environment[0m [1;30mLevel 1[0m create_environment_scripts_only(robotiq_controllers)
[201.814s] [34mcolcon.colcon_core.environment[0m [1;30mLevel 1[0m checking '/home/libok/um_file/install/robotiq_controllers' for CMake module files
[201.816s] [34mcolcon.colcon_core.environment[0m [1;30mLevel 1[0m checking '/home/libok/um_file/install/robotiq_controllers' for CMake config files
[201.817s] [34mcolcon.colcon_core.shell[0m [1;30mLevel 1[0m create_environment_hook('robotiq_controllers', 'cmake_prefix_path')
[201.818s] [34mcolcon.colcon_core.shell[0m [1;30mINFO[0m Creating environment hook '/home/libok/um_file/install/robotiq_controllers/share/robotiq_controllers/hook/cmake_prefix_path.ps1'
[201.819s] [34mcolcon.colcon_core.shell[0m [1;30mINFO[0m Creating environment descriptor '/home/libok/um_file/install/robotiq_controllers/share/robotiq_controllers/hook/cmake_prefix_path.dsv'
[201.821s] [34mcolcon.colcon_core.shell[0m [1;30mINFO[0m Creating environment hook '/home/libok/um_file/install/robotiq_controllers/share/robotiq_controllers/hook/cmake_prefix_path.sh'
[201.823s] [34mcolcon.colcon_core.environment[0m [1;30mLevel 1[0m checking '/home/libok/um_file/install/robotiq_controllers/lib'
[201.823s] [34mcolcon.colcon_core.shell[0m [1;30mLevel 1[0m create_environment_hook('robotiq_controllers', 'ld_library_path_lib')
[201.824s] [34mcolcon.colcon_core.shell[0m [1;30mINFO[0m Creating environment hook '/home/libok/um_file/install/robotiq_controllers/share/robotiq_controllers/hook/ld_library_path_lib.ps1'
[201.825s] [34mcolcon.colcon_core.shell[0m [1;30mINFO[0m Creating environment descriptor '/home/libok/um_file/install/robotiq_controllers/share/robotiq_controllers/hook/ld_library_path_lib.dsv'
[201.826s] [34mcolcon.colcon_core.shell[0m [1;30mINFO[0m Creating environment hook '/home/libok/um_file/install/robotiq_controllers/share/robotiq_controllers/hook/ld_library_path_lib.sh'
[201.827s] [34mcolcon.colcon_core.environment[0m [1;30mLevel 1[0m checking '/home/libok/um_file/install/robotiq_controllers/bin'
[201.828s] [34mcolcon.colcon_core.environment[0m [1;30mLevel 1[0m checking '/home/libok/um_file/install/robotiq_controllers/lib/pkgconfig/robotiq_controllers.pc'
[201.829s] [34mcolcon.colcon_core.environment[0m [1;30mLevel 1[0m checking '/home/libok/um_file/install/robotiq_controllers/lib/python3.10/site-packages'
[201.830s] [34mcolcon.colcon_core.environment[0m [1;30mLevel 1[0m checking '/home/libok/um_file/install/robotiq_controllers/bin'
[201.831s] [34mcolcon.colcon_core.shell[0m [1;30mINFO[0m Creating package script '/home/libok/um_file/install/robotiq_controllers/share/robotiq_controllers/package.ps1'
[201.833s] [34mcolcon.colcon_core.shell[0m [1;30mINFO[0m Creating package descriptor '/home/libok/um_file/install/robotiq_controllers/share/robotiq_controllers/package.dsv'
[201.834s] [34mcolcon.colcon_core.shell[0m [1;30mINFO[0m Creating package script '/home/libok/um_file/install/robotiq_controllers/share/robotiq_controllers/package.sh'
[201.836s] [34mcolcon.colcon_core.shell[0m [1;30mINFO[0m Creating package script '/home/libok/um_file/install/robotiq_controllers/share/robotiq_controllers/package.bash'
[201.837s] [34mcolcon.colcon_core.shell[0m [1;30mINFO[0m Creating package script '/home/libok/um_file/install/robotiq_controllers/share/robotiq_controllers/package.zsh'
[201.839s] [34mcolcon.colcon_core.environment[0m [1;30mLevel 1[0m create_file_with_runtime_dependencies(/home/libok/um_file/install/robotiq_controllers/share/colcon-core/packages/robotiq_controllers)
[201.839s] [34mcolcon.colcon_core.environment[0m [1;30mLevel 1[0m create_environment_scripts_only(ros2srrc_ar4)
[201.841s] [34mcolcon.colcon_core.environment[0m [1;30mLevel 1[0m checking '/home/libok/um_file/install/ros2srrc_ar4' for CMake module files
[201.844s] [34mcolcon.colcon_core.event_handler.log_command[0m [1;30mDEBUG[0m [32mInvoked command in '/home/libok/um_file/build/ros2srrc_ar4' returned '0': CMAKE_PREFIX_PATH=${CMAKE_PREFIX_PATH}:/opt/ros/humble /usr/local/bin/cmake --install /home/libok/um_file/build/ros2srrc_ar4[0m
[201.845s] [34mcolcon.colcon_core.environment[0m [1;30mLevel 1[0m checking '/home/libok/um_file/install/ros2srrc_ar4' for CMake config files
[201.845s] [34mcolcon.colcon_core.shell[0m [1;30mLevel 1[0m create_environment_hook('ros2srrc_ar4', 'cmake_prefix_path')
[201.846s] [34mcolcon.colcon_core.shell[0m [1;30mINFO[0m Creating environment hook '/home/libok/um_file/install/ros2srrc_ar4/share/ros2srrc_ar4/hook/cmake_prefix_path.ps1'
[201.848s] [34mcolcon.colcon_core.shell[0m [1;30mINFO[0m Creating environment descriptor '/home/libok/um_file/install/ros2srrc_ar4/share/ros2srrc_ar4/hook/cmake_prefix_path.dsv'
[201.849s] [34mcolcon.colcon_core.shell[0m [1;30mINFO[0m Creating environment hook '/home/libok/um_file/install/ros2srrc_ar4/share/ros2srrc_ar4/hook/cmake_prefix_path.sh'
[201.852s] [34mcolcon.colcon_core.environment[0m [1;30mLevel 1[0m checking '/home/libok/um_file/install/ros2srrc_ar4/bin'
[201.852s] [34mcolcon.colcon_core.environment[0m [1;30mLevel 1[0m checking '/home/libok/um_file/install/ros2srrc_ar4/lib/pkgconfig/ros2srrc_ar4.pc'
[201.853s] [34mcolcon.colcon_core.environment[0m [1;30mLevel 1[0m checking '/home/libok/um_file/install/ros2srrc_ar4/lib/python3.10/site-packages'
[201.854s] [34mcolcon.colcon_core.environment[0m [1;30mLevel 1[0m checking '/home/libok/um_file/install/ros2srrc_ar4/bin'
[201.855s] [34mcolcon.colcon_core.shell[0m [1;30mINFO[0m Creating package script '/home/libok/um_file/install/ros2srrc_ar4/share/ros2srrc_ar4/package.ps1'
[201.856s] [34mcolcon.colcon_core.shell[0m [1;30mINFO[0m Creating package descriptor '/home/libok/um_file/install/ros2srrc_ar4/share/ros2srrc_ar4/package.dsv'
[201.858s] [34mcolcon.colcon_core.shell[0m [1;30mINFO[0m Creating package script '/home/libok/um_file/install/ros2srrc_ar4/share/ros2srrc_ar4/package.sh'
[201.859s] [34mcolcon.colcon_core.shell[0m [1;30mINFO[0m Creating package script '/home/libok/um_file/install/ros2srrc_ar4/share/ros2srrc_ar4/package.bash'
[201.861s] [34mcolcon.colcon_core.shell[0m [1;30mINFO[0m Creating package script '/home/libok/um_file/install/ros2srrc_ar4/share/ros2srrc_ar4/package.zsh'
[201.863s] [34mcolcon.colcon_core.environment[0m [1;30mLevel 1[0m create_file_with_runtime_dependencies(/home/libok/um_file/install/ros2srrc_ar4/share/colcon-core/packages/ros2srrc_ar4)
[201.866s] [34mcolcon.colcon_core.environment[0m [1;30mLevel 1[0m create_environment_scripts_only(ros2srrc_ar4)
[201.867s] [34mcolcon.colcon_core.environment[0m [1;30mLevel 1[0m checking '/home/libok/um_file/install/ros2srrc_ar4' for CMake module files
[201.869s] [34mcolcon.colcon_core.environment[0m [1;30mLevel 1[0m checking '/home/libok/um_file/install/ros2srrc_ar4' for CMake config files
[201.870s] [34mcolcon.colcon_core.shell[0m [1;30mLevel 1[0m create_environment_hook('ros2srrc_ar4', 'cmake_prefix_path')
[201.871s] [34mcolcon.colcon_core.shell[0m [1;30mINFO[0m Creating environment hook '/home/libok/um_file/install/ros2srrc_ar4/share/ros2srrc_ar4/hook/cmake_prefix_path.ps1'
[201.873s] [34mcolcon.colcon_core.shell[0m [1;30mINFO[0m Creating environment descriptor '/home/libok/um_file/install/ros2srrc_ar4/share/ros2srrc_ar4/hook/cmake_prefix_path.dsv'
[201.874s] [34mcolcon.colcon_core.shell[0m [1;30mINFO[0m Creating environment hook '/home/libok/um_file/install/ros2srrc_ar4/share/ros2srrc_ar4/hook/cmake_prefix_path.sh'
[201.877s] [34mcolcon.colcon_core.environment[0m [1;30mLevel 1[0m checking '/home/libok/um_file/install/ros2srrc_ar4/bin'
[201.877s] [34mcolcon.colcon_core.environment[0m [1;30mLevel 1[0m checking '/home/libok/um_file/install/ros2srrc_ar4/lib/pkgconfig/ros2srrc_ar4.pc'
[201.878s] [34mcolcon.colcon_core.environment[0m [1;30mLevel 1[0m checking '/home/libok/um_file/install/ros2srrc_ar4/lib/python3.10/site-packages'
[201.880s] [34mcolcon.colcon_core.environment[0m [1;30mLevel 1[0m checking '/home/libok/um_file/install/ros2srrc_ar4/bin'
[201.881s] [34mcolcon.colcon_core.shell[0m [1;30mINFO[0m Creating package script '/home/libok/um_file/install/ros2srrc_ar4/share/ros2srrc_ar4/package.ps1'
[201.885s] [34mcolcon.colcon_core.shell[0m [1;30mINFO[0m Creating package descriptor '/home/libok/um_file/install/ros2srrc_ar4/share/ros2srrc_ar4/package.dsv'
[201.887s] [34mcolcon.colcon_core.shell[0m [1;30mINFO[0m Creating package script '/home/libok/um_file/install/ros2srrc_ar4/share/ros2srrc_ar4/package.sh'
[201.889s] [34mcolcon.colcon_core.shell[0m [1;30mINFO[0m Creating package script '/home/libok/um_file/install/ros2srrc_ar4/share/ros2srrc_ar4/package.bash'
[201.891s] [34mcolcon.colcon_core.shell[0m [1;30mINFO[0m Creating package script '/home/libok/um_file/install/ros2srrc_ar4/share/ros2srrc_ar4/package.zsh'
[201.893s] [34mcolcon.colcon_core.environment[0m [1;30mLevel 1[0m create_file_with_runtime_dependencies(/home/libok/um_file/install/ros2srrc_ar4/share/colcon-core/packages/ros2srrc_ar4)
[201.897s] [34mcolcon.colcon_core.event_handler.log_command[0m [1;30mDEBUG[0m [32mInvoked command in '/home/libok/um_file/build/ros2srrc_iiwa' returned '0': CMAKE_PREFIX_PATH=${CMAKE_PREFIX_PATH}:/opt/ros/humble /usr/local/bin/cmake /home/libok/um_file/packages/ros2srrc_iiwa -DCMAKE_INSTALL_PREFIX=/home/libok/um_file/install/ros2srrc_iiwa[0m
[201.910s] [34mcolcon.colcon_core.event_handler.log_command[0m [1;30mDEBUG[0m [32mInvoking command in '/home/libok/um_file/build/ros2srrc_iiwa': CMAKE_PREFIX_PATH=${CMAKE_PREFIX_PATH}:/opt/ros/humble /usr/local/bin/cmake --build /home/libok/um_file/build/ros2srrc_iiwa -- -j18 -l18[0m
[201.918s] [34mcolcon.colcon_ros.task.ament_cmake.build[0m [1;30mINFO[0m Building ROS package in '/home/libok/um_file/ros2_controllers/position_controllers' with build type 'ament_cmake'
[201.919s] [34mcolcon.colcon_cmake.task.cmake.build[0m [1;30mINFO[0m Building CMake package in '/home/libok/um_file/ros2_controllers/position_controllers'
[201.930s] [34mcolcon.colcon_core.shell[0m [1;30mINFO[0m Skip shell extension 'powershell' for command environment: Not usable outside of PowerShell
[201.931s] [34mcolcon.colcon_core.shell[0m [1;30mDEBUG[0m [32mSkip shell extension 'dsv' for command environment[0m
[201.970s] [34mcolcon.colcon_ros.task.ament_cmake.build[0m [1;30mINFO[0m Building ROS package in '/home/libok/um_file/ros2_controllers/velocity_controllers' with build type 'ament_cmake'
[201.970s] [34mcolcon.colcon_cmake.task.cmake.build[0m [1;30mINFO[0m Building CMake package in '/home/libok/um_file/ros2_controllers/velocity_controllers'
[201.977s] [34mcolcon.colcon_core.shell[0m [1;30mINFO[0m Skip shell extension 'powershell' for command environment: Not usable outside of PowerShell
[201.979s] [34mcolcon.colcon_core.shell[0m [1;30mDEBUG[0m [32mSkip shell extension 'dsv' for command environment[0m
[202.026s] [34mcolcon.colcon_ros.task.ament_cmake.build[0m [1;30mINFO[0m Building ROS package in '/home/libok/um_file/ros2_controllers/effort_controllers' with build type 'ament_cmake'
[202.027s] [34mcolcon.colcon_cmake.task.cmake.build[0m [1;30mINFO[0m Building CMake package in '/home/libok/um_file/ros2_controllers/effort_controllers'
[202.029s] [34mcolcon.colcon_core.shell[0m [1;30mINFO[0m Skip shell extension 'powershell' for command environment: Not usable outside of PowerShell
[202.029s] [34mcolcon.colcon_core.shell[0m [1;30mDEBUG[0m [32mSkip shell extension 'dsv' for command environment[0m
[202.057s] [34mcolcon.colcon_ros.task.ament_cmake.build[0m [1;30mINFO[0m Building ROS package in '/home/libok/um_file/packages/ros2srrc_irb120' with build type 'ament_cmake'
[202.058s] [34mcolcon.colcon_cmake.task.cmake.build[0m [1;30mINFO[0m Building CMake package in '/home/libok/um_file/packages/ros2srrc_irb120'
[202.061s] [34mcolcon.colcon_core.shell[0m [1;30mINFO[0m Skip shell extension 'powershell' for command environment: Not usable outside of PowerShell
[202.062s] [34mcolcon.colcon_core.shell[0m [1;30mDEBUG[0m [32mSkip shell extension 'dsv' for command environment[0m
[202.110s] [34mcolcon.colcon_core.environment[0m [1;30mLevel 1[0m create_environment_scripts_only(mecanum_drive_controller)
[202.114s] [34mcolcon.colcon_core.environment[0m [1;30mLevel 1[0m checking '/home/libok/um_file/install/mecanum_drive_controller' for CMake module files
[202.112s] [34mcolcon.colcon_core.event_handler.log_command[0m [1;30mDEBUG[0m [32mInvoked command in '/home/libok/um_file/build/mecanum_drive_controller' returned '0': CMAKE_PREFIX_PATH=${CMAKE_PREFIX_PATH}:/opt/ros/humble /usr/local/bin/cmake --install /home/libok/um_file/build/mecanum_drive_controller[0m
[202.117s] [34mcolcon.colcon_core.environment[0m [1;30mLevel 1[0m checking '/home/libok/um_file/install/mecanum_drive_controller' for CMake config files
[202.119s] [34mcolcon.colcon_core.shell[0m [1;30mLevel 1[0m create_environment_hook('mecanum_drive_controller', 'cmake_prefix_path')
[202.120s] [34mcolcon.colcon_core.shell[0m [1;30mINFO[0m Creating environment hook '/home/libok/um_file/install/mecanum_drive_controller/share/mecanum_drive_controller/hook/cmake_prefix_path.ps1'
[202.122s] [34mcolcon.colcon_core.shell[0m [1;30mINFO[0m Creating environment descriptor '/home/libok/um_file/install/mecanum_drive_controller/share/mecanum_drive_controller/hook/cmake_prefix_path.dsv'
[202.123s] [34mcolcon.colcon_core.shell[0m [1;30mINFO[0m Creating environment hook '/home/libok/um_file/install/mecanum_drive_controller/share/mecanum_drive_controller/hook/cmake_prefix_path.sh'
[202.126s] [34mcolcon.colcon_core.environment[0m [1;30mLevel 1[0m checking '/home/libok/um_file/install/mecanum_drive_controller/lib'
[202.126s] [34mcolcon.colcon_core.shell[0m [1;30mLevel 1[0m create_environment_hook('mecanum_drive_controller', 'ld_library_path_lib')
[202.128s] [34mcolcon.colcon_core.shell[0m [1;30mINFO[0m Creating environment hook '/home/libok/um_file/install/mecanum_drive_controller/share/mecanum_drive_controller/hook/ld_library_path_lib.ps1'
[202.129s] [34mcolcon.colcon_core.shell[0m [1;30mINFO[0m Creating environment descriptor '/home/libok/um_file/install/mecanum_drive_controller/share/mecanum_drive_controller/hook/ld_library_path_lib.dsv'
[202.131s] [34mcolcon.colcon_core.shell[0m [1;30mINFO[0m Creating environment hook '/home/libok/um_file/install/mecanum_drive_controller/share/mecanum_drive_controller/hook/ld_library_path_lib.sh'
[202.133s] [34mcolcon.colcon_core.environment[0m [1;30mLevel 1[0m checking '/home/libok/um_file/install/mecanum_drive_controller/bin'
[202.133s] [34mcolcon.colcon_core.environment[0m [1;30mLevel 1[0m checking '/home/libok/um_file/install/mecanum_drive_controller/lib/pkgconfig/mecanum_drive_controller.pc'
[202.134s] [34mcolcon.colcon_core.environment[0m [1;30mLevel 1[0m checking '/home/libok/um_file/install/mecanum_drive_controller/lib/python3.10/site-packages'
[202.136s] [34mcolcon.colcon_core.environment[0m [1;30mLevel 1[0m checking '/home/libok/um_file/install/mecanum_drive_controller/bin'
[202.137s] [34mcolcon.colcon_core.shell[0m [1;30mINFO[0m Creating package script '/home/libok/um_file/install/mecanum_drive_controller/share/mecanum_drive_controller/package.ps1'
[202.140s] [34mcolcon.colcon_core.shell[0m [1;30mINFO[0m Creating package descriptor '/home/libok/um_file/install/mecanum_drive_controller/share/mecanum_drive_controller/package.dsv'
[202.142s] [34mcolcon.colcon_core.shell[0m [1;30mINFO[0m Creating package script '/home/libok/um_file/install/mecanum_drive_controller/share/mecanum_drive_controller/package.sh'
[202.144s] [34mcolcon.colcon_core.shell[0m [1;30mINFO[0m Creating package script '/home/libok/um_file/install/mecanum_drive_controller/share/mecanum_drive_controller/package.bash'
[202.145s] [34mcolcon.colcon_core.shell[0m [1;30mINFO[0m Creating package script '/home/libok/um_file/install/mecanum_drive_controller/share/mecanum_drive_controller/package.zsh'
[202.147s] [34mcolcon.colcon_core.environment[0m [1;30mLevel 1[0m create_file_with_runtime_dependencies(/home/libok/um_file/install/mecanum_drive_controller/share/colcon-core/packages/mecanum_drive_controller)
[202.149s] [34mcolcon.colcon_core.environment[0m [1;30mLevel 1[0m create_environment_scripts_only(mecanum_drive_controller)
[202.150s] [34mcolcon.colcon_core.environment[0m [1;30mLevel 1[0m checking '/home/libok/um_file/install/mecanum_drive_controller' for CMake module files
[202.152s] [34mcolcon.colcon_core.environment[0m [1;30mLevel 1[0m checking '/home/libok/um_file/install/mecanum_drive_controller' for CMake config files
[202.154s] [34mcolcon.colcon_core.shell[0m [1;30mLevel 1[0m create_environment_hook('mecanum_drive_controller', 'cmake_prefix_path')
[202.155s] [34mcolcon.colcon_core.shell[0m [1;30mINFO[0m Creating environment hook '/home/libok/um_file/install/mecanum_drive_controller/share/mecanum_drive_controller/hook/cmake_prefix_path.ps1'
[202.158s] [34mcolcon.colcon_core.shell[0m [1;30mINFO[0m Creating environment descriptor '/home/libok/um_file/install/mecanum_drive_controller/share/mecanum_drive_controller/hook/cmake_prefix_path.dsv'
[202.159s] [34mcolcon.colcon_core.shell[0m [1;30mINFO[0m Creating environment hook '/home/libok/um_file/install/mecanum_drive_controller/share/mecanum_drive_controller/hook/cmake_prefix_path.sh'
[202.162s] [34mcolcon.colcon_core.environment[0m [1;30mLevel 1[0m checking '/home/libok/um_file/install/mecanum_drive_controller/lib'
[202.162s] [34mcolcon.colcon_core.shell[0m [1;30mLevel 1[0m create_environment_hook('mecanum_drive_controller', 'ld_library_path_lib')
[202.163s] [34mcolcon.colcon_core.shell[0m [1;30mINFO[0m Creating environment hook '/home/libok/um_file/install/mecanum_drive_controller/share/mecanum_drive_controller/hook/ld_library_path_lib.ps1'
[202.165s] [34mcolcon.colcon_core.shell[0m [1;30mINFO[0m Creating environment descriptor '/home/libok/um_file/install/mecanum_drive_controller/share/mecanum_drive_controller/hook/ld_library_path_lib.dsv'
[202.167s] [34mcolcon.colcon_core.shell[0m [1;30mINFO[0m Creating environment hook '/home/libok/um_file/install/mecanum_drive_controller/share/mecanum_drive_controller/hook/ld_library_path_lib.sh'
[202.168s] [34mcolcon.colcon_core.environment[0m [1;30mLevel 1[0m checking '/home/libok/um_file/install/mecanum_drive_controller/bin'
[202.169s] [34mcolcon.colcon_core.environment[0m [1;30mLevel 1[0m checking '/home/libok/um_file/install/mecanum_drive_controller/lib/pkgconfig/mecanum_drive_controller.pc'
[202.170s] [34mcolcon.colcon_core.environment[0m [1;30mLevel 1[0m checking '/home/libok/um_file/install/mecanum_drive_controller/lib/python3.10/site-packages'
[202.171s] [34mcolcon.colcon_core.environment[0m [1;30mLevel 1[0m checking '/home/libok/um_file/install/mecanum_drive_controller/bin'
[202.173s] [34mcolcon.colcon_core.shell[0m [1;30mINFO[0m Creating package script '/home/libok/um_file/install/mecanum_drive_controller/share/mecanum_drive_controller/package.ps1'
[202.175s] [34mcolcon.colcon_core.shell[0m [1;30mINFO[0m Creating package descriptor '/home/libok/um_file/install/mecanum_drive_controller/share/mecanum_drive_controller/package.dsv'
[202.178s] [34mcolcon.colcon_core.shell[0m [1;30mINFO[0m Creating package script '/home/libok/um_file/install/mecanum_drive_controller/share/mecanum_drive_controller/package.sh'
[202.180s] [34mcolcon.colcon_core.shell[0m [1;30mINFO[0m Creating package script '/home/libok/um_file/install/mecanum_drive_controller/share/mecanum_drive_controller/package.bash'
[202.182s] [34mcolcon.colcon_core.shell[0m [1;30mINFO[0m Creating package script '/home/libok/um_file/install/mecanum_drive_controller/share/mecanum_drive_controller/package.zsh'
[202.184s] [34mcolcon.colcon_core.environment[0m [1;30mLevel 1[0m create_file_with_runtime_dependencies(/home/libok/um_file/install/mecanum_drive_controller/share/colcon-core/packages/mecanum_drive_controller)
[202.188s] [34mcolcon.colcon_core.event_handler.log_command[0m [1;30mDEBUG[0m [32mInvoked command in '/home/libok/um_file/build/ros2srrc_gazebo' returned '0': CMAKE_PREFIX_PATH=${CMAKE_PREFIX_PATH}:/opt/ros/humble /usr/local/bin/cmake --build /home/libok/um_file/build/ros2srrc_gazebo -- -j18 -l18[0m
[202.196s] [34mcolcon.colcon_core.event_handler.log_command[0m [1;30mDEBUG[0m [32mInvoking command in '/home/libok/um_file/build/ros2srrc_gazebo': CMAKE_PREFIX_PATH=${CMAKE_PREFIX_PATH}:/opt/ros/humble /usr/local/bin/cmake --install /home/libok/um_file/build/ros2srrc_gazebo[0m
[202.203s] [34mcolcon.colcon_ros.task.ament_cmake.build[0m [1;30mINFO[0m Building ROS package in '/home/libok/um_file/packages/ros2srrc_irb1200' with build type 'ament_cmake'
[202.204s] [34mcolcon.colcon_cmake.task.cmake.build[0m [1;30mINFO[0m Building CMake package in '/home/libok/um_file/packages/ros2srrc_irb1200'
[202.205s] [34mcolcon.colcon_core.shell[0m [1;30mINFO[0m Skip shell extension 'powershell' for command environment: Not usable outside of PowerShell
[202.206s] [34mcolcon.colcon_core.shell[0m [1;30mDEBUG[0m [32mSkip shell extension 'dsv' for command environment[0m
[202.239s] [34mcolcon.colcon_core.event_handler.log_command[0m [1;30mDEBUG[0m [32mInvoked command in '/home/libok/um_file/build/ros2srrc_endeffectors' returned '0': CMAKE_PREFIX_PATH=${CMAKE_PREFIX_PATH}:/opt/ros/humble /usr/local/bin/cmake --build /home/libok/um_file/build/ros2srrc_endeffectors -- -j18 -l18[0m
[202.256s] [34mcolcon.colcon_core.event_handler.log_command[0m [1;30mDEBUG[0m [32mInvoking command in '/home/libok/um_file/build/ros2srrc_endeffectors': CMAKE_PREFIX_PATH=${CMAKE_PREFIX_PATH}:/opt/ros/humble /usr/local/bin/cmake --install /home/libok/um_file/build/ros2srrc_endeffectors[0m
[202.266s] [34mcolcon.colcon_core.event_handler.log_command[0m [1;30mDEBUG[0m [32mInvoked command in '/home/libok/um_file/build/ros2srrc_iiwa' returned '0': CMAKE_PREFIX_PATH=${CMAKE_PREFIX_PATH}:/opt/ros/humble /usr/local/bin/cmake --build /home/libok/um_file/build/ros2srrc_iiwa -- -j18 -l18[0m
[202.280s] [34mcolcon.colcon_core.event_handler.log_command[0m [1;30mDEBUG[0m [32mInvoking command in '/home/libok/um_file/build/ros2srrc_iiwa': CMAKE_PREFIX_PATH=${CMAKE_PREFIX_PATH}:/opt/ros/humble /usr/local/bin/cmake --install /home/libok/um_file/build/ros2srrc_iiwa[0m
[202.293s] [34mcolcon.colcon_core.event_handler.log_command[0m [1;30mDEBUG[0m [32mInvoking command in '/home/libok/um_file/build/position_controllers': CMAKE_PREFIX_PATH=/home/libok/um_file/install/forward_command_controller:/home/libok/um_file/install/ur:/home/libok/um_file/install/ur_calibration:/home/libok/um_file/install/ur_robot_driver:/home/libok/um_file/install/ur_bringup:/home/libok/um_file/install/robotiq_description:/home/libok/um_file/install/ros2_controllers:/home/libok/um_file/install/velocity_controllers:/home/libok/um_file/install/ur_controllers:/home/libok/um_file/install/ur_msgs:/home/libok/um_file/install/ur_moveit_config:/home/libok/um_file/install/ur_dashboard_msgs:/home/libok/um_file/install/tricycle_steering_controller:/home/libok/um_file/install/tricycle_controller:/home/libok/um_file/install/bicycle_steering_controller:/home/libok/um_file/install/ackermann_steering_controller:/home/libok/um_file/install/steering_controllers_library:/home/libok/um_file/install/robotiq_hardware_tests:/home/libok/um_file/install/robotiq_driver:/home/libok/um_file/install/serial:/home/libok/um_file/install/ros2srrc_robots:/home/libok/um_file/install/ros2srrc_moveit:/home/libok/um_file/install/ros2srrc_launch:/home/libok/um_file/install/ros2srrc_gazebo:/home/libok/um_file/install/ros2srrc_endeffectors:/home/libok/um_file/install/ros2srrc_data:/home/libok/um_file/install/robotiq_controllers:/home/libok/um_file/install/range_sensor_broadcaster:/home/libok/um_file/install/position_controllers:/home/libok/um_file/install/pose_broadcaster:/home/libok/um_file/install/pid_controller:/home/libok/um_file/install/mecanum_drive_controller:/home/libok/um_file/install/joint_trajectory_controller:/home/libok/um_file/install/joint_state_broadcaster:/home/libok/um_file/install/imu_sensor_broadcaster:/home/libok/um_file/install/gripper_controllers:/home/libok/um_file/install/gpio_controllers:/home/libok/um_file/install/effort_controllers:/home/libok/um_file/install/force_torque_sensor_broadcaster:/home/libok/um_file/install/diff_drive_controller:/home/libok/um_file/install/admittance_controller:/opt/ros/humble LD_LIBRARY_PATH=/home/libok/um_file/install/forward_command_controller/lib:/home/libok/um_file/install/ur_robot_driver/lib:/home/libok/um_file/install/velocity_controllers/lib:/home/libok/um_file/install/ur_controllers/lib:/home/libok/um_file/install/ur_msgs/lib:/home/libok/um_file/install/ur_dashboard_msgs/lib:/home/libok/um_file/install/tricycle_steering_controller/lib:/home/libok/um_file/install/tricycle_controller/lib:/home/libok/um_file/install/bicycle_steering_controller/lib:/home/libok/um_file/install/ackermann_steering_controller/lib:/home/libok/um_file/install/steering_controllers_library/lib:/home/libok/um_file/install/robotiq_driver/lib:/home/libok/um_file/install/serial/lib:/home/libok/um_file/install/ros2srrc_data/lib:/home/libok/um_file/install/robotiq_controllers/lib:/home/libok/um_file/install/range_sensor_broadcaster/lib:/home/libok/um_file/install/position_controllers/lib:/home/libok/um_file/install/pose_broadcaster/lib:/home/libok/um_file/install/pid_controller/lib:/home/libok/um_file/install/mecanum_drive_controller/lib:/home/libok/um_file/install/joint_trajectory_controller/lib:/home/libok/um_file/install/joint_state_broadcaster/lib:/home/libok/um_file/install/imu_sensor_broadcaster/lib:/home/libok/um_file/install/gripper_controllers/lib:/home/libok/um_file/install/gpio_controllers/lib:/home/libok/um_file/install/effort_controllers/lib:/home/libok/um_file/install/force_torque_sensor_broadcaster/lib:/home/libok/um_file/install/diff_drive_controller/lib:/home/libok/um_file/install/admittance_controller/lib:/usr/lib/x86_64-linux-gnu/gazebo-11/plugins:/opt/ros/humble/opt/rviz_ogre_vendor/lib:/opt/ros/humble/lib/x86_64-linux-gnu:/opt/ros/humble/lib:/home/libok/.mujoco/mujoco210/bin:/usr/lib/nvidia:/home/libok/.mujoco/mujoco210/bin:/usr/lib/nvidia /usr/local/bin/cmake /home/libok/um_file/ros2_controllers/position_controllers -DCMAKE_INSTALL_PREFIX=/home/libok/um_file/install/position_controllers[0m
[202.307s] [34mcolcon.colcon_core.event_handler.log_command[0m [1;30mDEBUG[0m [32mInvoking command in '/home/libok/um_file/build/velocity_controllers': CMAKE_PREFIX_PATH=/home/libok/um_file/install/forward_command_controller:/home/libok/um_file/install/ur:/home/libok/um_file/install/ur_calibration:/home/libok/um_file/install/ur_robot_driver:/home/libok/um_file/install/ur_bringup:/home/libok/um_file/install/robotiq_description:/home/libok/um_file/install/ros2_controllers:/home/libok/um_file/install/velocity_controllers:/home/libok/um_file/install/ur_controllers:/home/libok/um_file/install/ur_msgs:/home/libok/um_file/install/ur_moveit_config:/home/libok/um_file/install/ur_dashboard_msgs:/home/libok/um_file/install/tricycle_steering_controller:/home/libok/um_file/install/tricycle_controller:/home/libok/um_file/install/bicycle_steering_controller:/home/libok/um_file/install/ackermann_steering_controller:/home/libok/um_file/install/steering_controllers_library:/home/libok/um_file/install/robotiq_hardware_tests:/home/libok/um_file/install/robotiq_driver:/home/libok/um_file/install/serial:/home/libok/um_file/install/ros2srrc_robots:/home/libok/um_file/install/ros2srrc_moveit:/home/libok/um_file/install/ros2srrc_launch:/home/libok/um_file/install/ros2srrc_gazebo:/home/libok/um_file/install/ros2srrc_endeffectors:/home/libok/um_file/install/ros2srrc_data:/home/libok/um_file/install/robotiq_controllers:/home/libok/um_file/install/range_sensor_broadcaster:/home/libok/um_file/install/position_controllers:/home/libok/um_file/install/pose_broadcaster:/home/libok/um_file/install/pid_controller:/home/libok/um_file/install/mecanum_drive_controller:/home/libok/um_file/install/joint_trajectory_controller:/home/libok/um_file/install/joint_state_broadcaster:/home/libok/um_file/install/imu_sensor_broadcaster:/home/libok/um_file/install/gripper_controllers:/home/libok/um_file/install/gpio_controllers:/home/libok/um_file/install/effort_controllers:/home/libok/um_file/install/force_torque_sensor_broadcaster:/home/libok/um_file/install/diff_drive_controller:/home/libok/um_file/install/admittance_controller:/opt/ros/humble LD_LIBRARY_PATH=/home/libok/um_file/install/forward_command_controller/lib:/home/libok/um_file/install/ur_robot_driver/lib:/home/libok/um_file/install/velocity_controllers/lib:/home/libok/um_file/install/ur_controllers/lib:/home/libok/um_file/install/ur_msgs/lib:/home/libok/um_file/install/ur_dashboard_msgs/lib:/home/libok/um_file/install/tricycle_steering_controller/lib:/home/libok/um_file/install/tricycle_controller/lib:/home/libok/um_file/install/bicycle_steering_controller/lib:/home/libok/um_file/install/ackermann_steering_controller/lib:/home/libok/um_file/install/steering_controllers_library/lib:/home/libok/um_file/install/robotiq_driver/lib:/home/libok/um_file/install/serial/lib:/home/libok/um_file/install/ros2srrc_data/lib:/home/libok/um_file/install/robotiq_controllers/lib:/home/libok/um_file/install/range_sensor_broadcaster/lib:/home/libok/um_file/install/position_controllers/lib:/home/libok/um_file/install/pose_broadcaster/lib:/home/libok/um_file/install/pid_controller/lib:/home/libok/um_file/install/mecanum_drive_controller/lib:/home/libok/um_file/install/joint_trajectory_controller/lib:/home/libok/um_file/install/joint_state_broadcaster/lib:/home/libok/um_file/install/imu_sensor_broadcaster/lib:/home/libok/um_file/install/gripper_controllers/lib:/home/libok/um_file/install/gpio_controllers/lib:/home/libok/um_file/install/effort_controllers/lib:/home/libok/um_file/install/force_torque_sensor_broadcaster/lib:/home/libok/um_file/install/diff_drive_controller/lib:/home/libok/um_file/install/admittance_controller/lib:/usr/lib/x86_64-linux-gnu/gazebo-11/plugins:/opt/ros/humble/opt/rviz_ogre_vendor/lib:/opt/ros/humble/lib/x86_64-linux-gnu:/opt/ros/humble/lib:/home/libok/.mujoco/mujoco210/bin:/usr/lib/nvidia:/home/libok/.mujoco/mujoco210/bin:/usr/lib/nvidia /usr/local/bin/cmake /home/libok/um_file/ros2_controllers/velocity_controllers -DCMAKE_INSTALL_PREFIX=/home/libok/um_file/install/velocity_controllers[0m
[202.325s] [34mcolcon.colcon_core.event_handler.log_command[0m [1;30mDEBUG[0m [32mInvoking command in '/home/libok/um_file/build/ros2srrc_irb120': CMAKE_PREFIX_PATH=${CMAKE_PREFIX_PATH}:/opt/ros/humble /usr/local/bin/cmake /home/libok/um_file/packages/ros2srrc_irb120 -DCMAKE_INSTALL_PREFIX=/home/libok/um_file/install/ros2srrc_irb120[0m
[202.363s] [34mcolcon.colcon_core.environment[0m [1;30mLevel 1[0m create_environment_scripts_only(ros2srrc_gazebo)
[202.368s] [34mcolcon.colcon_core.environment[0m [1;30mLevel 1[0m checking '/home/libok/um_file/install/ros2srrc_gazebo' for CMake module files
[202.366s] [34mcolcon.colcon_core.event_handler.log_command[0m [1;30mDEBUG[0m [32mInvoking command in '/home/libok/um_file/build/effort_controllers': CMAKE_PREFIX_PATH=/home/libok/um_file/install/forward_command_controller:/home/libok/um_file/install/ur:/home/libok/um_file/install/ur_calibration:/home/libok/um_file/install/ur_robot_driver:/home/libok/um_file/install/ur_bringup:/home/libok/um_file/install/robotiq_description:/home/libok/um_file/install/ros2_controllers:/home/libok/um_file/install/velocity_controllers:/home/libok/um_file/install/ur_controllers:/home/libok/um_file/install/ur_msgs:/home/libok/um_file/install/ur_moveit_config:/home/libok/um_file/install/ur_dashboard_msgs:/home/libok/um_file/install/tricycle_steering_controller:/home/libok/um_file/install/tricycle_controller:/home/libok/um_file/install/bicycle_steering_controller:/home/libok/um_file/install/ackermann_steering_controller:/home/libok/um_file/install/steering_controllers_library:/home/libok/um_file/install/robotiq_hardware_tests:/home/libok/um_file/install/robotiq_driver:/home/libok/um_file/install/serial:/home/libok/um_file/install/ros2srrc_robots:/home/libok/um_file/install/ros2srrc_moveit:/home/libok/um_file/install/ros2srrc_launch:/home/libok/um_file/install/ros2srrc_gazebo:/home/libok/um_file/install/ros2srrc_endeffectors:/home/libok/um_file/install/ros2srrc_data:/home/libok/um_file/install/robotiq_controllers:/home/libok/um_file/install/range_sensor_broadcaster:/home/libok/um_file/install/position_controllers:/home/libok/um_file/install/pose_broadcaster:/home/libok/um_file/install/pid_controller:/home/libok/um_file/install/mecanum_drive_controller:/home/libok/um_file/install/joint_trajectory_controller:/home/libok/um_file/install/joint_state_broadcaster:/home/libok/um_file/install/imu_sensor_broadcaster:/home/libok/um_file/install/gripper_controllers:/home/libok/um_file/install/gpio_controllers:/home/libok/um_file/install/effort_controllers:/home/libok/um_file/install/force_torque_sensor_broadcaster:/home/libok/um_file/install/diff_drive_controller:/home/libok/um_file/install/admittance_controller:/opt/ros/humble LD_LIBRARY_PATH=/home/libok/um_file/install/forward_command_controller/lib:/home/libok/um_file/install/ur_robot_driver/lib:/home/libok/um_file/install/velocity_controllers/lib:/home/libok/um_file/install/ur_controllers/lib:/home/libok/um_file/install/ur_msgs/lib:/home/libok/um_file/install/ur_dashboard_msgs/lib:/home/libok/um_file/install/tricycle_steering_controller/lib:/home/libok/um_file/install/tricycle_controller/lib:/home/libok/um_file/install/bicycle_steering_controller/lib:/home/libok/um_file/install/ackermann_steering_controller/lib:/home/libok/um_file/install/steering_controllers_library/lib:/home/libok/um_file/install/robotiq_driver/lib:/home/libok/um_file/install/serial/lib:/home/libok/um_file/install/ros2srrc_data/lib:/home/libok/um_file/install/robotiq_controllers/lib:/home/libok/um_file/install/range_sensor_broadcaster/lib:/home/libok/um_file/install/position_controllers/lib:/home/libok/um_file/install/pose_broadcaster/lib:/home/libok/um_file/install/pid_controller/lib:/home/libok/um_file/install/mecanum_drive_controller/lib:/home/libok/um_file/install/joint_trajectory_controller/lib:/home/libok/um_file/install/joint_state_broadcaster/lib:/home/libok/um_file/install/imu_sensor_broadcaster/lib:/home/libok/um_file/install/gripper_controllers/lib:/home/libok/um_file/install/gpio_controllers/lib:/home/libok/um_file/install/effort_controllers/lib:/home/libok/um_file/install/force_torque_sensor_broadcaster/lib:/home/libok/um_file/install/diff_drive_controller/lib:/home/libok/um_file/install/admittance_controller/lib:/usr/lib/x86_64-linux-gnu/gazebo-11/plugins:/opt/ros/humble/opt/rviz_ogre_vendor/lib:/opt/ros/humble/lib/x86_64-linux-gnu:/opt/ros/humble/lib:/home/libok/.mujoco/mujoco210/bin:/usr/lib/nvidia:/home/libok/.mujoco/mujoco210/bin:/usr/lib/nvidia /usr/local/bin/cmake /home/libok/um_file/ros2_controllers/effort_controllers -DCMAKE_INSTALL_PREFIX=/home/libok/um_file/install/effort_controllers[0m
[202.370s] [34mcolcon.colcon_core.environment[0m [1;30mLevel 1[0m checking '/home/libok/um_file/install/ros2srrc_gazebo' for CMake config files
[202.373s] [34mcolcon.colcon_core.shell[0m [1;30mLevel 1[0m create_environment_hook('ros2srrc_gazebo', 'cmake_prefix_path')
[202.374s] [34mcolcon.colcon_core.shell[0m [1;30mINFO[0m Creating environment hook '/home/libok/um_file/install/ros2srrc_gazebo/share/ros2srrc_gazebo/hook/cmake_prefix_path.ps1'
[202.380s] [34mcolcon.colcon_core.shell[0m [1;30mINFO[0m Creating environment descriptor '/home/libok/um_file/install/ros2srrc_gazebo/share/ros2srrc_gazebo/hook/cmake_prefix_path.dsv'
[202.383s] [34mcolcon.colcon_core.event_handler.log_command[0m [1;30mDEBUG[0m [32mInvoked command in '/home/libok/um_file/build/ros2srrc_gazebo' returned '0': CMAKE_PREFIX_PATH=${CMAKE_PREFIX_PATH}:/opt/ros/humble /usr/local/bin/cmake --install /home/libok/um_file/build/ros2srrc_gazebo[0m
[202.385s] [34mcolcon.colcon_core.shell[0m [1;30mINFO[0m Creating environment hook '/home/libok/um_file/install/ros2srrc_gazebo/share/ros2srrc_gazebo/hook/cmake_prefix_path.sh'
[202.390s] [34mcolcon.colcon_core.environment[0m [1;30mLevel 1[0m checking '/home/libok/um_file/install/ros2srrc_gazebo/bin'
[202.390s] [34mcolcon.colcon_core.environment[0m [1;30mLevel 1[0m checking '/home/libok/um_file/install/ros2srrc_gazebo/lib/pkgconfig/ros2srrc_gazebo.pc'
[202.392s] [34mcolcon.colcon_core.environment[0m [1;30mLevel 1[0m checking '/home/libok/um_file/install/ros2srrc_gazebo/lib/python3.10/site-packages'
[202.394s] [34mcolcon.colcon_core.environment[0m [1;30mLevel 1[0m checking '/home/libok/um_file/install/ros2srrc_gazebo/bin'
[202.396s] [34mcolcon.colcon_core.shell[0m [1;30mINFO[0m Creating package script '/home/libok/um_file/install/ros2srrc_gazebo/share/ros2srrc_gazebo/package.ps1'
[202.404s] [34mcolcon.colcon_core.shell[0m [1;30mINFO[0m Creating package descriptor '/home/libok/um_file/install/ros2srrc_gazebo/share/ros2srrc_gazebo/package.dsv'
[202.410s] [34mcolcon.colcon_core.shell[0m [1;30mINFO[0m Creating package script '/home/libok/um_file/install/ros2srrc_gazebo/share/ros2srrc_gazebo/package.sh'
[202.415s] [34mcolcon.colcon_core.shell[0m [1;30mINFO[0m Creating package script '/home/libok/um_file/install/ros2srrc_gazebo/share/ros2srrc_gazebo/package.bash'
[202.417s] [34mcolcon.colcon_core.shell[0m [1;30mINFO[0m Creating package script '/home/libok/um_file/install/ros2srrc_gazebo/share/ros2srrc_gazebo/package.zsh'
[202.419s] [34mcolcon.colcon_core.environment[0m [1;30mLevel 1[0m create_file_with_runtime_dependencies(/home/libok/um_file/install/ros2srrc_gazebo/share/colcon-core/packages/ros2srrc_gazebo)
[202.422s] [34mcolcon.colcon_core.environment[0m [1;30mLevel 1[0m create_environment_scripts_only(ros2srrc_gazebo)
[202.424s] [34mcolcon.colcon_core.environment[0m [1;30mLevel 1[0m checking '/home/libok/um_file/install/ros2srrc_gazebo' for CMake module files
[202.426s] [34mcolcon.colcon_core.environment[0m [1;30mLevel 1[0m checking '/home/libok/um_file/install/ros2srrc_gazebo' for CMake config files
[202.428s] [34mcolcon.colcon_core.shell[0m [1;30mLevel 1[0m create_environment_hook('ros2srrc_gazebo', 'cmake_prefix_path')
[202.430s] [34mcolcon.colcon_core.shell[0m [1;30mINFO[0m Creating environment hook '/home/libok/um_file/install/ros2srrc_gazebo/share/ros2srrc_gazebo/hook/cmake_prefix_path.ps1'
[202.432s] [34mcolcon.colcon_core.shell[0m [1;30mINFO[0m Creating environment descriptor '/home/libok/um_file/install/ros2srrc_gazebo/share/ros2srrc_gazebo/hook/cmake_prefix_path.dsv'
[202.434s] [34mcolcon.colcon_core.shell[0m [1;30mINFO[0m Creating environment hook '/home/libok/um_file/install/ros2srrc_gazebo/share/ros2srrc_gazebo/hook/cmake_prefix_path.sh'
[202.437s] [34mcolcon.colcon_core.environment[0m [1;30mLevel 1[0m checking '/home/libok/um_file/install/ros2srrc_gazebo/bin'
[202.439s] [34mcolcon.colcon_core.environment[0m [1;30mLevel 1[0m checking '/home/libok/um_file/install/ros2srrc_gazebo/lib/pkgconfig/ros2srrc_gazebo.pc'
[202.440s] [34mcolcon.colcon_core.environment[0m [1;30mLevel 1[0m checking '/home/libok/um_file/install/ros2srrc_gazebo/lib/python3.10/site-packages'
[202.442s] [34mcolcon.colcon_core.environment[0m [1;30mLevel 1[0m checking '/home/libok/um_file/install/ros2srrc_gazebo/bin'
[202.444s] [34mcolcon.colcon_core.shell[0m [1;30mINFO[0m Creating package script '/home/libok/um_file/install/ros2srrc_gazebo/share/ros2srrc_gazebo/package.ps1'
[202.448s] [34mcolcon.colcon_core.shell[0m [1;30mINFO[0m Creating package descriptor '/home/libok/um_file/install/ros2srrc_gazebo/share/ros2srrc_gazebo/package.dsv'
[202.451s] [34mcolcon.colcon_core.shell[0m [1;30mINFO[0m Creating package script '/home/libok/um_file/install/ros2srrc_gazebo/share/ros2srrc_gazebo/package.sh'
[202.455s] [34mcolcon.colcon_core.shell[0m [1;30mINFO[0m Creating package script '/home/libok/um_file/install/ros2srrc_gazebo/share/ros2srrc_gazebo/package.bash'
[202.462s] [34mcolcon.colcon_core.shell[0m [1;30mINFO[0m Creating package script '/home/libok/um_file/install/ros2srrc_gazebo/share/ros2srrc_gazebo/package.zsh'
[202.468s] [34mcolcon.colcon_core.environment[0m [1;30mLevel 1[0m create_file_with_runtime_dependencies(/home/libok/um_file/install/ros2srrc_gazebo/share/colcon-core/packages/ros2srrc_gazebo)
[202.513s] [34mcolcon.colcon_ros.task.ament_cmake.build[0m [1;30mINFO[0m Building ROS package in '/home/libok/um_file/packages/ros2srrc_irb1600' with build type 'ament_cmake'
[202.516s] [34mcolcon.colcon_cmake.task.cmake.build[0m [1;30mINFO[0m Building CMake package in '/home/libok/um_file/packages/ros2srrc_irb1600'
[202.515s] [34mcolcon.colcon_core.event_handler.log_command[0m [1;30mDEBUG[0m [32mInvoking command in '/home/libok/um_file/build/ros2srrc_irb1200': CMAKE_PREFIX_PATH=${CMAKE_PREFIX_PATH}:/opt/ros/humble /usr/local/bin/cmake /home/libok/um_file/packages/ros2srrc_irb1200 -DCMAKE_INSTALL_PREFIX=/home/libok/um_file/install/ros2srrc_irb1200[0m
[202.518s] [34mcolcon.colcon_core.shell[0m [1;30mINFO[0m Skip shell extension 'powershell' for command environment: Not usable outside of PowerShell
[202.520s] [34mcolcon.colcon_core.shell[0m [1;30mDEBUG[0m [32mSkip shell extension 'dsv' for command environment[0m
[202.664s] [34mcolcon.colcon_core.event_handler.log_command[0m [1;30mDEBUG[0m [32mInvoking command in '/home/libok/um_file/build/ros2srrc_irb1600': CMAKE_PREFIX_PATH=${CMAKE_PREFIX_PATH}:/opt/ros/humble /usr/local/bin/cmake /home/libok/um_file/packages/ros2srrc_irb1600 -DCMAKE_INSTALL_PREFIX=/home/libok/um_file/install/ros2srrc_irb1600[0m
[202.921s] [34mcolcon.colcon_core.environment[0m [1;30mLevel 1[0m create_environment_scripts_only(ros2srrc_iiwa)
[202.923s] [34mcolcon.colcon_core.environment[0m [1;30mLevel 1[0m checking '/home/libok/um_file/install/ros2srrc_iiwa' for CMake module files
[202.929s] [34mcolcon.colcon_core.environment[0m [1;30mLevel 1[0m checking '/home/libok/um_file/install/ros2srrc_iiwa' for CMake config files
[202.930s] [34mcolcon.colcon_core.shell[0m [1;30mLevel 1[0m create_environment_hook('ros2srrc_iiwa', 'cmake_prefix_path')
[202.931s] [34mcolcon.colcon_core.shell[0m [1;30mINFO[0m Creating environment hook '/home/libok/um_file/install/ros2srrc_iiwa/share/ros2srrc_iiwa/hook/cmake_prefix_path.ps1'
[202.934s] [34mcolcon.colcon_core.shell[0m [1;30mINFO[0m Creating environment descriptor '/home/libok/um_file/install/ros2srrc_iiwa/share/ros2srrc_iiwa/hook/cmake_prefix_path.dsv'
[202.935s] [34mcolcon.colcon_core.shell[0m [1;30mINFO[0m Creating environment hook '/home/libok/um_file/install/ros2srrc_iiwa/share/ros2srrc_iiwa/hook/cmake_prefix_path.sh'
[202.943s] [34mcolcon.colcon_core.event_handler.log_command[0m [1;30mDEBUG[0m [32mInvoked command in '/home/libok/um_file/build/ros2srrc_iiwa' returned '0': CMAKE_PREFIX_PATH=${CMAKE_PREFIX_PATH}:/opt/ros/humble /usr/local/bin/cmake --install /home/libok/um_file/build/ros2srrc_iiwa[0m
[202.945s] [34mcolcon.colcon_core.environment[0m [1;30mLevel 1[0m checking '/home/libok/um_file/install/ros2srrc_iiwa/bin'
[202.945s] [34mcolcon.colcon_core.environment[0m [1;30mLevel 1[0m checking '/home/libok/um_file/install/ros2srrc_iiwa/lib/pkgconfig/ros2srrc_iiwa.pc'
[202.946s] [34mcolcon.colcon_core.environment[0m [1;30mLevel 1[0m checking '/home/libok/um_file/install/ros2srrc_iiwa/lib/python3.10/site-packages'
[202.947s] [34mcolcon.colcon_core.environment[0m [1;30mLevel 1[0m checking '/home/libok/um_file/install/ros2srrc_iiwa/bin'
[202.948s] [34mcolcon.colcon_core.shell[0m [1;30mINFO[0m Creating package script '/home/libok/um_file/install/ros2srrc_iiwa/share/ros2srrc_iiwa/package.ps1'
[202.950s] [34mcolcon.colcon_core.shell[0m [1;30mINFO[0m Creating package descriptor '/home/libok/um_file/install/ros2srrc_iiwa/share/ros2srrc_iiwa/package.dsv'
[202.952s] [34mcolcon.colcon_core.shell[0m [1;30mINFO[0m Creating package script '/home/libok/um_file/install/ros2srrc_iiwa/share/ros2srrc_iiwa/package.sh'
[202.954s] [34mcolcon.colcon_core.shell[0m [1;30mINFO[0m Creating package script '/home/libok/um_file/install/ros2srrc_iiwa/share/ros2srrc_iiwa/package.bash'
[202.957s] [34mcolcon.colcon_core.shell[0m [1;30mINFO[0m Creating package script '/home/libok/um_file/install/ros2srrc_iiwa/share/ros2srrc_iiwa/package.zsh'
[202.958s] [34mcolcon.colcon_core.environment[0m [1;30mLevel 1[0m create_file_with_runtime_dependencies(/home/libok/um_file/install/ros2srrc_iiwa/share/colcon-core/packages/ros2srrc_iiwa)
[202.961s] [34mcolcon.colcon_core.environment[0m [1;30mLevel 1[0m create_environment_scripts_only(ros2srrc_iiwa)
[202.963s] [34mcolcon.colcon_core.environment[0m [1;30mLevel 1[0m checking '/home/libok/um_file/install/ros2srrc_iiwa' for CMake module files
[202.965s] [34mcolcon.colcon_core.environment[0m [1;30mLevel 1[0m checking '/home/libok/um_file/install/ros2srrc_iiwa' for CMake config files
[202.966s] [34mcolcon.colcon_core.shell[0m [1;30mLevel 1[0m create_environment_hook('ros2srrc_iiwa', 'cmake_prefix_path')
[202.967s] [34mcolcon.colcon_core.shell[0m [1;30mINFO[0m Creating environment hook '/home/libok/um_file/install/ros2srrc_iiwa/share/ros2srrc_iiwa/hook/cmake_prefix_path.ps1'
[202.969s] [34mcolcon.colcon_core.shell[0m [1;30mINFO[0m Creating environment descriptor '/home/libok/um_file/install/ros2srrc_iiwa/share/ros2srrc_iiwa/hook/cmake_prefix_path.dsv'
[202.971s] [34mcolcon.colcon_core.shell[0m [1;30mINFO[0m Creating environment hook '/home/libok/um_file/install/ros2srrc_iiwa/share/ros2srrc_iiwa/hook/cmake_prefix_path.sh'
[202.973s] [34mcolcon.colcon_core.environment[0m [1;30mLevel 1[0m checking '/home/libok/um_file/install/ros2srrc_iiwa/bin'
[202.973s] [34mcolcon.colcon_core.environment[0m [1;30mLevel 1[0m checking '/home/libok/um_file/install/ros2srrc_iiwa/lib/pkgconfig/ros2srrc_iiwa.pc'
[202.974s] [34mcolcon.colcon_core.environment[0m [1;30mLevel 1[0m checking '/home/libok/um_file/install/ros2srrc_iiwa/lib/python3.10/site-packages'
[202.976s] [34mcolcon.colcon_core.environment[0m [1;30mLevel 1[0m checking '/home/libok/um_file/install/ros2srrc_iiwa/bin'
[202.977s] [34mcolcon.colcon_core.shell[0m [1;30mINFO[0m Creating package script '/home/libok/um_file/install/ros2srrc_iiwa/share/ros2srrc_iiwa/package.ps1'
[202.981s] [34mcolcon.colcon_core.shell[0m [1;30mINFO[0m Creating package descriptor '/home/libok/um_file/install/ros2srrc_iiwa/share/ros2srrc_iiwa/package.dsv'
[202.983s] [34mcolcon.colcon_core.shell[0m [1;30mINFO[0m Creating package script '/home/libok/um_file/install/ros2srrc_iiwa/share/ros2srrc_iiwa/package.sh'
[202.985s] [34mcolcon.colcon_core.shell[0m [1;30mINFO[0m Creating package script '/home/libok/um_file/install/ros2srrc_iiwa/share/ros2srrc_iiwa/package.bash'
[202.987s] [34mcolcon.colcon_core.shell[0m [1;30mINFO[0m Creating package script '/home/libok/um_file/install/ros2srrc_iiwa/share/ros2srrc_iiwa/package.zsh'
[202.989s] [34mcolcon.colcon_core.environment[0m [1;30mLevel 1[0m create_file_with_runtime_dependencies(/home/libok/um_file/install/ros2srrc_iiwa/share/colcon-core/packages/ros2srrc_iiwa)
[202.995s] [34mcolcon.colcon_ros.task.ament_cmake.build[0m [1;30mINFO[0m Building ROS package in '/home/libok/um_file/packages/ros2srrc_irb6640' with build type 'ament_cmake'
[202.995s] [34mcolcon.colcon_cmake.task.cmake.build[0m [1;30mINFO[0m Building CMake package in '/home/libok/um_file/packages/ros2srrc_irb6640'
[202.996s] [34mcolcon.colcon_core.shell[0m [1;30mINFO[0m Skip shell extension 'powershell' for command environment: Not usable outside of PowerShell
[202.996s] [34mcolcon.colcon_core.shell[0m [1;30mDEBUG[0m [32mSkip shell extension 'dsv' for command environment[0m
[203.032s] [34mcolcon.colcon_core.environment[0m [1;30mLevel 1[0m create_environment_scripts_only(ros2srrc_endeffectors)
[203.035s] [34mcolcon.colcon_core.environment[0m [1;30mLevel 1[0m checking '/home/libok/um_file/install/ros2srrc_endeffectors' for CMake module files
[203.036s] [34mcolcon.colcon_core.environment[0m [1;30mLevel 1[0m checking '/home/libok/um_file/install/ros2srrc_endeffectors' for CMake config files
[203.034s] [34mcolcon.colcon_core.event_handler.log_command[0m [1;30mDEBUG[0m [32mInvoked command in '/home/libok/um_file/build/ros2srrc_endeffectors' returned '0': CMAKE_PREFIX_PATH=${CMAKE_PREFIX_PATH}:/opt/ros/humble /usr/local/bin/cmake --install /home/libok/um_file/build/ros2srrc_endeffectors[0m
[203.037s] [34mcolcon.colcon_core.shell[0m [1;30mLevel 1[0m create_environment_hook('ros2srrc_endeffectors', 'cmake_prefix_path')
[203.041s] [34mcolcon.colcon_core.shell[0m [1;30mINFO[0m Creating environment hook '/home/libok/um_file/install/ros2srrc_endeffectors/share/ros2srrc_endeffectors/hook/cmake_prefix_path.ps1'
[203.043s] [34mcolcon.colcon_core.shell[0m [1;30mINFO[0m Creating environment descriptor '/home/libok/um_file/install/ros2srrc_endeffectors/share/ros2srrc_endeffectors/hook/cmake_prefix_path.dsv'
[203.047s] [34mcolcon.colcon_core.shell[0m [1;30mINFO[0m Creating environment hook '/home/libok/um_file/install/ros2srrc_endeffectors/share/ros2srrc_endeffectors/hook/cmake_prefix_path.sh'
[203.051s] [34mcolcon.colcon_core.environment[0m [1;30mLevel 1[0m checking '/home/libok/um_file/install/ros2srrc_endeffectors/bin'
[203.051s] [34mcolcon.colcon_core.environment[0m [1;30mLevel 1[0m checking '/home/libok/um_file/install/ros2srrc_endeffectors/lib/pkgconfig/ros2srrc_endeffectors.pc'
[203.053s] [34mcolcon.colcon_core.environment[0m [1;30mLevel 1[0m checking '/home/libok/um_file/install/ros2srrc_endeffectors/lib/python3.10/site-packages'
[203.055s] [34mcolcon.colcon_core.environment[0m [1;30mLevel 1[0m checking '/home/libok/um_file/install/ros2srrc_endeffectors/bin'
[203.058s] [34mcolcon.colcon_core.shell[0m [1;30mINFO[0m Creating package script '/home/libok/um_file/install/ros2srrc_endeffectors/share/ros2srrc_endeffectors/package.ps1'
[203.061s] [34mcolcon.colcon_core.shell[0m [1;30mINFO[0m Creating package descriptor '/home/libok/um_file/install/ros2srrc_endeffectors/share/ros2srrc_endeffectors/package.dsv'
[203.065s] [34mcolcon.colcon_core.shell[0m [1;30mINFO[0m Creating package script '/home/libok/um_file/install/ros2srrc_endeffectors/share/ros2srrc_endeffectors/package.sh'
[203.067s] [34mcolcon.colcon_core.shell[0m [1;30mINFO[0m Creating package script '/home/libok/um_file/install/ros2srrc_endeffectors/share/ros2srrc_endeffectors/package.bash'
[203.070s] [34mcolcon.colcon_core.shell[0m [1;30mINFO[0m Creating package script '/home/libok/um_file/install/ros2srrc_endeffectors/share/ros2srrc_endeffectors/package.zsh'
[203.072s] [34mcolcon.colcon_core.environment[0m [1;30mLevel 1[0m create_file_with_runtime_dependencies(/home/libok/um_file/install/ros2srrc_endeffectors/share/colcon-core/packages/ros2srrc_endeffectors)
[203.076s] [34mcolcon.colcon_core.environment[0m [1;30mLevel 1[0m create_environment_scripts_only(ros2srrc_endeffectors)
[203.077s] [34mcolcon.colcon_core.environment[0m [1;30mLevel 1[0m checking '/home/libok/um_file/install/ros2srrc_endeffectors' for CMake module files
[203.080s] [34mcolcon.colcon_core.environment[0m [1;30mLevel 1[0m checking '/home/libok/um_file/install/ros2srrc_endeffectors' for CMake config files
[203.082s] [34mcolcon.colcon_core.shell[0m [1;30mLevel 1[0m create_environment_hook('ros2srrc_endeffectors', 'cmake_prefix_path')
[203.084s] [34mcolcon.colcon_core.shell[0m [1;30mINFO[0m Creating environment hook '/home/libok/um_file/install/ros2srrc_endeffectors/share/ros2srrc_endeffectors/hook/cmake_prefix_path.ps1'
[203.087s] [34mcolcon.colcon_core.shell[0m [1;30mINFO[0m Creating environment descriptor '/home/libok/um_file/install/ros2srrc_endeffectors/share/ros2srrc_endeffectors/hook/cmake_prefix_path.dsv'
[203.089s] [34mcolcon.colcon_core.shell[0m [1;30mINFO[0m Creating environment hook '/home/libok/um_file/install/ros2srrc_endeffectors/share/ros2srrc_endeffectors/hook/cmake_prefix_path.sh'
[203.094s] [34mcolcon.colcon_core.environment[0m [1;30mLevel 1[0m checking '/home/libok/um_file/install/ros2srrc_endeffectors/bin'
[203.095s] [34mcolcon.colcon_core.environment[0m [1;30mLevel 1[0m checking '/home/libok/um_file/install/ros2srrc_endeffectors/lib/pkgconfig/ros2srrc_endeffectors.pc'
[203.096s] [34mcolcon.colcon_core.environment[0m [1;30mLevel 1[0m checking '/home/libok/um_file/install/ros2srrc_endeffectors/lib/python3.10/site-packages'
[203.099s] [34mcolcon.colcon_core.environment[0m [1;30mLevel 1[0m checking '/home/libok/um_file/install/ros2srrc_endeffectors/bin'
[203.101s] [34mcolcon.colcon_core.shell[0m [1;30mINFO[0m Creating package script '/home/libok/um_file/install/ros2srrc_endeffectors/share/ros2srrc_endeffectors/package.ps1'
[203.105s] [34mcolcon.colcon_core.shell[0m [1;30mINFO[0m Creating package descriptor '/home/libok/um_file/install/ros2srrc_endeffectors/share/ros2srrc_endeffectors/package.dsv'
[203.108s] [34mcolcon.colcon_core.shell[0m [1;30mINFO[0m Creating package script '/home/libok/um_file/install/ros2srrc_endeffectors/share/ros2srrc_endeffectors/package.sh'
[203.111s] [34mcolcon.colcon_core.shell[0m [1;30mINFO[0m Creating package script '/home/libok/um_file/install/ros2srrc_endeffectors/share/ros2srrc_endeffectors/package.bash'
[203.115s] [34mcolcon.colcon_core.shell[0m [1;30mINFO[0m Creating package script '/home/libok/um_file/install/ros2srrc_endeffectors/share/ros2srrc_endeffectors/package.zsh'
[203.118s] [34mcolcon.colcon_core.environment[0m [1;30mLevel 1[0m create_file_with_runtime_dependencies(/home/libok/um_file/install/ros2srrc_endeffectors/share/colcon-core/packages/ros2srrc_endeffectors)
[203.124s] [34mcolcon.colcon_ros.task.ament_cmake.build[0m [1;30mINFO[0m Building ROS package in '/home/libok/um_file/ros2srrc_launch' with build type 'ament_cmake'
[203.124s] [34mcolcon.colcon_cmake.task.cmake.build[0m [1;30mINFO[0m Building CMake package in '/home/libok/um_file/ros2srrc_launch'
[203.126s] [34mcolcon.colcon_core.shell[0m [1;30mINFO[0m Skip shell extension 'powershell' for command environment: Not usable outside of PowerShell
[203.127s] [34mcolcon.colcon_core.shell[0m [1;30mDEBUG[0m [32mSkip shell extension 'dsv' for command environment[0m
[203.193s] [34mcolcon.colcon_core.event_handler.log_command[0m [1;30mDEBUG[0m [32mInvoking command in '/home/libok/um_file/build/ros2srrc_irb6640': CMAKE_PREFIX_PATH=${CMAKE_PREFIX_PATH}:/opt/ros/humble /usr/local/bin/cmake /home/libok/um_file/packages/ros2srrc_irb6640 -DCMAKE_INSTALL_PREFIX=/home/libok/um_file/install/ros2srrc_irb6640[0m
[203.207s] [34mcolcon.colcon_core.event_handler.log_command[0m [1;30mDEBUG[0m [32mInvoking command in '/home/libok/um_file/build/ros2srrc_launch': CMAKE_PREFIX_PATH=${CMAKE_PREFIX_PATH}:/opt/ros/humble /usr/local/bin/cmake /home/libok/um_file/ros2srrc_launch -DCMAKE_INSTALL_PREFIX=/home/libok/um_file/install/ros2srrc_launch[0m
[208.624s] [34mcolcon.colcon_core.event_handler.log_command[0m [1;30mDEBUG[0m [32mInvoked command in '/home/libok/um_file/build/admittance_controller' returned '0': CMAKE_PREFIX_PATH=${CMAKE_PREFIX_PATH}:/opt/ros/humble /usr/local/bin/cmake --build /home/libok/um_file/build/admittance_controller -- -j18 -l18[0m
[208.634s] [34mcolcon.colcon_core.event_handler.log_command[0m [1;30mDEBUG[0m [32mInvoking command in '/home/libok/um_file/build/admittance_controller': CMAKE_PREFIX_PATH=${CMAKE_PREFIX_PATH}:/opt/ros/humble /usr/local/bin/cmake --install /home/libok/um_file/build/admittance_controller[0m
[210.088s] [34mcolcon.colcon_core.event_handler.log_command[0m [1;30mDEBUG[0m [32mInvoked command in '/home/libok/um_file/build/velocity_controllers' returned '0': CMAKE_PREFIX_PATH=/home/libok/um_file/install/forward_command_controller:/home/libok/um_file/install/ur:/home/libok/um_file/install/ur_calibration:/home/libok/um_file/install/ur_robot_driver:/home/libok/um_file/install/ur_bringup:/home/libok/um_file/install/robotiq_description:/home/libok/um_file/install/ros2_controllers:/home/libok/um_file/install/velocity_controllers:/home/libok/um_file/install/ur_controllers:/home/libok/um_file/install/ur_msgs:/home/libok/um_file/install/ur_moveit_config:/home/libok/um_file/install/ur_dashboard_msgs:/home/libok/um_file/install/tricycle_steering_controller:/home/libok/um_file/install/tricycle_controller:/home/libok/um_file/install/bicycle_steering_controller:/home/libok/um_file/install/ackermann_steering_controller:/home/libok/um_file/install/steering_controllers_library:/home/libok/um_file/install/robotiq_hardware_tests:/home/libok/um_file/install/robotiq_driver:/home/libok/um_file/install/serial:/home/libok/um_file/install/ros2srrc_robots:/home/libok/um_file/install/ros2srrc_moveit:/home/libok/um_file/install/ros2srrc_launch:/home/libok/um_file/install/ros2srrc_gazebo:/home/libok/um_file/install/ros2srrc_endeffectors:/home/libok/um_file/install/ros2srrc_data:/home/libok/um_file/install/robotiq_controllers:/home/libok/um_file/install/range_sensor_broadcaster:/home/libok/um_file/install/position_controllers:/home/libok/um_file/install/pose_broadcaster:/home/libok/um_file/install/pid_controller:/home/libok/um_file/install/mecanum_drive_controller:/home/libok/um_file/install/joint_trajectory_controller:/home/libok/um_file/install/joint_state_broadcaster:/home/libok/um_file/install/imu_sensor_broadcaster:/home/libok/um_file/install/gripper_controllers:/home/libok/um_file/install/gpio_controllers:/home/libok/um_file/install/effort_controllers:/home/libok/um_file/install/force_torque_sensor_broadcaster:/home/libok/um_file/install/diff_drive_controller:/home/libok/um_file/install/admittance_controller:/opt/ros/humble LD_LIBRARY_PATH=/home/libok/um_file/install/forward_command_controller/lib:/home/libok/um_file/install/ur_robot_driver/lib:/home/libok/um_file/install/velocity_controllers/lib:/home/libok/um_file/install/ur_controllers/lib:/home/libok/um_file/install/ur_msgs/lib:/home/libok/um_file/install/ur_dashboard_msgs/lib:/home/libok/um_file/install/tricycle_steering_controller/lib:/home/libok/um_file/install/tricycle_controller/lib:/home/libok/um_file/install/bicycle_steering_controller/lib:/home/libok/um_file/install/ackermann_steering_controller/lib:/home/libok/um_file/install/steering_controllers_library/lib:/home/libok/um_file/install/robotiq_driver/lib:/home/libok/um_file/install/serial/lib:/home/libok/um_file/install/ros2srrc_data/lib:/home/libok/um_file/install/robotiq_controllers/lib:/home/libok/um_file/install/range_sensor_broadcaster/lib:/home/libok/um_file/install/position_controllers/lib:/home/libok/um_file/install/pose_broadcaster/lib:/home/libok/um_file/install/pid_controller/lib:/home/libok/um_file/install/mecanum_drive_controller/lib:/home/libok/um_file/install/joint_trajectory_controller/lib:/home/libok/um_file/install/joint_state_broadcaster/lib:/home/libok/um_file/install/imu_sensor_broadcaster/lib:/home/libok/um_file/install/gripper_controllers/lib:/home/libok/um_file/install/gpio_controllers/lib:/home/libok/um_file/install/effort_controllers/lib:/home/libok/um_file/install/force_torque_sensor_broadcaster/lib:/home/libok/um_file/install/diff_drive_controller/lib:/home/libok/um_file/install/admittance_controller/lib:/usr/lib/x86_64-linux-gnu/gazebo-11/plugins:/opt/ros/humble/opt/rviz_ogre_vendor/lib:/opt/ros/humble/lib/x86_64-linux-gnu:/opt/ros/humble/lib:/home/libok/.mujoco/mujoco210/bin:/usr/lib/nvidia:/home/libok/.mujoco/mujoco210/bin:/usr/lib/nvidia /usr/local/bin/cmake /home/libok/um_file/ros2_controllers/velocity_controllers -DCMAKE_INSTALL_PREFIX=/home/libok/um_file/install/velocity_controllers[0m
[210.119s] [34mcolcon.colcon_core.event_handler.log_command[0m [1;30mDEBUG[0m [32mInvoking command in '/home/libok/um_file/build/velocity_controllers': CMAKE_PREFIX_PATH=/home/libok/um_file/install/forward_command_controller:/home/libok/um_file/install/ur:/home/libok/um_file/install/ur_calibration:/home/libok/um_file/install/ur_robot_driver:/home/libok/um_file/install/ur_bringup:/home/libok/um_file/install/robotiq_description:/home/libok/um_file/install/ros2_controllers:/home/libok/um_file/install/velocity_controllers:/home/libok/um_file/install/ur_controllers:/home/libok/um_file/install/ur_msgs:/home/libok/um_file/install/ur_moveit_config:/home/libok/um_file/install/ur_dashboard_msgs:/home/libok/um_file/install/tricycle_steering_controller:/home/libok/um_file/install/tricycle_controller:/home/libok/um_file/install/bicycle_steering_controller:/home/libok/um_file/install/ackermann_steering_controller:/home/libok/um_file/install/steering_controllers_library:/home/libok/um_file/install/robotiq_hardware_tests:/home/libok/um_file/install/robotiq_driver:/home/libok/um_file/install/serial:/home/libok/um_file/install/ros2srrc_robots:/home/libok/um_file/install/ros2srrc_moveit:/home/libok/um_file/install/ros2srrc_launch:/home/libok/um_file/install/ros2srrc_gazebo:/home/libok/um_file/install/ros2srrc_endeffectors:/home/libok/um_file/install/ros2srrc_data:/home/libok/um_file/install/robotiq_controllers:/home/libok/um_file/install/range_sensor_broadcaster:/home/libok/um_file/install/position_controllers:/home/libok/um_file/install/pose_broadcaster:/home/libok/um_file/install/pid_controller:/home/libok/um_file/install/mecanum_drive_controller:/home/libok/um_file/install/joint_trajectory_controller:/home/libok/um_file/install/joint_state_broadcaster:/home/libok/um_file/install/imu_sensor_broadcaster:/home/libok/um_file/install/gripper_controllers:/home/libok/um_file/install/gpio_controllers:/home/libok/um_file/install/effort_controllers:/home/libok/um_file/install/force_torque_sensor_broadcaster:/home/libok/um_file/install/diff_drive_controller:/home/libok/um_file/install/admittance_controller:/opt/ros/humble LD_LIBRARY_PATH=/home/libok/um_file/install/forward_command_controller/lib:/home/libok/um_file/install/ur_robot_driver/lib:/home/libok/um_file/install/velocity_controllers/lib:/home/libok/um_file/install/ur_controllers/lib:/home/libok/um_file/install/ur_msgs/lib:/home/libok/um_file/install/ur_dashboard_msgs/lib:/home/libok/um_file/install/tricycle_steering_controller/lib:/home/libok/um_file/install/tricycle_controller/lib:/home/libok/um_file/install/bicycle_steering_controller/lib:/home/libok/um_file/install/ackermann_steering_controller/lib:/home/libok/um_file/install/steering_controllers_library/lib:/home/libok/um_file/install/robotiq_driver/lib:/home/libok/um_file/install/serial/lib:/home/libok/um_file/install/ros2srrc_data/lib:/home/libok/um_file/install/robotiq_controllers/lib:/home/libok/um_file/install/range_sensor_broadcaster/lib:/home/libok/um_file/install/position_controllers/lib:/home/libok/um_file/install/pose_broadcaster/lib:/home/libok/um_file/install/pid_controller/lib:/home/libok/um_file/install/mecanum_drive_controller/lib:/home/libok/um_file/install/joint_trajectory_controller/lib:/home/libok/um_file/install/joint_state_broadcaster/lib:/home/libok/um_file/install/imu_sensor_broadcaster/lib:/home/libok/um_file/install/gripper_controllers/lib:/home/libok/um_file/install/gpio_controllers/lib:/home/libok/um_file/install/effort_controllers/lib:/home/libok/um_file/install/force_torque_sensor_broadcaster/lib:/home/libok/um_file/install/diff_drive_controller/lib:/home/libok/um_file/install/admittance_controller/lib:/usr/lib/x86_64-linux-gnu/gazebo-11/plugins:/opt/ros/humble/opt/rviz_ogre_vendor/lib:/opt/ros/humble/lib/x86_64-linux-gnu:/opt/ros/humble/lib:/home/libok/.mujoco/mujoco210/bin:/usr/lib/nvidia:/home/libok/.mujoco/mujoco210/bin:/usr/lib/nvidia /usr/local/bin/cmake --build /home/libok/um_file/build/velocity_controllers -- -j18 -l18[0m
[210.122s] [34mcolcon.colcon_core.event_handler.log_command[0m [1;30mDEBUG[0m [32mInvoked command in '/home/libok/um_file/build/ros2srrc_irb120' returned '0': CMAKE_PREFIX_PATH=${CMAKE_PREFIX_PATH}:/opt/ros/humble /usr/local/bin/cmake /home/libok/um_file/packages/ros2srrc_irb120 -DCMAKE_INSTALL_PREFIX=/home/libok/um_file/install/ros2srrc_irb120[0m
[210.124s] [34mcolcon.colcon_core.event_handler.log_command[0m [1;30mDEBUG[0m [32mInvoking command in '/home/libok/um_file/build/ros2srrc_irb120': CMAKE_PREFIX_PATH=${CMAKE_PREFIX_PATH}:/opt/ros/humble /usr/local/bin/cmake --build /home/libok/um_file/build/ros2srrc_irb120 -- -j18 -l18[0m
[210.382s] [34mcolcon.colcon_core.event_handler.log_command[0m [1;30mDEBUG[0m [32mInvoked command in '/home/libok/um_file/build/position_controllers' returned '0': CMAKE_PREFIX_PATH=/home/libok/um_file/install/forward_command_controller:/home/libok/um_file/install/ur:/home/libok/um_file/install/ur_calibration:/home/libok/um_file/install/ur_robot_driver:/home/libok/um_file/install/ur_bringup:/home/libok/um_file/install/robotiq_description:/home/libok/um_file/install/ros2_controllers:/home/libok/um_file/install/velocity_controllers:/home/libok/um_file/install/ur_controllers:/home/libok/um_file/install/ur_msgs:/home/libok/um_file/install/ur_moveit_config:/home/libok/um_file/install/ur_dashboard_msgs:/home/libok/um_file/install/tricycle_steering_controller:/home/libok/um_file/install/tricycle_controller:/home/libok/um_file/install/bicycle_steering_controller:/home/libok/um_file/install/ackermann_steering_controller:/home/libok/um_file/install/steering_controllers_library:/home/libok/um_file/install/robotiq_hardware_tests:/home/libok/um_file/install/robotiq_driver:/home/libok/um_file/install/serial:/home/libok/um_file/install/ros2srrc_robots:/home/libok/um_file/install/ros2srrc_moveit:/home/libok/um_file/install/ros2srrc_launch:/home/libok/um_file/install/ros2srrc_gazebo:/home/libok/um_file/install/ros2srrc_endeffectors:/home/libok/um_file/install/ros2srrc_data:/home/libok/um_file/install/robotiq_controllers:/home/libok/um_file/install/range_sensor_broadcaster:/home/libok/um_file/install/position_controllers:/home/libok/um_file/install/pose_broadcaster:/home/libok/um_file/install/pid_controller:/home/libok/um_file/install/mecanum_drive_controller:/home/libok/um_file/install/joint_trajectory_controller:/home/libok/um_file/install/joint_state_broadcaster:/home/libok/um_file/install/imu_sensor_broadcaster:/home/libok/um_file/install/gripper_controllers:/home/libok/um_file/install/gpio_controllers:/home/libok/um_file/install/effort_controllers:/home/libok/um_file/install/force_torque_sensor_broadcaster:/home/libok/um_file/install/diff_drive_controller:/home/libok/um_file/install/admittance_controller:/opt/ros/humble LD_LIBRARY_PATH=/home/libok/um_file/install/forward_command_controller/lib:/home/libok/um_file/install/ur_robot_driver/lib:/home/libok/um_file/install/velocity_controllers/lib:/home/libok/um_file/install/ur_controllers/lib:/home/libok/um_file/install/ur_msgs/lib:/home/libok/um_file/install/ur_dashboard_msgs/lib:/home/libok/um_file/install/tricycle_steering_controller/lib:/home/libok/um_file/install/tricycle_controller/lib:/home/libok/um_file/install/bicycle_steering_controller/lib:/home/libok/um_file/install/ackermann_steering_controller/lib:/home/libok/um_file/install/steering_controllers_library/lib:/home/libok/um_file/install/robotiq_driver/lib:/home/libok/um_file/install/serial/lib:/home/libok/um_file/install/ros2srrc_data/lib:/home/libok/um_file/install/robotiq_controllers/lib:/home/libok/um_file/install/range_sensor_broadcaster/lib:/home/libok/um_file/install/position_controllers/lib:/home/libok/um_file/install/pose_broadcaster/lib:/home/libok/um_file/install/pid_controller/lib:/home/libok/um_file/install/mecanum_drive_controller/lib:/home/libok/um_file/install/joint_trajectory_controller/lib:/home/libok/um_file/install/joint_state_broadcaster/lib:/home/libok/um_file/install/imu_sensor_broadcaster/lib:/home/libok/um_file/install/gripper_controllers/lib:/home/libok/um_file/install/gpio_controllers/lib:/home/libok/um_file/install/effort_controllers/lib:/home/libok/um_file/install/force_torque_sensor_broadcaster/lib:/home/libok/um_file/install/diff_drive_controller/lib:/home/libok/um_file/install/admittance_controller/lib:/usr/lib/x86_64-linux-gnu/gazebo-11/plugins:/opt/ros/humble/opt/rviz_ogre_vendor/lib:/opt/ros/humble/lib/x86_64-linux-gnu:/opt/ros/humble/lib:/home/libok/.mujoco/mujoco210/bin:/usr/lib/nvidia:/home/libok/.mujoco/mujoco210/bin:/usr/lib/nvidia /usr/local/bin/cmake /home/libok/um_file/ros2_controllers/position_controllers -DCMAKE_INSTALL_PREFIX=/home/libok/um_file/install/position_controllers[0m
[210.395s] [34mcolcon.colcon_core.event_handler.log_command[0m [1;30mDEBUG[0m [32mInvoking command in '/home/libok/um_file/build/position_controllers': CMAKE_PREFIX_PATH=/home/libok/um_file/install/forward_command_controller:/home/libok/um_file/install/ur:/home/libok/um_file/install/ur_calibration:/home/libok/um_file/install/ur_robot_driver:/home/libok/um_file/install/ur_bringup:/home/libok/um_file/install/robotiq_description:/home/libok/um_file/install/ros2_controllers:/home/libok/um_file/install/velocity_controllers:/home/libok/um_file/install/ur_controllers:/home/libok/um_file/install/ur_msgs:/home/libok/um_file/install/ur_moveit_config:/home/libok/um_file/install/ur_dashboard_msgs:/home/libok/um_file/install/tricycle_steering_controller:/home/libok/um_file/install/tricycle_controller:/home/libok/um_file/install/bicycle_steering_controller:/home/libok/um_file/install/ackermann_steering_controller:/home/libok/um_file/install/steering_controllers_library:/home/libok/um_file/install/robotiq_hardware_tests:/home/libok/um_file/install/robotiq_driver:/home/libok/um_file/install/serial:/home/libok/um_file/install/ros2srrc_robots:/home/libok/um_file/install/ros2srrc_moveit:/home/libok/um_file/install/ros2srrc_launch:/home/libok/um_file/install/ros2srrc_gazebo:/home/libok/um_file/install/ros2srrc_endeffectors:/home/libok/um_file/install/ros2srrc_data:/home/libok/um_file/install/robotiq_controllers:/home/libok/um_file/install/range_sensor_broadcaster:/home/libok/um_file/install/position_controllers:/home/libok/um_file/install/pose_broadcaster:/home/libok/um_file/install/pid_controller:/home/libok/um_file/install/mecanum_drive_controller:/home/libok/um_file/install/joint_trajectory_controller:/home/libok/um_file/install/joint_state_broadcaster:/home/libok/um_file/install/imu_sensor_broadcaster:/home/libok/um_file/install/gripper_controllers:/home/libok/um_file/install/gpio_controllers:/home/libok/um_file/install/effort_controllers:/home/libok/um_file/install/force_torque_sensor_broadcaster:/home/libok/um_file/install/diff_drive_controller:/home/libok/um_file/install/admittance_controller:/opt/ros/humble LD_LIBRARY_PATH=/home/libok/um_file/install/forward_command_controller/lib:/home/libok/um_file/install/ur_robot_driver/lib:/home/libok/um_file/install/velocity_controllers/lib:/home/libok/um_file/install/ur_controllers/lib:/home/libok/um_file/install/ur_msgs/lib:/home/libok/um_file/install/ur_dashboard_msgs/lib:/home/libok/um_file/install/tricycle_steering_controller/lib:/home/libok/um_file/install/tricycle_controller/lib:/home/libok/um_file/install/bicycle_steering_controller/lib:/home/libok/um_file/install/ackermann_steering_controller/lib:/home/libok/um_file/install/steering_controllers_library/lib:/home/libok/um_file/install/robotiq_driver/lib:/home/libok/um_file/install/serial/lib:/home/libok/um_file/install/ros2srrc_data/lib:/home/libok/um_file/install/robotiq_controllers/lib:/home/libok/um_file/install/range_sensor_broadcaster/lib:/home/libok/um_file/install/position_controllers/lib:/home/libok/um_file/install/pose_broadcaster/lib:/home/libok/um_file/install/pid_controller/lib:/home/libok/um_file/install/mecanum_drive_controller/lib:/home/libok/um_file/install/joint_trajectory_controller/lib:/home/libok/um_file/install/joint_state_broadcaster/lib:/home/libok/um_file/install/imu_sensor_broadcaster/lib:/home/libok/um_file/install/gripper_controllers/lib:/home/libok/um_file/install/gpio_controllers/lib:/home/libok/um_file/install/effort_controllers/lib:/home/libok/um_file/install/force_torque_sensor_broadcaster/lib:/home/libok/um_file/install/diff_drive_controller/lib:/home/libok/um_file/install/admittance_controller/lib:/usr/lib/x86_64-linux-gnu/gazebo-11/plugins:/opt/ros/humble/opt/rviz_ogre_vendor/lib:/opt/ros/humble/lib/x86_64-linux-gnu:/opt/ros/humble/lib:/home/libok/.mujoco/mujoco210/bin:/usr/lib/nvidia:/home/libok/.mujoco/mujoco210/bin:/usr/lib/nvidia /usr/local/bin/cmake --build /home/libok/um_file/build/position_controllers -- -j18 -l18[0m
[210.401s] [34mcolcon.colcon_core.event_handler.log_command[0m [1;30mDEBUG[0m [32mInvoked command in '/home/libok/um_file/build/ros2srrc_irb1200' returned '0': CMAKE_PREFIX_PATH=${CMAKE_PREFIX_PATH}:/opt/ros/humble /usr/local/bin/cmake /home/libok/um_file/packages/ros2srrc_irb1200 -DCMAKE_INSTALL_PREFIX=/home/libok/um_file/install/ros2srrc_irb1200[0m
[210.413s] [34mcolcon.colcon_core.environment[0m [1;30mLevel 1[0m create_environment_scripts_only(admittance_controller)
[210.418s] [34mcolcon.colcon_core.environment[0m [1;30mLevel 1[0m checking '/home/libok/um_file/install/admittance_controller' for CMake module files
[210.419s] [34mcolcon.colcon_core.environment[0m [1;30mLevel 1[0m checking '/home/libok/um_file/install/admittance_controller' for CMake config files
[210.422s] [34mcolcon.colcon_core.event_handler.log_command[0m [1;30mDEBUG[0m [32mInvoking command in '/home/libok/um_file/build/ros2srrc_irb1200': CMAKE_PREFIX_PATH=${CMAKE_PREFIX_PATH}:/opt/ros/humble /usr/local/bin/cmake --build /home/libok/um_file/build/ros2srrc_irb1200 -- -j18 -l18[0m
[210.423s] [34mcolcon.colcon_core.shell[0m [1;30mLevel 1[0m create_environment_hook('admittance_controller', 'cmake_prefix_path')
[210.423s] [34mcolcon.colcon_core.shell[0m [1;30mINFO[0m Creating environment hook '/home/libok/um_file/install/admittance_controller/share/admittance_controller/hook/cmake_prefix_path.ps1'
[210.425s] [34mcolcon.colcon_core.shell[0m [1;30mINFO[0m Creating environment descriptor '/home/libok/um_file/install/admittance_controller/share/admittance_controller/hook/cmake_prefix_path.dsv'
[210.429s] [34mcolcon.colcon_core.shell[0m [1;30mINFO[0m Creating environment hook '/home/libok/um_file/install/admittance_controller/share/admittance_controller/hook/cmake_prefix_path.sh'
[210.432s] [34mcolcon.colcon_core.environment[0m [1;30mLevel 1[0m checking '/home/libok/um_file/install/admittance_controller/lib'
[210.433s] [34mcolcon.colcon_core.shell[0m [1;30mLevel 1[0m create_environment_hook('admittance_controller', 'ld_library_path_lib')
[210.434s] [34mcolcon.colcon_core.shell[0m [1;30mINFO[0m Creating environment hook '/home/libok/um_file/install/admittance_controller/share/admittance_controller/hook/ld_library_path_lib.ps1'
[210.435s] [34mcolcon.colcon_core.shell[0m [1;30mINFO[0m Creating environment descriptor '/home/libok/um_file/install/admittance_controller/share/admittance_controller/hook/ld_library_path_lib.dsv'
[210.436s] [34mcolcon.colcon_core.shell[0m [1;30mINFO[0m Creating environment hook '/home/libok/um_file/install/admittance_controller/share/admittance_controller/hook/ld_library_path_lib.sh'
[210.437s] [34mcolcon.colcon_core.environment[0m [1;30mLevel 1[0m checking '/home/libok/um_file/install/admittance_controller/bin'
[210.437s] [34mcolcon.colcon_core.environment[0m [1;30mLevel 1[0m checking '/home/libok/um_file/install/admittance_controller/lib/pkgconfig/admittance_controller.pc'
[210.438s] [34mcolcon.colcon_core.environment[0m [1;30mLevel 1[0m checking '/home/libok/um_file/install/admittance_controller/lib/python3.10/site-packages'
[210.439s] [34mcolcon.colcon_core.environment[0m [1;30mLevel 1[0m checking '/home/libok/um_file/install/admittance_controller/bin'
[210.440s] [34mcolcon.colcon_core.shell[0m [1;30mINFO[0m Creating package script '/home/libok/um_file/install/admittance_controller/share/admittance_controller/package.ps1'
[210.443s] [34mcolcon.colcon_core.event_handler.log_command[0m [1;30mDEBUG[0m [32mInvoked command in '/home/libok/um_file/build/ros2srrc_irb1600' returned '0': CMAKE_PREFIX_PATH=${CMAKE_PREFIX_PATH}:/opt/ros/humble /usr/local/bin/cmake /home/libok/um_file/packages/ros2srrc_irb1600 -DCMAKE_INSTALL_PREFIX=/home/libok/um_file/install/ros2srrc_irb1600[0m
[210.445s] [34mcolcon.colcon_core.shell[0m [1;30mINFO[0m Creating package descriptor '/home/libok/um_file/install/admittance_controller/share/admittance_controller/package.dsv'
[210.446s] [34mcolcon.colcon_core.shell[0m [1;30mINFO[0m Creating package script '/home/libok/um_file/install/admittance_controller/share/admittance_controller/package.sh'
[210.447s] [34mcolcon.colcon_core.event_handler.log_command[0m [1;30mDEBUG[0m [32mInvoking command in '/home/libok/um_file/build/ros2srrc_irb1600': CMAKE_PREFIX_PATH=${CMAKE_PREFIX_PATH}:/opt/ros/humble /usr/local/bin/cmake --build /home/libok/um_file/build/ros2srrc_irb1600 -- -j18 -l18[0m
[210.448s] [34mcolcon.colcon_core.event_handler.log_command[0m [1;30mDEBUG[0m [32mInvoked command in '/home/libok/um_file/build/ros2srrc_irb6640' returned '0': CMAKE_PREFIX_PATH=${CMAKE_PREFIX_PATH}:/opt/ros/humble /usr/local/bin/cmake /home/libok/um_file/packages/ros2srrc_irb6640 -DCMAKE_INSTALL_PREFIX=/home/libok/um_file/install/ros2srrc_irb6640[0m
[210.449s] [34mcolcon.colcon_core.event_handler.log_command[0m [1;30mDEBUG[0m [32mInvoking command in '/home/libok/um_file/build/ros2srrc_irb6640': CMAKE_PREFIX_PATH=${CMAKE_PREFIX_PATH}:/opt/ros/humble /usr/local/bin/cmake --build /home/libok/um_file/build/ros2srrc_irb6640 -- -j18 -l18[0m
[210.450s] [34mcolcon.colcon_core.event_handler.log_command[0m [1;30mDEBUG[0m [32mInvoked command in '/home/libok/um_file/build/ros2srrc_launch' returned '0': CMAKE_PREFIX_PATH=${CMAKE_PREFIX_PATH}:/opt/ros/humble /usr/local/bin/cmake /home/libok/um_file/ros2srrc_launch -DCMAKE_INSTALL_PREFIX=/home/libok/um_file/install/ros2srrc_launch[0m
[210.452s] [34mcolcon.colcon_core.shell[0m [1;30mINFO[0m Creating package script '/home/libok/um_file/install/admittance_controller/share/admittance_controller/package.bash'
[210.453s] [34mcolcon.colcon_core.shell[0m [1;30mINFO[0m Creating package script '/home/libok/um_file/install/admittance_controller/share/admittance_controller/package.zsh'
[210.454s] [34mcolcon.colcon_core.environment[0m [1;30mLevel 1[0m create_file_with_runtime_dependencies(/home/libok/um_file/install/admittance_controller/share/colcon-core/packages/admittance_controller)
[210.455s] [34mcolcon.colcon_core.event_handler.log_command[0m [1;30mDEBUG[0m [32mInvoking command in '/home/libok/um_file/build/ros2srrc_launch': CMAKE_PREFIX_PATH=${CMAKE_PREFIX_PATH}:/opt/ros/humble /usr/local/bin/cmake --build /home/libok/um_file/build/ros2srrc_launch -- -j18 -l18[0m
[210.457s] [34mcolcon.colcon_core.event_handler.log_command[0m [1;30mDEBUG[0m [32mInvoked command in '/home/libok/um_file/build/admittance_controller' returned '0': CMAKE_PREFIX_PATH=${CMAKE_PREFIX_PATH}:/opt/ros/humble /usr/local/bin/cmake --install /home/libok/um_file/build/admittance_controller[0m
[210.458s] [34mcolcon.colcon_core.environment[0m [1;30mLevel 1[0m create_environment_scripts_only(admittance_controller)
[210.459s] [34mcolcon.colcon_core.environment[0m [1;30mLevel 1[0m checking '/home/libok/um_file/install/admittance_controller' for CMake module files
[210.460s] [34mcolcon.colcon_core.environment[0m [1;30mLevel 1[0m checking '/home/libok/um_file/install/admittance_controller' for CMake config files
[210.460s] [34mcolcon.colcon_core.shell[0m [1;30mLevel 1[0m create_environment_hook('admittance_controller', 'cmake_prefix_path')
[210.461s] [34mcolcon.colcon_core.shell[0m [1;30mINFO[0m Creating environment hook '/home/libok/um_file/install/admittance_controller/share/admittance_controller/hook/cmake_prefix_path.ps1'
[210.462s] [34mcolcon.colcon_core.shell[0m [1;30mINFO[0m Creating environment descriptor '/home/libok/um_file/install/admittance_controller/share/admittance_controller/hook/cmake_prefix_path.dsv'
[210.463s] [34mcolcon.colcon_core.shell[0m [1;30mINFO[0m Creating environment hook '/home/libok/um_file/install/admittance_controller/share/admittance_controller/hook/cmake_prefix_path.sh'
[210.465s] [34mcolcon.colcon_core.environment[0m [1;30mLevel 1[0m checking '/home/libok/um_file/install/admittance_controller/lib'
[210.466s] [34mcolcon.colcon_core.shell[0m [1;30mLevel 1[0m create_environment_hook('admittance_controller', 'ld_library_path_lib')
[210.466s] [34mcolcon.colcon_core.shell[0m [1;30mINFO[0m Creating environment hook '/home/libok/um_file/install/admittance_controller/share/admittance_controller/hook/ld_library_path_lib.ps1'
[210.468s] [34mcolcon.colcon_core.shell[0m [1;30mINFO[0m Creating environment descriptor '/home/libok/um_file/install/admittance_controller/share/admittance_controller/hook/ld_library_path_lib.dsv'
[210.469s] [34mcolcon.colcon_core.shell[0m [1;30mINFO[0m Creating environment hook '/home/libok/um_file/install/admittance_controller/share/admittance_controller/hook/ld_library_path_lib.sh'
[210.470s] [34mcolcon.colcon_core.environment[0m [1;30mLevel 1[0m checking '/home/libok/um_file/install/admittance_controller/bin'
[210.470s] [34mcolcon.colcon_core.environment[0m [1;30mLevel 1[0m checking '/home/libok/um_file/install/admittance_controller/lib/pkgconfig/admittance_controller.pc'
[210.471s] [34mcolcon.colcon_core.environment[0m [1;30mLevel 1[0m checking '/home/libok/um_file/install/admittance_controller/lib/python3.10/site-packages'
[210.472s] [34mcolcon.colcon_core.environment[0m [1;30mLevel 1[0m checking '/home/libok/um_file/install/admittance_controller/bin'
[210.473s] [34mcolcon.colcon_core.shell[0m [1;30mINFO[0m Creating package script '/home/libok/um_file/install/admittance_controller/share/admittance_controller/package.ps1'
[210.474s] [34mcolcon.colcon_core.shell[0m [1;30mINFO[0m Creating package descriptor '/home/libok/um_file/install/admittance_controller/share/admittance_controller/package.dsv'
[210.475s] [34mcolcon.colcon_core.shell[0m [1;30mINFO[0m Creating package script '/home/libok/um_file/install/admittance_controller/share/admittance_controller/package.sh'
[210.476s] [34mcolcon.colcon_core.shell[0m [1;30mINFO[0m Creating package script '/home/libok/um_file/install/admittance_controller/share/admittance_controller/package.bash'
[210.477s] [34mcolcon.colcon_core.shell[0m [1;30mINFO[0m Creating package script '/home/libok/um_file/install/admittance_controller/share/admittance_controller/package.zsh'
[210.478s] [34mcolcon.colcon_core.environment[0m [1;30mLevel 1[0m create_file_with_runtime_dependencies(/home/libok/um_file/install/admittance_controller/share/colcon-core/packages/admittance_controller)
[210.483s] [34mcolcon.colcon_ros.task.ament_cmake.build[0m [1;30mINFO[0m Building ROS package in '/home/libok/um_file/ros2srrc_moveit' with build type 'ament_cmake'
[210.483s] [34mcolcon.colcon_cmake.task.cmake.build[0m [1;30mINFO[0m Building CMake package in '/home/libok/um_file/ros2srrc_moveit'
[210.484s] [34mcolcon.colcon_core.shell[0m [1;30mINFO[0m Skip shell extension 'powershell' for command environment: Not usable outside of PowerShell
[210.484s] [34mcolcon.colcon_core.shell[0m [1;30mDEBUG[0m [32mSkip shell extension 'dsv' for command environment[0m
[210.513s] [34mcolcon.colcon_core.event_handler.log_command[0m [1;30mDEBUG[0m [32mInvoking command in '/home/libok/um_file/build/ros2srrc_moveit': CMAKE_PREFIX_PATH=${CMAKE_PREFIX_PATH}:/opt/ros/humble /usr/local/bin/cmake /home/libok/um_file/ros2srrc_moveit -DCMAKE_INSTALL_PREFIX=/home/libok/um_file/install/ros2srrc_moveit[0m
[210.546s] [34mcolcon.colcon_core.event_handler.log_command[0m [1;30mDEBUG[0m [32mInvoked command in '/home/libok/um_file/build/effort_controllers' returned '0': CMAKE_PREFIX_PATH=/home/libok/um_file/install/forward_command_controller:/home/libok/um_file/install/ur:/home/libok/um_file/install/ur_calibration:/home/libok/um_file/install/ur_robot_driver:/home/libok/um_file/install/ur_bringup:/home/libok/um_file/install/robotiq_description:/home/libok/um_file/install/ros2_controllers:/home/libok/um_file/install/velocity_controllers:/home/libok/um_file/install/ur_controllers:/home/libok/um_file/install/ur_msgs:/home/libok/um_file/install/ur_moveit_config:/home/libok/um_file/install/ur_dashboard_msgs:/home/libok/um_file/install/tricycle_steering_controller:/home/libok/um_file/install/tricycle_controller:/home/libok/um_file/install/bicycle_steering_controller:/home/libok/um_file/install/ackermann_steering_controller:/home/libok/um_file/install/steering_controllers_library:/home/libok/um_file/install/robotiq_hardware_tests:/home/libok/um_file/install/robotiq_driver:/home/libok/um_file/install/serial:/home/libok/um_file/install/ros2srrc_robots:/home/libok/um_file/install/ros2srrc_moveit:/home/libok/um_file/install/ros2srrc_launch:/home/libok/um_file/install/ros2srrc_gazebo:/home/libok/um_file/install/ros2srrc_endeffectors:/home/libok/um_file/install/ros2srrc_data:/home/libok/um_file/install/robotiq_controllers:/home/libok/um_file/install/range_sensor_broadcaster:/home/libok/um_file/install/position_controllers:/home/libok/um_file/install/pose_broadcaster:/home/libok/um_file/install/pid_controller:/home/libok/um_file/install/mecanum_drive_controller:/home/libok/um_file/install/joint_trajectory_controller:/home/libok/um_file/install/joint_state_broadcaster:/home/libok/um_file/install/imu_sensor_broadcaster:/home/libok/um_file/install/gripper_controllers:/home/libok/um_file/install/gpio_controllers:/home/libok/um_file/install/effort_controllers:/home/libok/um_file/install/force_torque_sensor_broadcaster:/home/libok/um_file/install/diff_drive_controller:/home/libok/um_file/install/admittance_controller:/opt/ros/humble LD_LIBRARY_PATH=/home/libok/um_file/install/forward_command_controller/lib:/home/libok/um_file/install/ur_robot_driver/lib:/home/libok/um_file/install/velocity_controllers/lib:/home/libok/um_file/install/ur_controllers/lib:/home/libok/um_file/install/ur_msgs/lib:/home/libok/um_file/install/ur_dashboard_msgs/lib:/home/libok/um_file/install/tricycle_steering_controller/lib:/home/libok/um_file/install/tricycle_controller/lib:/home/libok/um_file/install/bicycle_steering_controller/lib:/home/libok/um_file/install/ackermann_steering_controller/lib:/home/libok/um_file/install/steering_controllers_library/lib:/home/libok/um_file/install/robotiq_driver/lib:/home/libok/um_file/install/serial/lib:/home/libok/um_file/install/ros2srrc_data/lib:/home/libok/um_file/install/robotiq_controllers/lib:/home/libok/um_file/install/range_sensor_broadcaster/lib:/home/libok/um_file/install/position_controllers/lib:/home/libok/um_file/install/pose_broadcaster/lib:/home/libok/um_file/install/pid_controller/lib:/home/libok/um_file/install/mecanum_drive_controller/lib:/home/libok/um_file/install/joint_trajectory_controller/lib:/home/libok/um_file/install/joint_state_broadcaster/lib:/home/libok/um_file/install/imu_sensor_broadcaster/lib:/home/libok/um_file/install/gripper_controllers/lib:/home/libok/um_file/install/gpio_controllers/lib:/home/libok/um_file/install/effort_controllers/lib:/home/libok/um_file/install/force_torque_sensor_broadcaster/lib:/home/libok/um_file/install/diff_drive_controller/lib:/home/libok/um_file/install/admittance_controller/lib:/usr/lib/x86_64-linux-gnu/gazebo-11/plugins:/opt/ros/humble/opt/rviz_ogre_vendor/lib:/opt/ros/humble/lib/x86_64-linux-gnu:/opt/ros/humble/lib:/home/libok/.mujoco/mujoco210/bin:/usr/lib/nvidia:/home/libok/.mujoco/mujoco210/bin:/usr/lib/nvidia /usr/local/bin/cmake /home/libok/um_file/ros2_controllers/effort_controllers -DCMAKE_INSTALL_PREFIX=/home/libok/um_file/install/effort_controllers[0m
[210.550s] [34mcolcon.colcon_core.event_handler.log_command[0m [1;30mDEBUG[0m [32mInvoking command in '/home/libok/um_file/build/effort_controllers': CMAKE_PREFIX_PATH=/home/libok/um_file/install/forward_command_controller:/home/libok/um_file/install/ur:/home/libok/um_file/install/ur_calibration:/home/libok/um_file/install/ur_robot_driver:/home/libok/um_file/install/ur_bringup:/home/libok/um_file/install/robotiq_description:/home/libok/um_file/install/ros2_controllers:/home/libok/um_file/install/velocity_controllers:/home/libok/um_file/install/ur_controllers:/home/libok/um_file/install/ur_msgs:/home/libok/um_file/install/ur_moveit_config:/home/libok/um_file/install/ur_dashboard_msgs:/home/libok/um_file/install/tricycle_steering_controller:/home/libok/um_file/install/tricycle_controller:/home/libok/um_file/install/bicycle_steering_controller:/home/libok/um_file/install/ackermann_steering_controller:/home/libok/um_file/install/steering_controllers_library:/home/libok/um_file/install/robotiq_hardware_tests:/home/libok/um_file/install/robotiq_driver:/home/libok/um_file/install/serial:/home/libok/um_file/install/ros2srrc_robots:/home/libok/um_file/install/ros2srrc_moveit:/home/libok/um_file/install/ros2srrc_launch:/home/libok/um_file/install/ros2srrc_gazebo:/home/libok/um_file/install/ros2srrc_endeffectors:/home/libok/um_file/install/ros2srrc_data:/home/libok/um_file/install/robotiq_controllers:/home/libok/um_file/install/range_sensor_broadcaster:/home/libok/um_file/install/position_controllers:/home/libok/um_file/install/pose_broadcaster:/home/libok/um_file/install/pid_controller:/home/libok/um_file/install/mecanum_drive_controller:/home/libok/um_file/install/joint_trajectory_controller:/home/libok/um_file/install/joint_state_broadcaster:/home/libok/um_file/install/imu_sensor_broadcaster:/home/libok/um_file/install/gripper_controllers:/home/libok/um_file/install/gpio_controllers:/home/libok/um_file/install/effort_controllers:/home/libok/um_file/install/force_torque_sensor_broadcaster:/home/libok/um_file/install/diff_drive_controller:/home/libok/um_file/install/admittance_controller:/opt/ros/humble LD_LIBRARY_PATH=/home/libok/um_file/install/forward_command_controller/lib:/home/libok/um_file/install/ur_robot_driver/lib:/home/libok/um_file/install/velocity_controllers/lib:/home/libok/um_file/install/ur_controllers/lib:/home/libok/um_file/install/ur_msgs/lib:/home/libok/um_file/install/ur_dashboard_msgs/lib:/home/libok/um_file/install/tricycle_steering_controller/lib:/home/libok/um_file/install/tricycle_controller/lib:/home/libok/um_file/install/bicycle_steering_controller/lib:/home/libok/um_file/install/ackermann_steering_controller/lib:/home/libok/um_file/install/steering_controllers_library/lib:/home/libok/um_file/install/robotiq_driver/lib:/home/libok/um_file/install/serial/lib:/home/libok/um_file/install/ros2srrc_data/lib:/home/libok/um_file/install/robotiq_controllers/lib:/home/libok/um_file/install/range_sensor_broadcaster/lib:/home/libok/um_file/install/position_controllers/lib:/home/libok/um_file/install/pose_broadcaster/lib:/home/libok/um_file/install/pid_controller/lib:/home/libok/um_file/install/mecanum_drive_controller/lib:/home/libok/um_file/install/joint_trajectory_controller/lib:/home/libok/um_file/install/joint_state_broadcaster/lib:/home/libok/um_file/install/imu_sensor_broadcaster/lib:/home/libok/um_file/install/gripper_controllers/lib:/home/libok/um_file/install/gpio_controllers/lib:/home/libok/um_file/install/effort_controllers/lib:/home/libok/um_file/install/force_torque_sensor_broadcaster/lib:/home/libok/um_file/install/diff_drive_controller/lib:/home/libok/um_file/install/admittance_controller/lib:/usr/lib/x86_64-linux-gnu/gazebo-11/plugins:/opt/ros/humble/opt/rviz_ogre_vendor/lib:/opt/ros/humble/lib/x86_64-linux-gnu:/opt/ros/humble/lib:/home/libok/.mujoco/mujoco210/bin:/usr/lib/nvidia:/home/libok/.mujoco/mujoco210/bin:/usr/lib/nvidia /usr/local/bin/cmake --build /home/libok/um_file/build/effort_controllers -- -j18 -l18[0m
[210.552s] [34mcolcon.colcon_core.event_handler.log_command[0m [1;30mDEBUG[0m [32mInvoked command in '/home/libok/um_file/build/ros2srrc_irb120' returned '0': CMAKE_PREFIX_PATH=${CMAKE_PREFIX_PATH}:/opt/ros/humble /usr/local/bin/cmake --build /home/libok/um_file/build/ros2srrc_irb120 -- -j18 -l18[0m
[210.562s] [34mcolcon.colcon_core.event_handler.log_command[0m [1;30mDEBUG[0m [32mInvoking command in '/home/libok/um_file/build/ros2srrc_irb120': CMAKE_PREFIX_PATH=${CMAKE_PREFIX_PATH}:/opt/ros/humble /usr/local/bin/cmake --install /home/libok/um_file/build/ros2srrc_irb120[0m
[212.376s] [34mcolcon.colcon_core.event_handler.log_command[0m [1;30mDEBUG[0m [32mInvoked command in '/home/libok/um_file/build/pid_controller' returned '0': CMAKE_PREFIX_PATH=${CMAKE_PREFIX_PATH}:/opt/ros/humble /usr/local/bin/cmake --build /home/libok/um_file/build/pid_controller -- -j18 -l18[0m
[212.387s] [34mcolcon.colcon_core.event_handler.log_command[0m [1;30mDEBUG[0m [32mInvoking command in '/home/libok/um_file/build/pid_controller': CMAKE_PREFIX_PATH=${CMAKE_PREFIX_PATH}:/opt/ros/humble /usr/local/bin/cmake --install /home/libok/um_file/build/pid_controller[0m
[212.396s] [34mcolcon.colcon_core.event_handler.log_command[0m [1;30mDEBUG[0m [32mInvoked command in '/home/libok/um_file/build/ros2srrc_irb1600' returned '0': CMAKE_PREFIX_PATH=${CMAKE_PREFIX_PATH}:/opt/ros/humble /usr/local/bin/cmake --build /home/libok/um_file/build/ros2srrc_irb1600 -- -j18 -l18[0m
[212.399s] [34mcolcon.colcon_core.event_handler.log_command[0m [1;30mDEBUG[0m [32mInvoking command in '/home/libok/um_file/build/ros2srrc_irb1600': CMAKE_PREFIX_PATH=${CMAKE_PREFIX_PATH}:/opt/ros/humble /usr/local/bin/cmake --install /home/libok/um_file/build/ros2srrc_irb1600[0m
[212.408s] [34mcolcon.colcon_core.event_handler.log_command[0m [1;30mDEBUG[0m [32mInvoked command in '/home/libok/um_file/build/ros2srrc_irb1200' returned '0': CMAKE_PREFIX_PATH=${CMAKE_PREFIX_PATH}:/opt/ros/humble /usr/local/bin/cmake --build /home/libok/um_file/build/ros2srrc_irb1200 -- -j18 -l18[0m
[212.414s] [34mcolcon.colcon_core.event_handler.log_command[0m [1;30mDEBUG[0m [32mInvoking command in '/home/libok/um_file/build/ros2srrc_irb1200': CMAKE_PREFIX_PATH=${CMAKE_PREFIX_PATH}:/opt/ros/humble /usr/local/bin/cmake --install /home/libok/um_file/build/ros2srrc_irb1200[0m
[212.422s] [34mcolcon.colcon_core.event_handler.log_command[0m [1;30mDEBUG[0m [32mInvoked command in '/home/libok/um_file/build/ros2srrc_irb6640' returned '0': CMAKE_PREFIX_PATH=${CMAKE_PREFIX_PATH}:/opt/ros/humble /usr/local/bin/cmake --build /home/libok/um_file/build/ros2srrc_irb6640 -- -j18 -l18[0m
[212.432s] [34mcolcon.colcon_core.event_handler.log_command[0m [1;30mDEBUG[0m [32mInvoking command in '/home/libok/um_file/build/ros2srrc_irb6640': CMAKE_PREFIX_PATH=${CMAKE_PREFIX_PATH}:/opt/ros/humble /usr/local/bin/cmake --install /home/libok/um_file/build/ros2srrc_irb6640[0m
[212.433s] [34mcolcon.colcon_core.event_handler.log_command[0m [1;30mDEBUG[0m [32mInvoked command in '/home/libok/um_file/build/ros2srrc_launch' returned '0': CMAKE_PREFIX_PATH=${CMAKE_PREFIX_PATH}:/opt/ros/humble /usr/local/bin/cmake --build /home/libok/um_file/build/ros2srrc_launch -- -j18 -l18[0m
[212.439s] [34mcolcon.colcon_core.event_handler.log_command[0m [1;30mDEBUG[0m [32mInvoking command in '/home/libok/um_file/build/ros2srrc_launch': CMAKE_PREFIX_PATH=${CMAKE_PREFIX_PATH}:/opt/ros/humble /usr/local/bin/cmake --install /home/libok/um_file/build/ros2srrc_launch[0m
[212.710s] [34mcolcon.colcon_core.event_handler.log_command[0m [1;30mDEBUG[0m [32mInvoked command in '/home/libok/um_file/build/ros2srrc_moveit' returned '0': CMAKE_PREFIX_PATH=${CMAKE_PREFIX_PATH}:/opt/ros/humble /usr/local/bin/cmake /home/libok/um_file/ros2srrc_moveit -DCMAKE_INSTALL_PREFIX=/home/libok/um_file/install/ros2srrc_moveit[0m
[212.716s] [34mcolcon.colcon_core.event_handler.log_command[0m [1;30mDEBUG[0m [32mInvoking command in '/home/libok/um_file/build/ros2srrc_moveit': CMAKE_PREFIX_PATH=${CMAKE_PREFIX_PATH}:/opt/ros/humble /usr/local/bin/cmake --build /home/libok/um_file/build/ros2srrc_moveit -- -j18 -l18[0m
[212.993s] [34mcolcon.colcon_core.event_handler.log_command[0m [1;30mDEBUG[0m [32mInvoked command in '/home/libok/um_file/build/ur_dashboard_msgs' returned '0': CMAKE_PREFIX_PATH=${CMAKE_PREFIX_PATH}:/opt/ros/humble /usr/local/bin/cmake --build /home/libok/um_file/build/ur_dashboard_msgs -- -j18 -l18[0m
[213.008s] [34mcolcon.colcon_core.environment[0m [1;30mLevel 1[0m create_environment_scripts_only(ros2srrc_irb120)
[213.010s] [34mcolcon.colcon_core.environment[0m [1;30mLevel 1[0m checking '/home/libok/um_file/install/ros2srrc_irb120' for CMake module files
[213.018s] [34mcolcon.colcon_core.environment[0m [1;30mLevel 1[0m checking '/home/libok/um_file/install/ros2srrc_irb120' for CMake config files
[213.025s] [34mcolcon.colcon_core.shell[0m [1;30mLevel 1[0m create_environment_hook('ros2srrc_irb120', 'cmake_prefix_path')
[213.026s] [34mcolcon.colcon_core.shell[0m [1;30mINFO[0m Creating environment hook '/home/libok/um_file/install/ros2srrc_irb120/share/ros2srrc_irb120/hook/cmake_prefix_path.ps1'
[213.034s] [34mcolcon.colcon_core.shell[0m [1;30mINFO[0m Creating environment descriptor '/home/libok/um_file/install/ros2srrc_irb120/share/ros2srrc_irb120/hook/cmake_prefix_path.dsv'
[213.040s] [34mcolcon.colcon_core.shell[0m [1;30mINFO[0m Creating environment hook '/home/libok/um_file/install/ros2srrc_irb120/share/ros2srrc_irb120/hook/cmake_prefix_path.sh'
[213.049s] [34mcolcon.colcon_core.environment[0m [1;30mLevel 1[0m checking '/home/libok/um_file/install/ros2srrc_irb120/bin'
[213.050s] [34mcolcon.colcon_core.environment[0m [1;30mLevel 1[0m checking '/home/libok/um_file/install/ros2srrc_irb120/lib/pkgconfig/ros2srrc_irb120.pc'
[213.052s] [34mcolcon.colcon_core.event_handler.log_command[0m [1;30mDEBUG[0m [32mInvoking command in '/home/libok/um_file/build/ur_dashboard_msgs': CMAKE_PREFIX_PATH=${CMAKE_PREFIX_PATH}:/opt/ros/humble /usr/local/bin/cmake --install /home/libok/um_file/build/ur_dashboard_msgs[0m
[213.054s] [34mcolcon.colcon_core.environment[0m [1;30mLevel 1[0m checking '/home/libok/um_file/install/ros2srrc_irb120/lib/python3.10/site-packages'
[213.055s] [34mcolcon.colcon_core.environment[0m [1;30mLevel 1[0m checking '/home/libok/um_file/install/ros2srrc_irb120/bin'
[213.056s] [34mcolcon.colcon_core.shell[0m [1;30mINFO[0m Creating package script '/home/libok/um_file/install/ros2srrc_irb120/share/ros2srrc_irb120/package.ps1'
[213.059s] [34mcolcon.colcon_core.event_handler.log_command[0m [1;30mDEBUG[0m [32mInvoked command in '/home/libok/um_file/build/ros2srrc_irb120' returned '0': CMAKE_PREFIX_PATH=${CMAKE_PREFIX_PATH}:/opt/ros/humble /usr/local/bin/cmake --install /home/libok/um_file/build/ros2srrc_irb120[0m
[213.063s] [34mcolcon.colcon_core.shell[0m [1;30mINFO[0m Creating package descriptor '/home/libok/um_file/install/ros2srrc_irb120/share/ros2srrc_irb120/package.dsv'
[213.064s] [34mcolcon.colcon_core.shell[0m [1;30mINFO[0m Creating package script '/home/libok/um_file/install/ros2srrc_irb120/share/ros2srrc_irb120/package.sh'
[213.069s] [34mcolcon.colcon_core.shell[0m [1;30mINFO[0m Creating package script '/home/libok/um_file/install/ros2srrc_irb120/share/ros2srrc_irb120/package.bash'
[213.072s] [34mcolcon.colcon_core.shell[0m [1;30mINFO[0m Creating package script '/home/libok/um_file/install/ros2srrc_irb120/share/ros2srrc_irb120/package.zsh'
[213.077s] [34mcolcon.colcon_core.environment[0m [1;30mLevel 1[0m create_file_with_runtime_dependencies(/home/libok/um_file/install/ros2srrc_irb120/share/colcon-core/packages/ros2srrc_irb120)
[213.081s] [34mcolcon.colcon_core.environment[0m [1;30mLevel 1[0m create_environment_scripts_only(ros2srrc_irb120)
[213.082s] [34mcolcon.colcon_core.environment[0m [1;30mLevel 1[0m checking '/home/libok/um_file/install/ros2srrc_irb120' for CMake module files
[213.085s] [34mcolcon.colcon_core.environment[0m [1;30mLevel 1[0m checking '/home/libok/um_file/install/ros2srrc_irb120' for CMake config files
[213.096s] [34mcolcon.colcon_core.shell[0m [1;30mLevel 1[0m create_environment_hook('ros2srrc_irb120', 'cmake_prefix_path')
[213.097s] [34mcolcon.colcon_core.shell[0m [1;30mINFO[0m Creating environment hook '/home/libok/um_file/install/ros2srrc_irb120/share/ros2srrc_irb120/hook/cmake_prefix_path.ps1'
[213.107s] [34mcolcon.colcon_core.shell[0m [1;30mINFO[0m Creating environment descriptor '/home/libok/um_file/install/ros2srrc_irb120/share/ros2srrc_irb120/hook/cmake_prefix_path.dsv'
[213.111s] [34mcolcon.colcon_core.shell[0m [1;30mINFO[0m Creating environment hook '/home/libok/um_file/install/ros2srrc_irb120/share/ros2srrc_irb120/hook/cmake_prefix_path.sh'
[213.118s] [34mcolcon.colcon_core.environment[0m [1;30mLevel 1[0m checking '/home/libok/um_file/install/ros2srrc_irb120/bin'
[213.119s] [34mcolcon.colcon_core.environment[0m [1;30mLevel 1[0m checking '/home/libok/um_file/install/ros2srrc_irb120/lib/pkgconfig/ros2srrc_irb120.pc'
[213.121s] [34mcolcon.colcon_core.environment[0m [1;30mLevel 1[0m checking '/home/libok/um_file/install/ros2srrc_irb120/lib/python3.10/site-packages'
[213.122s] [34mcolcon.colcon_core.environment[0m [1;30mLevel 1[0m checking '/home/libok/um_file/install/ros2srrc_irb120/bin'
[213.123s] [34mcolcon.colcon_core.shell[0m [1;30mINFO[0m Creating package script '/home/libok/um_file/install/ros2srrc_irb120/share/ros2srrc_irb120/package.ps1'
[213.127s] [34mcolcon.colcon_core.shell[0m [1;30mINFO[0m Creating package descriptor '/home/libok/um_file/install/ros2srrc_irb120/share/ros2srrc_irb120/package.dsv'
[213.129s] [34mcolcon.colcon_core.shell[0m [1;30mINFO[0m Creating package script '/home/libok/um_file/install/ros2srrc_irb120/share/ros2srrc_irb120/package.sh'
[213.135s] [34mcolcon.colcon_core.shell[0m [1;30mINFO[0m Creating package script '/home/libok/um_file/install/ros2srrc_irb120/share/ros2srrc_irb120/package.bash'
[213.142s] [34mcolcon.colcon_core.shell[0m [1;30mINFO[0m Creating package script '/home/libok/um_file/install/ros2srrc_irb120/share/ros2srrc_irb120/package.zsh'
[213.145s] [34mcolcon.colcon_core.environment[0m [1;30mLevel 1[0m create_file_with_runtime_dependencies(/home/libok/um_file/install/ros2srrc_irb120/share/colcon-core/packages/ros2srrc_irb120)
[213.149s] [34mcolcon.colcon_core.environment[0m [1;30mLevel 1[0m create_environment_scripts_only(pid_controller)
[213.150s] [34mcolcon.colcon_core.environment[0m [1;30mLevel 1[0m checking '/home/libok/um_file/install/pid_controller' for CMake module files
[213.162s] [34mcolcon.colcon_core.environment[0m [1;30mLevel 1[0m checking '/home/libok/um_file/install/pid_controller' for CMake config files
[213.175s] [34mcolcon.colcon_core.shell[0m [1;30mLevel 1[0m create_environment_hook('pid_controller', 'cmake_prefix_path')
[213.177s] [34mcolcon.colcon_core.shell[0m [1;30mINFO[0m Creating environment hook '/home/libok/um_file/install/pid_controller/share/pid_controller/hook/cmake_prefix_path.ps1'
[213.180s] [34mcolcon.colcon_core.shell[0m [1;30mINFO[0m Creating environment descriptor '/home/libok/um_file/install/pid_controller/share/pid_controller/hook/cmake_prefix_path.dsv'
[213.183s] [34mcolcon.colcon_core.event_handler.log_command[0m [1;30mDEBUG[0m [32mInvoked command in '/home/libok/um_file/build/pid_controller' returned '0': CMAKE_PREFIX_PATH=${CMAKE_PREFIX_PATH}:/opt/ros/humble /usr/local/bin/cmake --install /home/libok/um_file/build/pid_controller[0m
[213.186s] [34mcolcon.colcon_core.shell[0m [1;30mINFO[0m Creating environment hook '/home/libok/um_file/install/pid_controller/share/pid_controller/hook/cmake_prefix_path.sh'
[213.191s] [34mcolcon.colcon_core.environment[0m [1;30mLevel 1[0m checking '/home/libok/um_file/install/pid_controller/lib'
[213.194s] [34mcolcon.colcon_core.shell[0m [1;30mLevel 1[0m create_environment_hook('pid_controller', 'ld_library_path_lib')
[213.195s] [34mcolcon.colcon_core.shell[0m [1;30mINFO[0m Creating environment hook '/home/libok/um_file/install/pid_controller/share/pid_controller/hook/ld_library_path_lib.ps1'
[213.198s] [34mcolcon.colcon_core.shell[0m [1;30mINFO[0m Creating environment descriptor '/home/libok/um_file/install/pid_controller/share/pid_controller/hook/ld_library_path_lib.dsv'
[213.202s] [34mcolcon.colcon_core.shell[0m [1;30mINFO[0m Creating environment hook '/home/libok/um_file/install/pid_controller/share/pid_controller/hook/ld_library_path_lib.sh'
[213.206s] [34mcolcon.colcon_core.environment[0m [1;30mLevel 1[0m checking '/home/libok/um_file/install/pid_controller/bin'
[213.206s] [34mcolcon.colcon_core.environment[0m [1;30mLevel 1[0m checking '/home/libok/um_file/install/pid_controller/lib/pkgconfig/pid_controller.pc'
[213.208s] [34mcolcon.colcon_core.environment[0m [1;30mLevel 1[0m checking '/home/libok/um_file/install/pid_controller/lib/python3.10/site-packages'
[213.210s] [34mcolcon.colcon_core.environment[0m [1;30mLevel 1[0m checking '/home/libok/um_file/install/pid_controller/bin'
[213.211s] [34mcolcon.colcon_core.shell[0m [1;30mINFO[0m Creating package script '/home/libok/um_file/install/pid_controller/share/pid_controller/package.ps1'
[213.215s] [34mcolcon.colcon_core.shell[0m [1;30mINFO[0m Creating package descriptor '/home/libok/um_file/install/pid_controller/share/pid_controller/package.dsv'
[213.217s] [34mcolcon.colcon_core.shell[0m [1;30mINFO[0m Creating package script '/home/libok/um_file/install/pid_controller/share/pid_controller/package.sh'
[213.218s] [34mcolcon.colcon_core.shell[0m [1;30mINFO[0m Creating package script '/home/libok/um_file/install/pid_controller/share/pid_controller/package.bash'
[213.219s] [34mcolcon.colcon_core.shell[0m [1;30mINFO[0m Creating package script '/home/libok/um_file/install/pid_controller/share/pid_controller/package.zsh'
[213.220s] [34mcolcon.colcon_core.environment[0m [1;30mLevel 1[0m create_file_with_runtime_dependencies(/home/libok/um_file/install/pid_controller/share/colcon-core/packages/pid_controller)
[213.222s] [34mcolcon.colcon_core.environment[0m [1;30mLevel 1[0m create_environment_scripts_only(pid_controller)
[213.223s] [34mcolcon.colcon_core.environment[0m [1;30mLevel 1[0m checking '/home/libok/um_file/install/pid_controller' for CMake module files
[213.225s] [34mcolcon.colcon_core.environment[0m [1;30mLevel 1[0m checking '/home/libok/um_file/install/pid_controller' for CMake config files
[213.225s] [34mcolcon.colcon_core.shell[0m [1;30mLevel 1[0m create_environment_hook('pid_controller', 'cmake_prefix_path')
[213.226s] [34mcolcon.colcon_core.shell[0m [1;30mINFO[0m Creating environment hook '/home/libok/um_file/install/pid_controller/share/pid_controller/hook/cmake_prefix_path.ps1'
[213.227s] [34mcolcon.colcon_core.shell[0m [1;30mINFO[0m Creating environment descriptor '/home/libok/um_file/install/pid_controller/share/pid_controller/hook/cmake_prefix_path.dsv'
[213.228s] [34mcolcon.colcon_core.shell[0m [1;30mINFO[0m Creating environment hook '/home/libok/um_file/install/pid_controller/share/pid_controller/hook/cmake_prefix_path.sh'
[213.230s] [34mcolcon.colcon_core.environment[0m [1;30mLevel 1[0m checking '/home/libok/um_file/install/pid_controller/lib'
[213.230s] [34mcolcon.colcon_core.shell[0m [1;30mLevel 1[0m create_environment_hook('pid_controller', 'ld_library_path_lib')
[213.231s] [34mcolcon.colcon_core.shell[0m [1;30mINFO[0m Creating environment hook '/home/libok/um_file/install/pid_controller/share/pid_controller/hook/ld_library_path_lib.ps1'
[213.232s] [34mcolcon.colcon_core.shell[0m [1;30mINFO[0m Creating environment descriptor '/home/libok/um_file/install/pid_controller/share/pid_controller/hook/ld_library_path_lib.dsv'
[213.233s] [34mcolcon.colcon_core.shell[0m [1;30mINFO[0m Creating environment hook '/home/libok/um_file/install/pid_controller/share/pid_controller/hook/ld_library_path_lib.sh'
[213.234s] [34mcolcon.colcon_core.environment[0m [1;30mLevel 1[0m checking '/home/libok/um_file/install/pid_controller/bin'
[213.234s] [34mcolcon.colcon_core.environment[0m [1;30mLevel 1[0m checking '/home/libok/um_file/install/pid_controller/lib/pkgconfig/pid_controller.pc'
[213.234s] [34mcolcon.colcon_core.environment[0m [1;30mLevel 1[0m checking '/home/libok/um_file/install/pid_controller/lib/python3.10/site-packages'
[213.235s] [34mcolcon.colcon_core.environment[0m [1;30mLevel 1[0m checking '/home/libok/um_file/install/pid_controller/bin'
[213.236s] [34mcolcon.colcon_core.shell[0m [1;30mINFO[0m Creating package script '/home/libok/um_file/install/pid_controller/share/pid_controller/package.ps1'
[213.236s] [34mcolcon.colcon_core.shell[0m [1;30mINFO[0m Creating package descriptor '/home/libok/um_file/install/pid_controller/share/pid_controller/package.dsv'
[213.237s] [34mcolcon.colcon_core.shell[0m [1;30mINFO[0m Creating package script '/home/libok/um_file/install/pid_controller/share/pid_controller/package.sh'
[213.238s] [34mcolcon.colcon_core.shell[0m [1;30mINFO[0m Creating package script '/home/libok/um_file/install/pid_controller/share/pid_controller/package.bash'
[213.239s] [34mcolcon.colcon_core.shell[0m [1;30mINFO[0m Creating package script '/home/libok/um_file/install/pid_controller/share/pid_controller/package.zsh'
[213.240s] [34mcolcon.colcon_core.environment[0m [1;30mLevel 1[0m create_file_with_runtime_dependencies(/home/libok/um_file/install/pid_controller/share/colcon-core/packages/pid_controller)
[213.240s] [34mcolcon.colcon_core.environment[0m [1;30mLevel 1[0m create_environment_scripts_only(ros2srrc_irb1600)
[213.240s] [34mcolcon.colcon_core.environment[0m [1;30mLevel 1[0m checking '/home/libok/um_file/install/ros2srrc_irb1600' for CMake module files
[213.242s] [34mcolcon.colcon_core.environment[0m [1;30mLevel 1[0m checking '/home/libok/um_file/install/ros2srrc_irb1600' for CMake config files
[213.243s] [34mcolcon.colcon_core.shell[0m [1;30mLevel 1[0m create_environment_hook('ros2srrc_irb1600', 'cmake_prefix_path')
[213.243s] [34mcolcon.colcon_core.shell[0m [1;30mINFO[0m Creating environment hook '/home/libok/um_file/install/ros2srrc_irb1600/share/ros2srrc_irb1600/hook/cmake_prefix_path.ps1'
[213.244s] [34mcolcon.colcon_core.event_handler.log_command[0m [1;30mDEBUG[0m [32mInvoked command in '/home/libok/um_file/build/ros2srrc_irb1600' returned '0': CMAKE_PREFIX_PATH=${CMAKE_PREFIX_PATH}:/opt/ros/humble /usr/local/bin/cmake --install /home/libok/um_file/build/ros2srrc_irb1600[0m
[213.245s] [34mcolcon.colcon_core.shell[0m [1;30mINFO[0m Creating environment descriptor '/home/libok/um_file/install/ros2srrc_irb1600/share/ros2srrc_irb1600/hook/cmake_prefix_path.dsv'
[213.246s] [34mcolcon.colcon_core.shell[0m [1;30mINFO[0m Creating environment hook '/home/libok/um_file/install/ros2srrc_irb1600/share/ros2srrc_irb1600/hook/cmake_prefix_path.sh'
[213.248s] [34mcolcon.colcon_core.environment[0m [1;30mLevel 1[0m checking '/home/libok/um_file/install/ros2srrc_irb1600/bin'
[213.248s] [34mcolcon.colcon_core.environment[0m [1;30mLevel 1[0m checking '/home/libok/um_file/install/ros2srrc_irb1600/lib/pkgconfig/ros2srrc_irb1600.pc'
[213.248s] [34mcolcon.colcon_core.environment[0m [1;30mLevel 1[0m checking '/home/libok/um_file/install/ros2srrc_irb1600/lib/python3.10/site-packages'
[213.249s] [34mcolcon.colcon_core.environment[0m [1;30mLevel 1[0m checking '/home/libok/um_file/install/ros2srrc_irb1600/bin'
[213.251s] [34mcolcon.colcon_core.shell[0m [1;30mINFO[0m Creating package script '/home/libok/um_file/install/ros2srrc_irb1600/share/ros2srrc_irb1600/package.ps1'
[213.252s] [34mcolcon.colcon_core.shell[0m [1;30mINFO[0m Creating package descriptor '/home/libok/um_file/install/ros2srrc_irb1600/share/ros2srrc_irb1600/package.dsv'
[213.253s] [34mcolcon.colcon_core.shell[0m [1;30mINFO[0m Creating package script '/home/libok/um_file/install/ros2srrc_irb1600/share/ros2srrc_irb1600/package.sh'
[213.254s] [34mcolcon.colcon_core.shell[0m [1;30mINFO[0m Creating package script '/home/libok/um_file/install/ros2srrc_irb1600/share/ros2srrc_irb1600/package.bash'
[213.254s] [34mcolcon.colcon_core.shell[0m [1;30mINFO[0m Creating package script '/home/libok/um_file/install/ros2srrc_irb1600/share/ros2srrc_irb1600/package.zsh'
[213.255s] [34mcolcon.colcon_core.environment[0m [1;30mLevel 1[0m create_file_with_runtime_dependencies(/home/libok/um_file/install/ros2srrc_irb1600/share/colcon-core/packages/ros2srrc_irb1600)
[213.256s] [34mcolcon.colcon_core.environment[0m [1;30mLevel 1[0m create_environment_scripts_only(ros2srrc_irb1600)
[213.257s] [34mcolcon.colcon_core.environment[0m [1;30mLevel 1[0m checking '/home/libok/um_file/install/ros2srrc_irb1600' for CMake module files
[213.258s] [34mcolcon.colcon_core.environment[0m [1;30mLevel 1[0m checking '/home/libok/um_file/install/ros2srrc_irb1600' for CMake config files
[213.258s] [34mcolcon.colcon_core.shell[0m [1;30mLevel 1[0m create_environment_hook('ros2srrc_irb1600', 'cmake_prefix_path')
[213.259s] [34mcolcon.colcon_core.shell[0m [1;30mINFO[0m Creating environment hook '/home/libok/um_file/install/ros2srrc_irb1600/share/ros2srrc_irb1600/hook/cmake_prefix_path.ps1'
[213.260s] [34mcolcon.colcon_core.shell[0m [1;30mINFO[0m Creating environment descriptor '/home/libok/um_file/install/ros2srrc_irb1600/share/ros2srrc_irb1600/hook/cmake_prefix_path.dsv'
[213.260s] [34mcolcon.colcon_core.shell[0m [1;30mINFO[0m Creating environment hook '/home/libok/um_file/install/ros2srrc_irb1600/share/ros2srrc_irb1600/hook/cmake_prefix_path.sh'
[213.261s] [34mcolcon.colcon_core.environment[0m [1;30mLevel 1[0m checking '/home/libok/um_file/install/ros2srrc_irb1600/bin'
[213.261s] [34mcolcon.colcon_core.environment[0m [1;30mLevel 1[0m checking '/home/libok/um_file/install/ros2srrc_irb1600/lib/pkgconfig/ros2srrc_irb1600.pc'
[213.262s] [34mcolcon.colcon_core.environment[0m [1;30mLevel 1[0m checking '/home/libok/um_file/install/ros2srrc_irb1600/lib/python3.10/site-packages'
[213.262s] [34mcolcon.colcon_core.environment[0m [1;30mLevel 1[0m checking '/home/libok/um_file/install/ros2srrc_irb1600/bin'
[213.263s] [34mcolcon.colcon_core.shell[0m [1;30mINFO[0m Creating package script '/home/libok/um_file/install/ros2srrc_irb1600/share/ros2srrc_irb1600/package.ps1'
[213.264s] [34mcolcon.colcon_core.shell[0m [1;30mINFO[0m Creating package descriptor '/home/libok/um_file/install/ros2srrc_irb1600/share/ros2srrc_irb1600/package.dsv'
[213.264s] [34mcolcon.colcon_core.shell[0m [1;30mINFO[0m Creating package script '/home/libok/um_file/install/ros2srrc_irb1600/share/ros2srrc_irb1600/package.sh'
[213.265s] [34mcolcon.colcon_core.shell[0m [1;30mINFO[0m Creating package script '/home/libok/um_file/install/ros2srrc_irb1600/share/ros2srrc_irb1600/package.bash'
[213.266s] [34mcolcon.colcon_core.shell[0m [1;30mINFO[0m Creating package script '/home/libok/um_file/install/ros2srrc_irb1600/share/ros2srrc_irb1600/package.zsh'
[213.266s] [34mcolcon.colcon_core.environment[0m [1;30mLevel 1[0m create_file_with_runtime_dependencies(/home/libok/um_file/install/ros2srrc_irb1600/share/colcon-core/packages/ros2srrc_irb1600)
[213.267s] [34mcolcon.colcon_core.environment[0m [1;30mLevel 1[0m create_environment_scripts_only(ros2srrc_irb1200)
[213.267s] [34mcolcon.colcon_core.environment[0m [1;30mLevel 1[0m checking '/home/libok/um_file/install/ros2srrc_irb1200' for CMake module files
[213.269s] [34mcolcon.colcon_core.event_handler.log_command[0m [1;30mDEBUG[0m [32mInvoked command in '/home/libok/um_file/build/ros2srrc_irb1200' returned '0': CMAKE_PREFIX_PATH=${CMAKE_PREFIX_PATH}:/opt/ros/humble /usr/local/bin/cmake --install /home/libok/um_file/build/ros2srrc_irb1200[0m
[213.270s] [34mcolcon.colcon_core.environment[0m [1;30mLevel 1[0m checking '/home/libok/um_file/install/ros2srrc_irb1200' for CMake config files
[213.270s] [34mcolcon.colcon_core.shell[0m [1;30mLevel 1[0m create_environment_hook('ros2srrc_irb1200', 'cmake_prefix_path')
[213.271s] [34mcolcon.colcon_core.shell[0m [1;30mINFO[0m Creating environment hook '/home/libok/um_file/install/ros2srrc_irb1200/share/ros2srrc_irb1200/hook/cmake_prefix_path.ps1'
[213.272s] [34mcolcon.colcon_core.shell[0m [1;30mINFO[0m Creating environment descriptor '/home/libok/um_file/install/ros2srrc_irb1200/share/ros2srrc_irb1200/hook/cmake_prefix_path.dsv'
[213.273s] [34mcolcon.colcon_core.shell[0m [1;30mINFO[0m Creating environment hook '/home/libok/um_file/install/ros2srrc_irb1200/share/ros2srrc_irb1200/hook/cmake_prefix_path.sh'
[213.275s] [34mcolcon.colcon_core.environment[0m [1;30mLevel 1[0m checking '/home/libok/um_file/install/ros2srrc_irb1200/bin'
[213.275s] [34mcolcon.colcon_core.environment[0m [1;30mLevel 1[0m checking '/home/libok/um_file/install/ros2srrc_irb1200/lib/pkgconfig/ros2srrc_irb1200.pc'
[213.275s] [34mcolcon.colcon_core.environment[0m [1;30mLevel 1[0m checking '/home/libok/um_file/install/ros2srrc_irb1200/lib/python3.10/site-packages'
[213.276s] [34mcolcon.colcon_core.environment[0m [1;30mLevel 1[0m checking '/home/libok/um_file/install/ros2srrc_irb1200/bin'
[213.277s] [34mcolcon.colcon_core.shell[0m [1;30mINFO[0m Creating package script '/home/libok/um_file/install/ros2srrc_irb1200/share/ros2srrc_irb1200/package.ps1'
[213.278s] [34mcolcon.colcon_core.shell[0m [1;30mINFO[0m Creating package descriptor '/home/libok/um_file/install/ros2srrc_irb1200/share/ros2srrc_irb1200/package.dsv'
[213.280s] [34mcolcon.colcon_core.shell[0m [1;30mINFO[0m Creating package script '/home/libok/um_file/install/ros2srrc_irb1200/share/ros2srrc_irb1200/package.sh'
[213.281s] [34mcolcon.colcon_core.shell[0m [1;30mINFO[0m Creating package script '/home/libok/um_file/install/ros2srrc_irb1200/share/ros2srrc_irb1200/package.bash'
[213.281s] [34mcolcon.colcon_core.shell[0m [1;30mINFO[0m Creating package script '/home/libok/um_file/install/ros2srrc_irb1200/share/ros2srrc_irb1200/package.zsh'
[213.282s] [34mcolcon.colcon_core.environment[0m [1;30mLevel 1[0m create_file_with_runtime_dependencies(/home/libok/um_file/install/ros2srrc_irb1200/share/colcon-core/packages/ros2srrc_irb1200)
[213.284s] [34mcolcon.colcon_core.environment[0m [1;30mLevel 1[0m create_environment_scripts_only(ros2srrc_irb1200)
[213.285s] [34mcolcon.colcon_core.environment[0m [1;30mLevel 1[0m checking '/home/libok/um_file/install/ros2srrc_irb1200' for CMake module files
[213.287s] [34mcolcon.colcon_core.environment[0m [1;30mLevel 1[0m checking '/home/libok/um_file/install/ros2srrc_irb1200' for CMake config files
[213.288s] [34mcolcon.colcon_core.shell[0m [1;30mLevel 1[0m create_environment_hook('ros2srrc_irb1200', 'cmake_prefix_path')
[213.288s] [34mcolcon.colcon_core.shell[0m [1;30mINFO[0m Creating environment hook '/home/libok/um_file/install/ros2srrc_irb1200/share/ros2srrc_irb1200/hook/cmake_prefix_path.ps1'
[213.290s] [34mcolcon.colcon_core.shell[0m [1;30mINFO[0m Creating environment descriptor '/home/libok/um_file/install/ros2srrc_irb1200/share/ros2srrc_irb1200/hook/cmake_prefix_path.dsv'
[213.290s] [34mcolcon.colcon_core.shell[0m [1;30mINFO[0m Creating environment hook '/home/libok/um_file/install/ros2srrc_irb1200/share/ros2srrc_irb1200/hook/cmake_prefix_path.sh'
[213.292s] [34mcolcon.colcon_core.environment[0m [1;30mLevel 1[0m checking '/home/libok/um_file/install/ros2srrc_irb1200/bin'
[213.292s] [34mcolcon.colcon_core.environment[0m [1;30mLevel 1[0m checking '/home/libok/um_file/install/ros2srrc_irb1200/lib/pkgconfig/ros2srrc_irb1200.pc'
[213.293s] [34mcolcon.colcon_core.environment[0m [1;30mLevel 1[0m checking '/home/libok/um_file/install/ros2srrc_irb1200/lib/python3.10/site-packages'
[213.294s] [34mcolcon.colcon_core.environment[0m [1;30mLevel 1[0m checking '/home/libok/um_file/install/ros2srrc_irb1200/bin'
[213.295s] [34mcolcon.colcon_core.shell[0m [1;30mINFO[0m Creating package script '/home/libok/um_file/install/ros2srrc_irb1200/share/ros2srrc_irb1200/package.ps1'
[213.296s] [34mcolcon.colcon_core.shell[0m [1;30mINFO[0m Creating package descriptor '/home/libok/um_file/install/ros2srrc_irb1200/share/ros2srrc_irb1200/package.dsv'
[213.297s] [34mcolcon.colcon_core.shell[0m [1;30mINFO[0m Creating package script '/home/libok/um_file/install/ros2srrc_irb1200/share/ros2srrc_irb1200/package.sh'
[213.298s] [34mcolcon.colcon_core.shell[0m [1;30mINFO[0m Creating package script '/home/libok/um_file/install/ros2srrc_irb1200/share/ros2srrc_irb1200/package.bash'
[213.300s] [34mcolcon.colcon_core.shell[0m [1;30mINFO[0m Creating package script '/home/libok/um_file/install/ros2srrc_irb1200/share/ros2srrc_irb1200/package.zsh'
[213.301s] [34mcolcon.colcon_core.environment[0m [1;30mLevel 1[0m create_file_with_runtime_dependencies(/home/libok/um_file/install/ros2srrc_irb1200/share/colcon-core/packages/ros2srrc_irb1200)
[213.306s] [34mcolcon.colcon_core.environment[0m [1;30mLevel 1[0m create_environment_scripts_only(ros2srrc_irb6640)
[213.308s] [34mcolcon.colcon_core.environment[0m [1;30mLevel 1[0m checking '/home/libok/um_file/install/ros2srrc_irb6640' for CMake module files
[213.311s] [34mcolcon.colcon_core.environment[0m [1;30mLevel 1[0m checking '/home/libok/um_file/install/ros2srrc_irb6640' for CMake config files
[213.310s] [34mcolcon.colcon_core.event_handler.log_command[0m [1;30mDEBUG[0m [32mInvoked command in '/home/libok/um_file/build/ros2srrc_irb6640' returned '0': CMAKE_PREFIX_PATH=${CMAKE_PREFIX_PATH}:/opt/ros/humble /usr/local/bin/cmake --install /home/libok/um_file/build/ros2srrc_irb6640[0m
[213.312s] [34mcolcon.colcon_core.shell[0m [1;30mLevel 1[0m create_environment_hook('ros2srrc_irb6640', 'cmake_prefix_path')
[213.312s] [34mcolcon.colcon_core.shell[0m [1;30mINFO[0m Creating environment hook '/home/libok/um_file/install/ros2srrc_irb6640/share/ros2srrc_irb6640/hook/cmake_prefix_path.ps1'
[213.313s] [34mcolcon.colcon_core.shell[0m [1;30mINFO[0m Creating environment descriptor '/home/libok/um_file/install/ros2srrc_irb6640/share/ros2srrc_irb6640/hook/cmake_prefix_path.dsv'
[213.314s] [34mcolcon.colcon_core.shell[0m [1;30mINFO[0m Creating environment hook '/home/libok/um_file/install/ros2srrc_irb6640/share/ros2srrc_irb6640/hook/cmake_prefix_path.sh'
[213.316s] [34mcolcon.colcon_core.environment[0m [1;30mLevel 1[0m checking '/home/libok/um_file/install/ros2srrc_irb6640/bin'
[213.317s] [34mcolcon.colcon_core.environment[0m [1;30mLevel 1[0m checking '/home/libok/um_file/install/ros2srrc_irb6640/lib/pkgconfig/ros2srrc_irb6640.pc'
[213.318s] [34mcolcon.colcon_core.environment[0m [1;30mLevel 1[0m checking '/home/libok/um_file/install/ros2srrc_irb6640/lib/python3.10/site-packages'
[213.321s] [34mcolcon.colcon_core.environment[0m [1;30mLevel 1[0m checking '/home/libok/um_file/install/ros2srrc_irb6640/bin'
[213.322s] [34mcolcon.colcon_core.shell[0m [1;30mINFO[0m Creating package script '/home/libok/um_file/install/ros2srrc_irb6640/share/ros2srrc_irb6640/package.ps1'
[213.326s] [34mcolcon.colcon_core.shell[0m [1;30mINFO[0m Creating package descriptor '/home/libok/um_file/install/ros2srrc_irb6640/share/ros2srrc_irb6640/package.dsv'
[213.328s] [34mcolcon.colcon_core.shell[0m [1;30mINFO[0m Creating package script '/home/libok/um_file/install/ros2srrc_irb6640/share/ros2srrc_irb6640/package.sh'
[213.334s] [34mcolcon.colcon_core.shell[0m [1;30mINFO[0m Creating package script '/home/libok/um_file/install/ros2srrc_irb6640/share/ros2srrc_irb6640/package.bash'
[213.339s] [34mcolcon.colcon_core.shell[0m [1;30mINFO[0m Creating package script '/home/libok/um_file/install/ros2srrc_irb6640/share/ros2srrc_irb6640/package.zsh'
[213.342s] [34mcolcon.colcon_core.environment[0m [1;30mLevel 1[0m create_file_with_runtime_dependencies(/home/libok/um_file/install/ros2srrc_irb6640/share/colcon-core/packages/ros2srrc_irb6640)
[213.346s] [34mcolcon.colcon_core.environment[0m [1;30mLevel 1[0m create_environment_scripts_only(ros2srrc_irb6640)
[213.347s] [34mcolcon.colcon_core.environment[0m [1;30mLevel 1[0m checking '/home/libok/um_file/install/ros2srrc_irb6640' for CMake module files
[213.350s] [34mcolcon.colcon_core.environment[0m [1;30mLevel 1[0m checking '/home/libok/um_file/install/ros2srrc_irb6640' for CMake config files
[213.351s] [34mcolcon.colcon_core.shell[0m [1;30mLevel 1[0m create_environment_hook('ros2srrc_irb6640', 'cmake_prefix_path')
[213.352s] [34mcolcon.colcon_core.shell[0m [1;30mINFO[0m Creating environment hook '/home/libok/um_file/install/ros2srrc_irb6640/share/ros2srrc_irb6640/hook/cmake_prefix_path.ps1'
[213.357s] [34mcolcon.colcon_core.shell[0m [1;30mINFO[0m Creating environment descriptor '/home/libok/um_file/install/ros2srrc_irb6640/share/ros2srrc_irb6640/hook/cmake_prefix_path.dsv'
[213.360s] [34mcolcon.colcon_core.shell[0m [1;30mINFO[0m Creating environment hook '/home/libok/um_file/install/ros2srrc_irb6640/share/ros2srrc_irb6640/hook/cmake_prefix_path.sh'
[213.362s] [34mcolcon.colcon_core.environment[0m [1;30mLevel 1[0m checking '/home/libok/um_file/install/ros2srrc_irb6640/bin'
[213.362s] [34mcolcon.colcon_core.environment[0m [1;30mLevel 1[0m checking '/home/libok/um_file/install/ros2srrc_irb6640/lib/pkgconfig/ros2srrc_irb6640.pc'
[213.363s] [34mcolcon.colcon_core.environment[0m [1;30mLevel 1[0m checking '/home/libok/um_file/install/ros2srrc_irb6640/lib/python3.10/site-packages'
[213.365s] [34mcolcon.colcon_core.environment[0m [1;30mLevel 1[0m checking '/home/libok/um_file/install/ros2srrc_irb6640/bin'
[213.366s] [34mcolcon.colcon_core.shell[0m [1;30mINFO[0m Creating package script '/home/libok/um_file/install/ros2srrc_irb6640/share/ros2srrc_irb6640/package.ps1'
[213.371s] [34mcolcon.colcon_core.shell[0m [1;30mINFO[0m Creating package descriptor '/home/libok/um_file/install/ros2srrc_irb6640/share/ros2srrc_irb6640/package.dsv'
[213.377s] [34mcolcon.colcon_core.shell[0m [1;30mINFO[0m Creating package script '/home/libok/um_file/install/ros2srrc_irb6640/share/ros2srrc_irb6640/package.sh'
[213.380s] [34mcolcon.colcon_core.shell[0m [1;30mINFO[0m Creating package script '/home/libok/um_file/install/ros2srrc_irb6640/share/ros2srrc_irb6640/package.bash'
[213.383s] [34mcolcon.colcon_core.shell[0m [1;30mINFO[0m Creating package script '/home/libok/um_file/install/ros2srrc_irb6640/share/ros2srrc_irb6640/package.zsh'
[213.389s] [34mcolcon.colcon_core.environment[0m [1;30mLevel 1[0m create_file_with_runtime_dependencies(/home/libok/um_file/install/ros2srrc_irb6640/share/colcon-core/packages/ros2srrc_irb6640)
[213.389s] [34mcolcon.colcon_core.environment[0m [1;30mLevel 1[0m create_environment_scripts_only(ros2srrc_launch)
[213.390s] [34mcolcon.colcon_core.environment[0m [1;30mLevel 1[0m checking '/home/libok/um_file/install/ros2srrc_launch' for CMake module files
[213.391s] [34mcolcon.colcon_core.environment[0m [1;30mLevel 1[0m checking '/home/libok/um_file/install/ros2srrc_launch' for CMake config files
[213.392s] [34mcolcon.colcon_core.event_handler.log_command[0m [1;30mDEBUG[0m [32mInvoked command in '/home/libok/um_file/build/ros2srrc_launch' returned '0': CMAKE_PREFIX_PATH=${CMAKE_PREFIX_PATH}:/opt/ros/humble /usr/local/bin/cmake --install /home/libok/um_file/build/ros2srrc_launch[0m
[213.393s] [34mcolcon.colcon_core.shell[0m [1;30mLevel 1[0m create_environment_hook('ros2srrc_launch', 'cmake_prefix_path')
[213.394s] [34mcolcon.colcon_core.shell[0m [1;30mINFO[0m Creating environment hook '/home/libok/um_file/install/ros2srrc_launch/share/ros2srrc_launch/hook/cmake_prefix_path.ps1'
[213.395s] [34mcolcon.colcon_core.shell[0m [1;30mINFO[0m Creating environment descriptor '/home/libok/um_file/install/ros2srrc_launch/share/ros2srrc_launch/hook/cmake_prefix_path.dsv'
[213.396s] [34mcolcon.colcon_core.shell[0m [1;30mINFO[0m Creating environment hook '/home/libok/um_file/install/ros2srrc_launch/share/ros2srrc_launch/hook/cmake_prefix_path.sh'
[213.397s] [34mcolcon.colcon_core.environment[0m [1;30mLevel 1[0m checking '/home/libok/um_file/install/ros2srrc_launch/bin'
[213.397s] [34mcolcon.colcon_core.environment[0m [1;30mLevel 1[0m checking '/home/libok/um_file/install/ros2srrc_launch/lib/pkgconfig/ros2srrc_launch.pc'
[213.398s] [34mcolcon.colcon_core.environment[0m [1;30mLevel 1[0m checking '/home/libok/um_file/install/ros2srrc_launch/lib/python3.10/site-packages'
[213.398s] [34mcolcon.colcon_core.environment[0m [1;30mLevel 1[0m checking '/home/libok/um_file/install/ros2srrc_launch/bin'
[213.399s] [34mcolcon.colcon_core.shell[0m [1;30mINFO[0m Creating package script '/home/libok/um_file/install/ros2srrc_launch/share/ros2srrc_launch/package.ps1'
[213.400s] [34mcolcon.colcon_core.shell[0m [1;30mINFO[0m Creating package descriptor '/home/libok/um_file/install/ros2srrc_launch/share/ros2srrc_launch/package.dsv'
[213.400s] [34mcolcon.colcon_core.shell[0m [1;30mINFO[0m Creating package script '/home/libok/um_file/install/ros2srrc_launch/share/ros2srrc_launch/package.sh'
[213.401s] [34mcolcon.colcon_core.shell[0m [1;30mINFO[0m Creating package script '/home/libok/um_file/install/ros2srrc_launch/share/ros2srrc_launch/package.bash'
[213.402s] [34mcolcon.colcon_core.shell[0m [1;30mINFO[0m Creating package script '/home/libok/um_file/install/ros2srrc_launch/share/ros2srrc_launch/package.zsh'
[213.402s] [34mcolcon.colcon_core.environment[0m [1;30mLevel 1[0m create_file_with_runtime_dependencies(/home/libok/um_file/install/ros2srrc_launch/share/colcon-core/packages/ros2srrc_launch)
[213.403s] [34mcolcon.colcon_core.environment[0m [1;30mLevel 1[0m create_environment_scripts_only(ros2srrc_launch)
[213.404s] [34mcolcon.colcon_core.environment[0m [1;30mLevel 1[0m checking '/home/libok/um_file/install/ros2srrc_launch' for CMake module files
[213.404s] [34mcolcon.colcon_core.environment[0m [1;30mLevel 1[0m checking '/home/libok/um_file/install/ros2srrc_launch' for CMake config files
[213.405s] [34mcolcon.colcon_core.shell[0m [1;30mLevel 1[0m create_environment_hook('ros2srrc_launch', 'cmake_prefix_path')
[213.405s] [34mcolcon.colcon_core.shell[0m [1;30mINFO[0m Creating environment hook '/home/libok/um_file/install/ros2srrc_launch/share/ros2srrc_launch/hook/cmake_prefix_path.ps1'
[213.406s] [34mcolcon.colcon_core.shell[0m [1;30mINFO[0m Creating environment descriptor '/home/libok/um_file/install/ros2srrc_launch/share/ros2srrc_launch/hook/cmake_prefix_path.dsv'
[213.407s] [34mcolcon.colcon_core.shell[0m [1;30mINFO[0m Creating environment hook '/home/libok/um_file/install/ros2srrc_launch/share/ros2srrc_launch/hook/cmake_prefix_path.sh'
[213.408s] [34mcolcon.colcon_core.environment[0m [1;30mLevel 1[0m checking '/home/libok/um_file/install/ros2srrc_launch/bin'
[213.408s] [34mcolcon.colcon_core.environment[0m [1;30mLevel 1[0m checking '/home/libok/um_file/install/ros2srrc_launch/lib/pkgconfig/ros2srrc_launch.pc'
[213.409s] [34mcolcon.colcon_core.environment[0m [1;30mLevel 1[0m checking '/home/libok/um_file/install/ros2srrc_launch/lib/python3.10/site-packages'
[213.410s] [34mcolcon.colcon_core.environment[0m [1;30mLevel 1[0m checking '/home/libok/um_file/install/ros2srrc_launch/bin'
[213.411s] [34mcolcon.colcon_core.shell[0m [1;30mINFO[0m Creating package script '/home/libok/um_file/install/ros2srrc_launch/share/ros2srrc_launch/package.ps1'
[213.413s] [34mcolcon.colcon_core.shell[0m [1;30mINFO[0m Creating package descriptor '/home/libok/um_file/install/ros2srrc_launch/share/ros2srrc_launch/package.dsv'
[213.414s] [34mcolcon.colcon_core.shell[0m [1;30mINFO[0m Creating package script '/home/libok/um_file/install/ros2srrc_launch/share/ros2srrc_launch/package.sh'
[213.415s] [34mcolcon.colcon_core.shell[0m [1;30mINFO[0m Creating package script '/home/libok/um_file/install/ros2srrc_launch/share/ros2srrc_launch/package.bash'
[213.416s] [34mcolcon.colcon_core.shell[0m [1;30mINFO[0m Creating package script '/home/libok/um_file/install/ros2srrc_launch/share/ros2srrc_launch/package.zsh'
[213.418s] [34mcolcon.colcon_core.environment[0m [1;30mLevel 1[0m create_file_with_runtime_dependencies(/home/libok/um_file/install/ros2srrc_launch/share/colcon-core/packages/ros2srrc_launch)
[213.420s] [34mcolcon.colcon_core.event_handler.log_command[0m [1;30mDEBUG[0m [32mInvoked command in '/home/libok/um_file/build/ros2srrc_moveit' returned '0': CMAKE_PREFIX_PATH=${CMAKE_PREFIX_PATH}:/opt/ros/humble /usr/local/bin/cmake --build /home/libok/um_file/build/ros2srrc_moveit -- -j18 -l18[0m
[213.423s] [34mcolcon.colcon_core.event_handler.log_command[0m [1;30mDEBUG[0m [32mInvoking command in '/home/libok/um_file/build/ros2srrc_moveit': CMAKE_PREFIX_PATH=${CMAKE_PREFIX_PATH}:/opt/ros/humble /usr/local/bin/cmake --install /home/libok/um_file/build/ros2srrc_moveit[0m
[213.426s] [34mcolcon.colcon_ros.task.ament_cmake.build[0m [1;30mINFO[0m Building ROS package in '/home/libok/um_file/ros2srrc_robots' with build type 'ament_cmake'
[213.427s] [34mcolcon.colcon_cmake.task.cmake.build[0m [1;30mINFO[0m Building CMake package in '/home/libok/um_file/ros2srrc_robots'
[213.427s] [34mcolcon.colcon_core.shell[0m [1;30mINFO[0m Skip shell extension 'powershell' for command environment: Not usable outside of PowerShell
[213.427s] [34mcolcon.colcon_core.shell[0m [1;30mDEBUG[0m [32mSkip shell extension 'dsv' for command environment[0m
[213.436s] [34mcolcon.colcon_ros.task.ament_cmake.build[0m [1;30mINFO[0m Building ROS package in '/home/libok/um_file/packages/ros2srrc_rx160' with build type 'ament_cmake'
[213.437s] [34mcolcon.colcon_cmake.task.cmake.build[0m [1;30mINFO[0m Building CMake package in '/home/libok/um_file/packages/ros2srrc_rx160'
[213.438s] [34mcolcon.colcon_core.shell[0m [1;30mINFO[0m Skip shell extension 'powershell' for command environment: Not usable outside of PowerShell
[213.438s] [34mcolcon.colcon_core.shell[0m [1;30mDEBUG[0m [32mSkip shell extension 'dsv' for command environment[0m
[213.449s] [34mcolcon.colcon_ros.task.ament_cmake.build[0m [1;30mINFO[0m Building ROS package in '/home/libok/um_file/packages/ros2srrc_ur10' with build type 'ament_cmake'
[213.450s] [34mcolcon.colcon_cmake.task.cmake.build[0m [1;30mINFO[0m Building CMake package in '/home/libok/um_file/packages/ros2srrc_ur10'
[213.452s] [34mcolcon.colcon_core.shell[0m [1;30mINFO[0m Skip shell extension 'powershell' for command environment: Not usable outside of PowerShell
[213.452s] [34mcolcon.colcon_core.shell[0m [1;30mDEBUG[0m [32mSkip shell extension 'dsv' for command environment[0m
[213.464s] [34mcolcon.colcon_ros.task.ament_cmake.build[0m [1;30mINFO[0m Building ROS package in '/home/libok/um_file/packages/ros2srrc_ur10e' with build type 'ament_cmake'
[213.465s] [34mcolcon.colcon_cmake.task.cmake.build[0m [1;30mINFO[0m Building CMake package in '/home/libok/um_file/packages/ros2srrc_ur10e'
[213.465s] [34mcolcon.colcon_core.shell[0m [1;30mINFO[0m Skip shell extension 'powershell' for command environment: Not usable outside of PowerShell
[213.466s] [34mcolcon.colcon_core.shell[0m [1;30mDEBUG[0m [32mSkip shell extension 'dsv' for command environment[0m
[213.482s] [34mcolcon.colcon_ros.task.ament_cmake.build[0m [1;30mINFO[0m Building ROS package in '/home/libok/um_file/packages/ros2srrc_ur16e' with build type 'ament_cmake'
[213.482s] [34mcolcon.colcon_cmake.task.cmake.build[0m [1;30mINFO[0m Building CMake package in '/home/libok/um_file/packages/ros2srrc_ur16e'
[213.483s] [34mcolcon.colcon_core.shell[0m [1;30mINFO[0m Skip shell extension 'powershell' for command environment: Not usable outside of PowerShell
[213.483s] [34mcolcon.colcon_core.shell[0m [1;30mDEBUG[0m [32mSkip shell extension 'dsv' for command environment[0m
[213.493s] [34mcolcon.colcon_ros.task.ament_cmake.build[0m [1;30mINFO[0m Building ROS package in '/home/libok/um_file/packages/ros2srrc_ur20' with build type 'ament_cmake'
[213.495s] [34mcolcon.colcon_cmake.task.cmake.build[0m [1;30mINFO[0m Building CMake package in '/home/libok/um_file/packages/ros2srrc_ur20'
[213.495s] [34mcolcon.colcon_core.shell[0m [1;30mINFO[0m Skip shell extension 'powershell' for command environment: Not usable outside of PowerShell
[213.496s] [34mcolcon.colcon_core.shell[0m [1;30mDEBUG[0m [32mSkip shell extension 'dsv' for command environment[0m
[213.521s] [34mcolcon.colcon_core.environment[0m [1;30mLevel 1[0m create_environment_scripts_only(ur_dashboard_msgs)
[213.522s] [34mcolcon.colcon_core.environment[0m [1;30mLevel 1[0m checking '/home/libok/um_file/install/ur_dashboard_msgs' for CMake module files
[213.530s] [34mcolcon.colcon_core.environment[0m [1;30mLevel 1[0m checking '/home/libok/um_file/install/ur_dashboard_msgs' for CMake config files
[213.536s] [34mcolcon.colcon_core.shell[0m [1;30mLevel 1[0m create_environment_hook('ur_dashboard_msgs', 'cmake_prefix_path')
[213.537s] [34mcolcon.colcon_core.shell[0m [1;30mINFO[0m Creating environment hook '/home/libok/um_file/install/ur_dashboard_msgs/share/ur_dashboard_msgs/hook/cmake_prefix_path.ps1'
[213.538s] [34mcolcon.colcon_core.shell[0m [1;30mINFO[0m Creating environment descriptor '/home/libok/um_file/install/ur_dashboard_msgs/share/ur_dashboard_msgs/hook/cmake_prefix_path.dsv'
[213.539s] [34mcolcon.colcon_core.shell[0m [1;30mINFO[0m Creating environment hook '/home/libok/um_file/install/ur_dashboard_msgs/share/ur_dashboard_msgs/hook/cmake_prefix_path.sh'
[213.543s] [34mcolcon.colcon_core.environment[0m [1;30mLevel 1[0m checking '/home/libok/um_file/install/ur_dashboard_msgs/lib'
[213.544s] [34mcolcon.colcon_core.shell[0m [1;30mLevel 1[0m create_environment_hook('ur_dashboard_msgs', 'ld_library_path_lib')
[213.545s] [34mcolcon.colcon_core.shell[0m [1;30mINFO[0m Creating environment hook '/home/libok/um_file/install/ur_dashboard_msgs/share/ur_dashboard_msgs/hook/ld_library_path_lib.ps1'
[213.547s] [34mcolcon.colcon_core.shell[0m [1;30mINFO[0m Creating environment descriptor '/home/libok/um_file/install/ur_dashboard_msgs/share/ur_dashboard_msgs/hook/ld_library_path_lib.dsv'
[213.555s] [34mcolcon.colcon_core.shell[0m [1;30mINFO[0m Creating environment hook '/home/libok/um_file/install/ur_dashboard_msgs/share/ur_dashboard_msgs/hook/ld_library_path_lib.sh'
[213.556s] [34mcolcon.colcon_core.environment[0m [1;30mLevel 1[0m checking '/home/libok/um_file/install/ur_dashboard_msgs/bin'
[213.556s] [34mcolcon.colcon_core.environment[0m [1;30mLevel 1[0m checking '/home/libok/um_file/install/ur_dashboard_msgs/lib/pkgconfig/ur_dashboard_msgs.pc'
[213.557s] [34mcolcon.colcon_core.environment[0m [1;30mLevel 1[0m checking '/home/libok/um_file/install/ur_dashboard_msgs/lib/python3.10/site-packages'
[213.558s] [34mcolcon.colcon_core.environment[0m [1;30mLevel 1[0m checking '/home/libok/um_file/install/ur_dashboard_msgs/bin'
[213.561s] [34mcolcon.colcon_core.shell[0m [1;30mINFO[0m Creating package script '/home/libok/um_file/install/ur_dashboard_msgs/share/ur_dashboard_msgs/package.ps1'
[213.562s] [34mcolcon.colcon_core.shell[0m [1;30mINFO[0m Creating package descriptor '/home/libok/um_file/install/ur_dashboard_msgs/share/ur_dashboard_msgs/package.dsv'
[213.560s] [34mcolcon.colcon_core.event_handler.log_command[0m [1;30mDEBUG[0m [32mInvoked command in '/home/libok/um_file/build/ur_dashboard_msgs' returned '0': CMAKE_PREFIX_PATH=${CMAKE_PREFIX_PATH}:/opt/ros/humble /usr/local/bin/cmake --install /home/libok/um_file/build/ur_dashboard_msgs[0m
[213.564s] [34mcolcon.colcon_core.shell[0m [1;30mINFO[0m Creating package script '/home/libok/um_file/install/ur_dashboard_msgs/share/ur_dashboard_msgs/package.sh'
[213.565s] [34mcolcon.colcon_core.shell[0m [1;30mINFO[0m Creating package script '/home/libok/um_file/install/ur_dashboard_msgs/share/ur_dashboard_msgs/package.bash'
[213.566s] [34mcolcon.colcon_core.shell[0m [1;30mINFO[0m Creating package script '/home/libok/um_file/install/ur_dashboard_msgs/share/ur_dashboard_msgs/package.zsh'
[213.566s] [34mcolcon.colcon_core.environment[0m [1;30mLevel 1[0m create_file_with_runtime_dependencies(/home/libok/um_file/install/ur_dashboard_msgs/share/colcon-core/packages/ur_dashboard_msgs)
[213.568s] [34mcolcon.colcon_core.environment[0m [1;30mLevel 1[0m create_environment_scripts_only(ur_dashboard_msgs)
[213.569s] [34mcolcon.colcon_core.environment[0m [1;30mLevel 1[0m checking '/home/libok/um_file/install/ur_dashboard_msgs' for CMake module files
[213.570s] [34mcolcon.colcon_core.environment[0m [1;30mLevel 1[0m checking '/home/libok/um_file/install/ur_dashboard_msgs' for CMake config files
[213.571s] [34mcolcon.colcon_core.shell[0m [1;30mLevel 1[0m create_environment_hook('ur_dashboard_msgs', 'cmake_prefix_path')
[213.571s] [34mcolcon.colcon_core.shell[0m [1;30mINFO[0m Creating environment hook '/home/libok/um_file/install/ur_dashboard_msgs/share/ur_dashboard_msgs/hook/cmake_prefix_path.ps1'
[213.572s] [34mcolcon.colcon_core.shell[0m [1;30mINFO[0m Creating environment descriptor '/home/libok/um_file/install/ur_dashboard_msgs/share/ur_dashboard_msgs/hook/cmake_prefix_path.dsv'
[213.572s] [34mcolcon.colcon_core.shell[0m [1;30mINFO[0m Creating environment hook '/home/libok/um_file/install/ur_dashboard_msgs/share/ur_dashboard_msgs/hook/cmake_prefix_path.sh'
[213.573s] [34mcolcon.colcon_core.environment[0m [1;30mLevel 1[0m checking '/home/libok/um_file/install/ur_dashboard_msgs/lib'
[213.574s] [34mcolcon.colcon_core.shell[0m [1;30mLevel 1[0m create_environment_hook('ur_dashboard_msgs', 'ld_library_path_lib')
[213.574s] [34mcolcon.colcon_core.shell[0m [1;30mINFO[0m Creating environment hook '/home/libok/um_file/install/ur_dashboard_msgs/share/ur_dashboard_msgs/hook/ld_library_path_lib.ps1'
[213.575s] [34mcolcon.colcon_core.shell[0m [1;30mINFO[0m Creating environment descriptor '/home/libok/um_file/install/ur_dashboard_msgs/share/ur_dashboard_msgs/hook/ld_library_path_lib.dsv'
[213.575s] [34mcolcon.colcon_core.shell[0m [1;30mINFO[0m Creating environment hook '/home/libok/um_file/install/ur_dashboard_msgs/share/ur_dashboard_msgs/hook/ld_library_path_lib.sh'
[213.576s] [34mcolcon.colcon_core.environment[0m [1;30mLevel 1[0m checking '/home/libok/um_file/install/ur_dashboard_msgs/bin'
[213.576s] [34mcolcon.colcon_core.environment[0m [1;30mLevel 1[0m checking '/home/libok/um_file/install/ur_dashboard_msgs/lib/pkgconfig/ur_dashboard_msgs.pc'
[213.576s] [34mcolcon.colcon_core.environment[0m [1;30mLevel 1[0m checking '/home/libok/um_file/install/ur_dashboard_msgs/lib/python3.10/site-packages'
[213.577s] [34mcolcon.colcon_core.environment[0m [1;30mLevel 1[0m checking '/home/libok/um_file/install/ur_dashboard_msgs/bin'
[213.578s] [34mcolcon.colcon_core.shell[0m [1;30mINFO[0m Creating package script '/home/libok/um_file/install/ur_dashboard_msgs/share/ur_dashboard_msgs/package.ps1'
[213.580s] [34mcolcon.colcon_core.shell[0m [1;30mINFO[0m Creating package descriptor '/home/libok/um_file/install/ur_dashboard_msgs/share/ur_dashboard_msgs/package.dsv'
[213.581s] [34mcolcon.colcon_core.shell[0m [1;30mINFO[0m Creating package script '/home/libok/um_file/install/ur_dashboard_msgs/share/ur_dashboard_msgs/package.sh'
[213.582s] [34mcolcon.colcon_core.shell[0m [1;30mINFO[0m Creating package script '/home/libok/um_file/install/ur_dashboard_msgs/share/ur_dashboard_msgs/package.bash'
[213.586s] [34mcolcon.colcon_core.shell[0m [1;30mINFO[0m Creating package script '/home/libok/um_file/install/ur_dashboard_msgs/share/ur_dashboard_msgs/package.zsh'
[213.586s] [34mcolcon.colcon_core.environment[0m [1;30mLevel 1[0m create_file_with_runtime_dependencies(/home/libok/um_file/install/ur_dashboard_msgs/share/colcon-core/packages/ur_dashboard_msgs)
[213.587s] [34mcolcon.colcon_core.environment[0m [1;30mLevel 1[0m create_environment_scripts_only(ros2srrc_moveit)
[213.588s] [34mcolcon.colcon_core.environment[0m [1;30mLevel 1[0m checking '/home/libok/um_file/install/ros2srrc_moveit' for CMake module files
[213.589s] [34mcolcon.colcon_core.environment[0m [1;30mLevel 1[0m checking '/home/libok/um_file/install/ros2srrc_moveit' for CMake config files
[213.591s] [34mcolcon.colcon_core.event_handler.log_command[0m [1;30mDEBUG[0m [32mInvoked command in '/home/libok/um_file/build/ros2srrc_moveit' returned '0': CMAKE_PREFIX_PATH=${CMAKE_PREFIX_PATH}:/opt/ros/humble /usr/local/bin/cmake --install /home/libok/um_file/build/ros2srrc_moveit[0m
[213.591s] [34mcolcon.colcon_core.shell[0m [1;30mLevel 1[0m create_environment_hook('ros2srrc_moveit', 'cmake_prefix_path')
[213.592s] [34mcolcon.colcon_core.shell[0m [1;30mINFO[0m Creating environment hook '/home/libok/um_file/install/ros2srrc_moveit/share/ros2srrc_moveit/hook/cmake_prefix_path.ps1'
[213.593s] [34mcolcon.colcon_core.shell[0m [1;30mINFO[0m Creating environment descriptor '/home/libok/um_file/install/ros2srrc_moveit/share/ros2srrc_moveit/hook/cmake_prefix_path.dsv'
[213.593s] [34mcolcon.colcon_core.shell[0m [1;30mINFO[0m Creating environment hook '/home/libok/um_file/install/ros2srrc_moveit/share/ros2srrc_moveit/hook/cmake_prefix_path.sh'
[213.594s] [34mcolcon.colcon_core.environment[0m [1;30mLevel 1[0m checking '/home/libok/um_file/install/ros2srrc_moveit/bin'
[213.594s] [34mcolcon.colcon_core.environment[0m [1;30mLevel 1[0m checking '/home/libok/um_file/install/ros2srrc_moveit/lib/pkgconfig/ros2srrc_moveit.pc'
[213.595s] [34mcolcon.colcon_core.environment[0m [1;30mLevel 1[0m checking '/home/libok/um_file/install/ros2srrc_moveit/lib/python3.10/site-packages'
[213.595s] [34mcolcon.colcon_core.environment[0m [1;30mLevel 1[0m checking '/home/libok/um_file/install/ros2srrc_moveit/bin'
[213.596s] [34mcolcon.colcon_core.shell[0m [1;30mINFO[0m Creating package script '/home/libok/um_file/install/ros2srrc_moveit/share/ros2srrc_moveit/package.ps1'
[213.597s] [34mcolcon.colcon_core.shell[0m [1;30mINFO[0m Creating package descriptor '/home/libok/um_file/install/ros2srrc_moveit/share/ros2srrc_moveit/package.dsv'
[213.598s] [34mcolcon.colcon_core.shell[0m [1;30mINFO[0m Creating package script '/home/libok/um_file/install/ros2srrc_moveit/share/ros2srrc_moveit/package.sh'
[213.598s] [34mcolcon.colcon_core.shell[0m [1;30mINFO[0m Creating package script '/home/libok/um_file/install/ros2srrc_moveit/share/ros2srrc_moveit/package.bash'
[213.599s] [34mcolcon.colcon_core.shell[0m [1;30mINFO[0m Creating package script '/home/libok/um_file/install/ros2srrc_moveit/share/ros2srrc_moveit/package.zsh'
[213.599s] [34mcolcon.colcon_core.environment[0m [1;30mLevel 1[0m create_file_with_runtime_dependencies(/home/libok/um_file/install/ros2srrc_moveit/share/colcon-core/packages/ros2srrc_moveit)
[213.600s] [34mcolcon.colcon_core.environment[0m [1;30mLevel 1[0m create_environment_scripts_only(ros2srrc_moveit)
[213.601s] [34mcolcon.colcon_core.environment[0m [1;30mLevel 1[0m checking '/home/libok/um_file/install/ros2srrc_moveit' for CMake module files
[213.602s] [34mcolcon.colcon_core.environment[0m [1;30mLevel 1[0m checking '/home/libok/um_file/install/ros2srrc_moveit' for CMake config files
[213.602s] [34mcolcon.colcon_core.shell[0m [1;30mLevel 1[0m create_environment_hook('ros2srrc_moveit', 'cmake_prefix_path')
[213.603s] [34mcolcon.colcon_core.shell[0m [1;30mINFO[0m Creating environment hook '/home/libok/um_file/install/ros2srrc_moveit/share/ros2srrc_moveit/hook/cmake_prefix_path.ps1'
[213.603s] [34mcolcon.colcon_core.shell[0m [1;30mINFO[0m Creating environment descriptor '/home/libok/um_file/install/ros2srrc_moveit/share/ros2srrc_moveit/hook/cmake_prefix_path.dsv'
[213.604s] [34mcolcon.colcon_core.shell[0m [1;30mINFO[0m Creating environment hook '/home/libok/um_file/install/ros2srrc_moveit/share/ros2srrc_moveit/hook/cmake_prefix_path.sh'
[213.605s] [34mcolcon.colcon_core.environment[0m [1;30mLevel 1[0m checking '/home/libok/um_file/install/ros2srrc_moveit/bin'
[213.605s] [34mcolcon.colcon_core.environment[0m [1;30mLevel 1[0m checking '/home/libok/um_file/install/ros2srrc_moveit/lib/pkgconfig/ros2srrc_moveit.pc'
[213.606s] [34mcolcon.colcon_core.environment[0m [1;30mLevel 1[0m checking '/home/libok/um_file/install/ros2srrc_moveit/lib/python3.10/site-packages'
[213.606s] [34mcolcon.colcon_core.environment[0m [1;30mLevel 1[0m checking '/home/libok/um_file/install/ros2srrc_moveit/bin'
[213.607s] [34mcolcon.colcon_core.shell[0m [1;30mINFO[0m Creating package script '/home/libok/um_file/install/ros2srrc_moveit/share/ros2srrc_moveit/package.ps1'
[213.608s] [34mcolcon.colcon_core.shell[0m [1;30mINFO[0m Creating package descriptor '/home/libok/um_file/install/ros2srrc_moveit/share/ros2srrc_moveit/package.dsv'
[213.609s] [34mcolcon.colcon_core.shell[0m [1;30mINFO[0m Creating package script '/home/libok/um_file/install/ros2srrc_moveit/share/ros2srrc_moveit/package.sh'
[213.609s] [34mcolcon.colcon_core.shell[0m [1;30mINFO[0m Creating package script '/home/libok/um_file/install/ros2srrc_moveit/share/ros2srrc_moveit/package.bash'
[213.610s] [34mcolcon.colcon_core.shell[0m [1;30mINFO[0m Creating package script '/home/libok/um_file/install/ros2srrc_moveit/share/ros2srrc_moveit/package.zsh'
[213.611s] [34mcolcon.colcon_core.environment[0m [1;30mLevel 1[0m create_file_with_runtime_dependencies(/home/libok/um_file/install/ros2srrc_moveit/share/colcon-core/packages/ros2srrc_moveit)
[213.618s] [34mcolcon.colcon_core.event_handler.log_command[0m [1;30mDEBUG[0m [32mInvoking command in '/home/libok/um_file/build/ros2srrc_robots': CMAKE_PREFIX_PATH=${CMAKE_PREFIX_PATH}:/opt/ros/humble /usr/local/bin/cmake /home/libok/um_file/ros2srrc_robots -DCMAKE_INSTALL_PREFIX=/home/libok/um_file/install/ros2srrc_robots[0m
[213.626s] [34mcolcon.colcon_core.event_handler.log_command[0m [1;30mDEBUG[0m [32mInvoking command in '/home/libok/um_file/build/ros2srrc_rx160': CMAKE_PREFIX_PATH=${CMAKE_PREFIX_PATH}:/opt/ros/humble /usr/local/bin/cmake /home/libok/um_file/packages/ros2srrc_rx160 -DCMAKE_INSTALL_PREFIX=/home/libok/um_file/install/ros2srrc_rx160[0m
[213.632s] [34mcolcon.colcon_core.event_handler.log_command[0m [1;30mDEBUG[0m [32mInvoking command in '/home/libok/um_file/build/ros2srrc_ur10': CMAKE_PREFIX_PATH=${CMAKE_PREFIX_PATH}:/opt/ros/humble /usr/local/bin/cmake /home/libok/um_file/packages/ros2srrc_ur10 -DCMAKE_INSTALL_PREFIX=/home/libok/um_file/install/ros2srrc_ur10[0m
[213.644s] [34mcolcon.colcon_core.event_handler.log_command[0m [1;30mDEBUG[0m [32mInvoking command in '/home/libok/um_file/build/ros2srrc_ur10e': CMAKE_PREFIX_PATH=${CMAKE_PREFIX_PATH}:/opt/ros/humble /usr/local/bin/cmake /home/libok/um_file/packages/ros2srrc_ur10e -DCMAKE_INSTALL_PREFIX=/home/libok/um_file/install/ros2srrc_ur10e[0m
[213.649s] [34mcolcon.colcon_core.event_handler.log_command[0m [1;30mDEBUG[0m [32mInvoking command in '/home/libok/um_file/build/ros2srrc_ur16e': CMAKE_PREFIX_PATH=${CMAKE_PREFIX_PATH}:/opt/ros/humble /usr/local/bin/cmake /home/libok/um_file/packages/ros2srrc_ur16e -DCMAKE_INSTALL_PREFIX=/home/libok/um_file/install/ros2srrc_ur16e[0m
[213.651s] [34mcolcon.colcon_ros.task.ament_cmake.build[0m [1;30mINFO[0m Building ROS package in '/home/libok/um_file/packages/ros2srrc_ur3' with build type 'ament_cmake'
[213.651s] [34mcolcon.colcon_cmake.task.cmake.build[0m [1;30mINFO[0m Building CMake package in '/home/libok/um_file/packages/ros2srrc_ur3'
[213.652s] [34mcolcon.colcon_core.shell[0m [1;30mINFO[0m Skip shell extension 'powershell' for command environment: Not usable outside of PowerShell
[213.652s] [34mcolcon.colcon_core.shell[0m [1;30mDEBUG[0m [32mSkip shell extension 'dsv' for command environment[0m
[213.667s] [34mcolcon.colcon_ros.task.ament_cmake.build[0m [1;30mINFO[0m Building ROS package in '/home/libok/um_file/packages/ros2srrc_ur3e' with build type 'ament_cmake'
[213.668s] [34mcolcon.colcon_cmake.task.cmake.build[0m [1;30mINFO[0m Building CMake package in '/home/libok/um_file/packages/ros2srrc_ur3e'
[213.669s] [34mcolcon.colcon_core.shell[0m [1;30mINFO[0m Skip shell extension 'powershell' for command environment: Not usable outside of PowerShell
[213.669s] [34mcolcon.colcon_core.shell[0m [1;30mDEBUG[0m [32mSkip shell extension 'dsv' for command environment[0m
[213.703s] [34mcolcon.colcon_core.event_handler.log_command[0m [1;30mDEBUG[0m [32mInvoking command in '/home/libok/um_file/build/ros2srrc_ur20': CMAKE_PREFIX_PATH=${CMAKE_PREFIX_PATH}:/opt/ros/humble /usr/local/bin/cmake /home/libok/um_file/packages/ros2srrc_ur20 -DCMAKE_INSTALL_PREFIX=/home/libok/um_file/install/ros2srrc_ur20[0m
[213.714s] [34mcolcon.colcon_core.event_handler.log_command[0m [1;30mDEBUG[0m [32mInvoking command in '/home/libok/um_file/build/ros2srrc_ur3': CMAKE_PREFIX_PATH=${CMAKE_PREFIX_PATH}:/opt/ros/humble /usr/local/bin/cmake /home/libok/um_file/packages/ros2srrc_ur3 -DCMAKE_INSTALL_PREFIX=/home/libok/um_file/install/ros2srrc_ur3[0m
[213.731s] [34mcolcon.colcon_core.event_handler.log_command[0m [1;30mDEBUG[0m [32mInvoking command in '/home/libok/um_file/build/ros2srrc_ur3e': CMAKE_PREFIX_PATH=${CMAKE_PREFIX_PATH}:/opt/ros/humble /usr/local/bin/cmake /home/libok/um_file/packages/ros2srrc_ur3e -DCMAKE_INSTALL_PREFIX=/home/libok/um_file/install/ros2srrc_ur3e[0m
[217.565s] [34mcolcon.colcon_core.event_handler.log_command[0m [1;30mDEBUG[0m [32mInvoked command in '/home/libok/um_file/build/ros2srrc_robots' returned '0': CMAKE_PREFIX_PATH=${CMAKE_PREFIX_PATH}:/opt/ros/humble /usr/local/bin/cmake /home/libok/um_file/ros2srrc_robots -DCMAKE_INSTALL_PREFIX=/home/libok/um_file/install/ros2srrc_robots[0m
[217.591s] [34mcolcon.colcon_core.event_handler.log_command[0m [1;30mDEBUG[0m [32mInvoking command in '/home/libok/um_file/build/ros2srrc_robots': CMAKE_PREFIX_PATH=${CMAKE_PREFIX_PATH}:/opt/ros/humble /usr/local/bin/cmake --build /home/libok/um_file/build/ros2srrc_robots -- -j18 -l18[0m
[217.630s] [34mcolcon.colcon_core.event_handler.log_command[0m [1;30mDEBUG[0m [32mInvoked command in '/home/libok/um_file/build/ros2srrc_rx160' returned '0': CMAKE_PREFIX_PATH=${CMAKE_PREFIX_PATH}:/opt/ros/humble /usr/local/bin/cmake /home/libok/um_file/packages/ros2srrc_rx160 -DCMAKE_INSTALL_PREFIX=/home/libok/um_file/install/ros2srrc_rx160[0m
[217.636s] [34mcolcon.colcon_core.event_handler.log_command[0m [1;30mDEBUG[0m [32mInvoking command in '/home/libok/um_file/build/ros2srrc_rx160': CMAKE_PREFIX_PATH=${CMAKE_PREFIX_PATH}:/opt/ros/humble /usr/local/bin/cmake --build /home/libok/um_file/build/ros2srrc_rx160 -- -j18 -l18[0m
[217.641s] [34mcolcon.colcon_core.event_handler.log_command[0m [1;30mDEBUG[0m [32mInvoked command in '/home/libok/um_file/build/ros2srrc_ur10' returned '0': CMAKE_PREFIX_PATH=${CMAKE_PREFIX_PATH}:/opt/ros/humble /usr/local/bin/cmake /home/libok/um_file/packages/ros2srrc_ur10 -DCMAKE_INSTALL_PREFIX=/home/libok/um_file/install/ros2srrc_ur10[0m
[217.643s] [34mcolcon.colcon_core.event_handler.log_command[0m [1;30mDEBUG[0m [32mInvoking command in '/home/libok/um_file/build/ros2srrc_ur10': CMAKE_PREFIX_PATH=${CMAKE_PREFIX_PATH}:/opt/ros/humble /usr/local/bin/cmake --build /home/libok/um_file/build/ros2srrc_ur10 -- -j18 -l18[0m
[217.979s] [34mcolcon.colcon_core.event_handler.log_command[0m [1;30mDEBUG[0m [32mInvoked command in '/home/libok/um_file/build/ros2srrc_ur10e' returned '0': CMAKE_PREFIX_PATH=${CMAKE_PREFIX_PATH}:/opt/ros/humble /usr/local/bin/cmake /home/libok/um_file/packages/ros2srrc_ur10e -DCMAKE_INSTALL_PREFIX=/home/libok/um_file/install/ros2srrc_ur10e[0m
[217.997s] [34mcolcon.colcon_core.event_handler.log_command[0m [1;30mDEBUG[0m [32mInvoking command in '/home/libok/um_file/build/ros2srrc_ur10e': CMAKE_PREFIX_PATH=${CMAKE_PREFIX_PATH}:/opt/ros/humble /usr/local/bin/cmake --build /home/libok/um_file/build/ros2srrc_ur10e -- -j18 -l18[0m
[218.015s] [34mcolcon.colcon_core.event_handler.log_command[0m [1;30mDEBUG[0m [32mInvoked command in '/home/libok/um_file/build/ros2srrc_ur16e' returned '0': CMAKE_PREFIX_PATH=${CMAKE_PREFIX_PATH}:/opt/ros/humble /usr/local/bin/cmake /home/libok/um_file/packages/ros2srrc_ur16e -DCMAKE_INSTALL_PREFIX=/home/libok/um_file/install/ros2srrc_ur16e[0m
[218.017s] [34mcolcon.colcon_core.event_handler.log_command[0m [1;30mDEBUG[0m [32mInvoking command in '/home/libok/um_file/build/ros2srrc_ur16e': CMAKE_PREFIX_PATH=${CMAKE_PREFIX_PATH}:/opt/ros/humble /usr/local/bin/cmake --build /home/libok/um_file/build/ros2srrc_ur16e -- -j18 -l18[0m
[218.021s] [34mcolcon.colcon_core.event_handler.log_command[0m [1;30mDEBUG[0m [32mInvoked command in '/home/libok/um_file/build/ros2srrc_ur20' returned '0': CMAKE_PREFIX_PATH=${CMAKE_PREFIX_PATH}:/opt/ros/humble /usr/local/bin/cmake /home/libok/um_file/packages/ros2srrc_ur20 -DCMAKE_INSTALL_PREFIX=/home/libok/um_file/install/ros2srrc_ur20[0m
[218.028s] [34mcolcon.colcon_core.event_handler.log_command[0m [1;30mDEBUG[0m [32mInvoking command in '/home/libok/um_file/build/ros2srrc_ur20': CMAKE_PREFIX_PATH=${CMAKE_PREFIX_PATH}:/opt/ros/humble /usr/local/bin/cmake --build /home/libok/um_file/build/ros2srrc_ur20 -- -j18 -l18[0m
[218.029s] [34mcolcon.colcon_core.event_handler.log_command[0m [1;30mDEBUG[0m [32mInvoked command in '/home/libok/um_file/build/ros2srrc_ur3' returned '0': CMAKE_PREFIX_PATH=${CMAKE_PREFIX_PATH}:/opt/ros/humble /usr/local/bin/cmake /home/libok/um_file/packages/ros2srrc_ur3 -DCMAKE_INSTALL_PREFIX=/home/libok/um_file/install/ros2srrc_ur3[0m
[218.034s] [34mcolcon.colcon_core.event_handler.log_command[0m [1;30mDEBUG[0m [32mInvoking command in '/home/libok/um_file/build/ros2srrc_ur3': CMAKE_PREFIX_PATH=${CMAKE_PREFIX_PATH}:/opt/ros/humble /usr/local/bin/cmake --build /home/libok/um_file/build/ros2srrc_ur3 -- -j18 -l18[0m
[218.316s] [34mcolcon.colcon_core.event_handler.log_command[0m [1;30mDEBUG[0m [32mInvoked command in '/home/libok/um_file/build/ros2srrc_ur3e' returned '0': CMAKE_PREFIX_PATH=${CMAKE_PREFIX_PATH}:/opt/ros/humble /usr/local/bin/cmake /home/libok/um_file/packages/ros2srrc_ur3e -DCMAKE_INSTALL_PREFIX=/home/libok/um_file/install/ros2srrc_ur3e[0m
[218.323s] [34mcolcon.colcon_core.event_handler.log_command[0m [1;30mDEBUG[0m [32mInvoking command in '/home/libok/um_file/build/ros2srrc_ur3e': CMAKE_PREFIX_PATH=${CMAKE_PREFIX_PATH}:/opt/ros/humble /usr/local/bin/cmake --build /home/libok/um_file/build/ros2srrc_ur3e -- -j18 -l18[0m
[218.325s] [34mcolcon.colcon_core.event_handler.log_command[0m [1;30mDEBUG[0m [32mInvoked command in '/home/libok/um_file/build/ros2srrc_robots' returned '0': CMAKE_PREFIX_PATH=${CMAKE_PREFIX_PATH}:/opt/ros/humble /usr/local/bin/cmake --build /home/libok/um_file/build/ros2srrc_robots -- -j18 -l18[0m
[218.333s] [34mcolcon.colcon_core.event_handler.log_command[0m [1;30mDEBUG[0m [32mInvoking command in '/home/libok/um_file/build/ros2srrc_robots': CMAKE_PREFIX_PATH=${CMAKE_PREFIX_PATH}:/opt/ros/humble /usr/local/bin/cmake --install /home/libok/um_file/build/ros2srrc_robots[0m
[218.335s] [34mcolcon.colcon_core.event_handler.log_command[0m [1;30mDEBUG[0m [32mInvoked command in '/home/libok/um_file/build/ros2srrc_rx160' returned '0': CMAKE_PREFIX_PATH=${CMAKE_PREFIX_PATH}:/opt/ros/humble /usr/local/bin/cmake --build /home/libok/um_file/build/ros2srrc_rx160 -- -j18 -l18[0m
[218.346s] [34mcolcon.colcon_core.event_handler.log_command[0m [1;30mDEBUG[0m [32mInvoking command in '/home/libok/um_file/build/ros2srrc_rx160': CMAKE_PREFIX_PATH=${CMAKE_PREFIX_PATH}:/opt/ros/humble /usr/local/bin/cmake --install /home/libok/um_file/build/ros2srrc_rx160[0m
[218.349s] [34mcolcon.colcon_core.event_handler.log_command[0m [1;30mDEBUG[0m [32mInvoked command in '/home/libok/um_file/build/ros2srrc_ur10' returned '0': CMAKE_PREFIX_PATH=${CMAKE_PREFIX_PATH}:/opt/ros/humble /usr/local/bin/cmake --build /home/libok/um_file/build/ros2srrc_ur10 -- -j18 -l18[0m
[218.353s] [34mcolcon.colcon_core.event_handler.log_command[0m [1;30mDEBUG[0m [32mInvoking command in '/home/libok/um_file/build/ros2srrc_ur10': CMAKE_PREFIX_PATH=${CMAKE_PREFIX_PATH}:/opt/ros/humble /usr/local/bin/cmake --install /home/libok/um_file/build/ros2srrc_ur10[0m
[218.358s] [34mcolcon.colcon_core.event_handler.log_command[0m [1;30mDEBUG[0m [32mInvoked command in '/home/libok/um_file/build/ros2srrc_ur10e' returned '0': CMAKE_PREFIX_PATH=${CMAKE_PREFIX_PATH}:/opt/ros/humble /usr/local/bin/cmake --build /home/libok/um_file/build/ros2srrc_ur10e -- -j18 -l18[0m
[218.360s] [34mcolcon.colcon_core.event_handler.log_command[0m [1;30mDEBUG[0m [32mInvoking command in '/home/libok/um_file/build/ros2srrc_ur10e': CMAKE_PREFIX_PATH=${CMAKE_PREFIX_PATH}:/opt/ros/humble /usr/local/bin/cmake --install /home/libok/um_file/build/ros2srrc_ur10e[0m
[218.361s] [34mcolcon.colcon_core.event_handler.log_command[0m [1;30mDEBUG[0m [32mInvoked command in '/home/libok/um_file/build/ros2srrc_ur16e' returned '0': CMAKE_PREFIX_PATH=${CMAKE_PREFIX_PATH}:/opt/ros/humble /usr/local/bin/cmake --build /home/libok/um_file/build/ros2srrc_ur16e -- -j18 -l18[0m
[218.367s] [34mcolcon.colcon_core.event_handler.log_command[0m [1;30mDEBUG[0m [32mInvoking command in '/home/libok/um_file/build/ros2srrc_ur16e': CMAKE_PREFIX_PATH=${CMAKE_PREFIX_PATH}:/opt/ros/humble /usr/local/bin/cmake --install /home/libok/um_file/build/ros2srrc_ur16e[0m
[218.373s] [34mcolcon.colcon_core.event_handler.log_command[0m [1;30mDEBUG[0m [32mInvoked command in '/home/libok/um_file/build/ros2srrc_ur20' returned '0': CMAKE_PREFIX_PATH=${CMAKE_PREFIX_PATH}:/opt/ros/humble /usr/local/bin/cmake --build /home/libok/um_file/build/ros2srrc_ur20 -- -j18 -l18[0m
[218.374s] [34mcolcon.colcon_core.event_handler.log_command[0m [1;30mDEBUG[0m [32mInvoking command in '/home/libok/um_file/build/ros2srrc_ur20': CMAKE_PREFIX_PATH=${CMAKE_PREFIX_PATH}:/opt/ros/humble /usr/local/bin/cmake --install /home/libok/um_file/build/ros2srrc_ur20[0m
[218.376s] [34mcolcon.colcon_core.event_handler.log_command[0m [1;30mDEBUG[0m [32mInvoked command in '/home/libok/um_file/build/ros2srrc_ur3' returned '0': CMAKE_PREFIX_PATH=${CMAKE_PREFIX_PATH}:/opt/ros/humble /usr/local/bin/cmake --build /home/libok/um_file/build/ros2srrc_ur3 -- -j18 -l18[0m
[218.381s] [34mcolcon.colcon_core.event_handler.log_command[0m [1;30mDEBUG[0m [32mInvoking command in '/home/libok/um_file/build/ros2srrc_ur3': CMAKE_PREFIX_PATH=${CMAKE_PREFIX_PATH}:/opt/ros/humble /usr/local/bin/cmake --install /home/libok/um_file/build/ros2srrc_ur3[0m
[218.422s] [34mcolcon.colcon_core.event_handler.log_command[0m [1;30mDEBUG[0m [32mInvoked command in '/home/libok/um_file/build/ros2srrc_ur3e' returned '0': CMAKE_PREFIX_PATH=${CMAKE_PREFIX_PATH}:/opt/ros/humble /usr/local/bin/cmake --build /home/libok/um_file/build/ros2srrc_ur3e -- -j18 -l18[0m
[218.430s] [34mcolcon.colcon_core.event_handler.log_command[0m [1;30mDEBUG[0m [32mInvoking command in '/home/libok/um_file/build/ros2srrc_ur3e': CMAKE_PREFIX_PATH=${CMAKE_PREFIX_PATH}:/opt/ros/humble /usr/local/bin/cmake --install /home/libok/um_file/build/ros2srrc_ur3e[0m
[218.738s] [34mcolcon.colcon_core.environment[0m [1;30mLevel 1[0m create_environment_scripts_only(ros2srrc_robots)
[218.740s] [34mcolcon.colcon_core.environment[0m [1;30mLevel 1[0m checking '/home/libok/um_file/install/ros2srrc_robots' for CMake module files
[218.752s] [34mcolcon.colcon_core.event_handler.log_command[0m [1;30mDEBUG[0m [32mInvoked command in '/home/libok/um_file/build/ros2srrc_robots' returned '0': CMAKE_PREFIX_PATH=${CMAKE_PREFIX_PATH}:/opt/ros/humble /usr/local/bin/cmake --install /home/libok/um_file/build/ros2srrc_robots[0m
[218.753s] [34mcolcon.colcon_core.environment[0m [1;30mLevel 1[0m checking '/home/libok/um_file/install/ros2srrc_robots' for CMake config files
[218.771s] [34mcolcon.colcon_core.shell[0m [1;30mLevel 1[0m create_environment_hook('ros2srrc_robots', 'cmake_prefix_path')
[218.772s] [34mcolcon.colcon_core.shell[0m [1;30mINFO[0m Creating environment hook '/home/libok/um_file/install/ros2srrc_robots/share/ros2srrc_robots/hook/cmake_prefix_path.ps1'
[218.772s] [34mcolcon.colcon_core.shell[0m [1;30mINFO[0m Creating environment descriptor '/home/libok/um_file/install/ros2srrc_robots/share/ros2srrc_robots/hook/cmake_prefix_path.dsv'
[218.773s] [34mcolcon.colcon_core.shell[0m [1;30mINFO[0m Creating environment hook '/home/libok/um_file/install/ros2srrc_robots/share/ros2srrc_robots/hook/cmake_prefix_path.sh'
[218.774s] [34mcolcon.colcon_core.environment[0m [1;30mLevel 1[0m checking '/home/libok/um_file/install/ros2srrc_robots/bin'
[218.774s] [34mcolcon.colcon_core.environment[0m [1;30mLevel 1[0m checking '/home/libok/um_file/install/ros2srrc_robots/lib/pkgconfig/ros2srrc_robots.pc'
[218.775s] [34mcolcon.colcon_core.environment[0m [1;30mLevel 1[0m checking '/home/libok/um_file/install/ros2srrc_robots/lib/python3.10/site-packages'
[218.776s] [34mcolcon.colcon_core.environment[0m [1;30mLevel 1[0m checking '/home/libok/um_file/install/ros2srrc_robots/bin'
[218.776s] [34mcolcon.colcon_core.shell[0m [1;30mINFO[0m Creating package script '/home/libok/um_file/install/ros2srrc_robots/share/ros2srrc_robots/package.ps1'
[218.777s] [34mcolcon.colcon_core.shell[0m [1;30mINFO[0m Creating package descriptor '/home/libok/um_file/install/ros2srrc_robots/share/ros2srrc_robots/package.dsv'
[218.778s] [34mcolcon.colcon_core.shell[0m [1;30mINFO[0m Creating package script '/home/libok/um_file/install/ros2srrc_robots/share/ros2srrc_robots/package.sh'
[218.779s] [34mcolcon.colcon_core.shell[0m [1;30mINFO[0m Creating package script '/home/libok/um_file/install/ros2srrc_robots/share/ros2srrc_robots/package.bash'
[218.779s] [34mcolcon.colcon_core.shell[0m [1;30mINFO[0m Creating package script '/home/libok/um_file/install/ros2srrc_robots/share/ros2srrc_robots/package.zsh'
[218.780s] [34mcolcon.colcon_core.environment[0m [1;30mLevel 1[0m create_file_with_runtime_dependencies(/home/libok/um_file/install/ros2srrc_robots/share/colcon-core/packages/ros2srrc_robots)
[218.781s] [34mcolcon.colcon_core.environment[0m [1;30mLevel 1[0m create_environment_scripts_only(ros2srrc_robots)
[218.781s] [34mcolcon.colcon_core.environment[0m [1;30mLevel 1[0m checking '/home/libok/um_file/install/ros2srrc_robots' for CMake module files
[218.782s] [34mcolcon.colcon_core.environment[0m [1;30mLevel 1[0m checking '/home/libok/um_file/install/ros2srrc_robots' for CMake config files
[218.783s] [34mcolcon.colcon_core.shell[0m [1;30mLevel 1[0m create_environment_hook('ros2srrc_robots', 'cmake_prefix_path')
[218.783s] [34mcolcon.colcon_core.shell[0m [1;30mINFO[0m Creating environment hook '/home/libok/um_file/install/ros2srrc_robots/share/ros2srrc_robots/hook/cmake_prefix_path.ps1'
[218.784s] [34mcolcon.colcon_core.shell[0m [1;30mINFO[0m Creating environment descriptor '/home/libok/um_file/install/ros2srrc_robots/share/ros2srrc_robots/hook/cmake_prefix_path.dsv'
[218.785s] [34mcolcon.colcon_core.shell[0m [1;30mINFO[0m Creating environment hook '/home/libok/um_file/install/ros2srrc_robots/share/ros2srrc_robots/hook/cmake_prefix_path.sh'
[218.786s] [34mcolcon.colcon_core.environment[0m [1;30mLevel 1[0m checking '/home/libok/um_file/install/ros2srrc_robots/bin'
[218.786s] [34mcolcon.colcon_core.environment[0m [1;30mLevel 1[0m checking '/home/libok/um_file/install/ros2srrc_robots/lib/pkgconfig/ros2srrc_robots.pc'
[218.787s] [34mcolcon.colcon_core.environment[0m [1;30mLevel 1[0m checking '/home/libok/um_file/install/ros2srrc_robots/lib/python3.10/site-packages'
[218.787s] [34mcolcon.colcon_core.environment[0m [1;30mLevel 1[0m checking '/home/libok/um_file/install/ros2srrc_robots/bin'
[218.788s] [34mcolcon.colcon_core.shell[0m [1;30mINFO[0m Creating package script '/home/libok/um_file/install/ros2srrc_robots/share/ros2srrc_robots/package.ps1'
[218.789s] [34mcolcon.colcon_core.shell[0m [1;30mINFO[0m Creating package descriptor '/home/libok/um_file/install/ros2srrc_robots/share/ros2srrc_robots/package.dsv'
[218.790s] [34mcolcon.colcon_core.shell[0m [1;30mINFO[0m Creating package script '/home/libok/um_file/install/ros2srrc_robots/share/ros2srrc_robots/package.sh'
[218.791s] [34mcolcon.colcon_core.shell[0m [1;30mINFO[0m Creating package script '/home/libok/um_file/install/ros2srrc_robots/share/ros2srrc_robots/package.bash'
[218.792s] [34mcolcon.colcon_core.shell[0m [1;30mINFO[0m Creating package script '/home/libok/um_file/install/ros2srrc_robots/share/ros2srrc_robots/package.zsh'
[218.792s] [34mcolcon.colcon_core.environment[0m [1;30mLevel 1[0m create_file_with_runtime_dependencies(/home/libok/um_file/install/ros2srrc_robots/share/colcon-core/packages/ros2srrc_robots)
[218.794s] [34mcolcon.colcon_ros.task.ament_cmake.build[0m [1;30mINFO[0m Building ROS package in '/home/libok/um_file/packages/ros2srrc_ur5' with build type 'ament_cmake'
[218.794s] [34mcolcon.colcon_cmake.task.cmake.build[0m [1;30mINFO[0m Building CMake package in '/home/libok/um_file/packages/ros2srrc_ur5'
[218.794s] [34mcolcon.colcon_core.shell[0m [1;30mINFO[0m Skip shell extension 'powershell' for command environment: Not usable outside of PowerShell
[218.794s] [34mcolcon.colcon_core.shell[0m [1;30mDEBUG[0m [32mSkip shell extension 'dsv' for command environment[0m
[218.809s] [34mcolcon.colcon_core.environment[0m [1;30mLevel 1[0m create_environment_scripts_only(ros2srrc_rx160)
[218.810s] [34mcolcon.colcon_core.environment[0m [1;30mLevel 1[0m checking '/home/libok/um_file/install/ros2srrc_rx160' for CMake module files
[218.811s] [34mcolcon.colcon_core.event_handler.log_command[0m [1;30mDEBUG[0m [32mInvoked command in '/home/libok/um_file/build/ros2srrc_rx160' returned '0': CMAKE_PREFIX_PATH=${CMAKE_PREFIX_PATH}:/opt/ros/humble /usr/local/bin/cmake --install /home/libok/um_file/build/ros2srrc_rx160[0m
[218.812s] [34mcolcon.colcon_core.environment[0m [1;30mLevel 1[0m checking '/home/libok/um_file/install/ros2srrc_rx160' for CMake config files
[218.812s] [34mcolcon.colcon_core.shell[0m [1;30mLevel 1[0m create_environment_hook('ros2srrc_rx160', 'cmake_prefix_path')
[218.813s] [34mcolcon.colcon_core.shell[0m [1;30mINFO[0m Creating environment hook '/home/libok/um_file/install/ros2srrc_rx160/share/ros2srrc_rx160/hook/cmake_prefix_path.ps1'
[218.814s] [34mcolcon.colcon_core.shell[0m [1;30mINFO[0m Creating environment descriptor '/home/libok/um_file/install/ros2srrc_rx160/share/ros2srrc_rx160/hook/cmake_prefix_path.dsv'
[218.815s] [34mcolcon.colcon_core.shell[0m [1;30mINFO[0m Creating environment hook '/home/libok/um_file/install/ros2srrc_rx160/share/ros2srrc_rx160/hook/cmake_prefix_path.sh'
[218.815s] [34mcolcon.colcon_core.environment[0m [1;30mLevel 1[0m checking '/home/libok/um_file/install/ros2srrc_rx160/bin'
[218.816s] [34mcolcon.colcon_core.environment[0m [1;30mLevel 1[0m checking '/home/libok/um_file/install/ros2srrc_rx160/lib/pkgconfig/ros2srrc_rx160.pc'
[218.816s] [34mcolcon.colcon_core.environment[0m [1;30mLevel 1[0m checking '/home/libok/um_file/install/ros2srrc_rx160/lib/python3.10/site-packages'
[218.817s] [34mcolcon.colcon_core.environment[0m [1;30mLevel 1[0m checking '/home/libok/um_file/install/ros2srrc_rx160/bin'
[218.817s] [34mcolcon.colcon_core.shell[0m [1;30mINFO[0m Creating package script '/home/libok/um_file/install/ros2srrc_rx160/share/ros2srrc_rx160/package.ps1'
[218.818s] [34mcolcon.colcon_core.shell[0m [1;30mINFO[0m Creating package descriptor '/home/libok/um_file/install/ros2srrc_rx160/share/ros2srrc_rx160/package.dsv'
[218.820s] [34mcolcon.colcon_core.shell[0m [1;30mINFO[0m Creating package script '/home/libok/um_file/install/ros2srrc_rx160/share/ros2srrc_rx160/package.sh'
[218.823s] [34mcolcon.colcon_core.shell[0m [1;30mINFO[0m Creating package script '/home/libok/um_file/install/ros2srrc_rx160/share/ros2srrc_rx160/package.bash'
[218.825s] [34mcolcon.colcon_core.shell[0m [1;30mINFO[0m Creating package script '/home/libok/um_file/install/ros2srrc_rx160/share/ros2srrc_rx160/package.zsh'
[218.826s] [34mcolcon.colcon_core.environment[0m [1;30mLevel 1[0m create_file_with_runtime_dependencies(/home/libok/um_file/install/ros2srrc_rx160/share/colcon-core/packages/ros2srrc_rx160)
[218.829s] [34mcolcon.colcon_core.environment[0m [1;30mLevel 1[0m create_environment_scripts_only(ros2srrc_rx160)
[218.830s] [34mcolcon.colcon_core.environment[0m [1;30mLevel 1[0m checking '/home/libok/um_file/install/ros2srrc_rx160' for CMake module files
[218.831s] [34mcolcon.colcon_core.environment[0m [1;30mLevel 1[0m checking '/home/libok/um_file/install/ros2srrc_rx160' for CMake config files
[218.832s] [34mcolcon.colcon_core.shell[0m [1;30mLevel 1[0m create_environment_hook('ros2srrc_rx160', 'cmake_prefix_path')
[218.834s] [34mcolcon.colcon_core.shell[0m [1;30mINFO[0m Creating environment hook '/home/libok/um_file/install/ros2srrc_rx160/share/ros2srrc_rx160/hook/cmake_prefix_path.ps1'
[218.837s] [34mcolcon.colcon_core.shell[0m [1;30mINFO[0m Creating environment descriptor '/home/libok/um_file/install/ros2srrc_rx160/share/ros2srrc_rx160/hook/cmake_prefix_path.dsv'
[218.839s] [34mcolcon.colcon_core.shell[0m [1;30mINFO[0m Creating environment hook '/home/libok/um_file/install/ros2srrc_rx160/share/ros2srrc_rx160/hook/cmake_prefix_path.sh'
[218.842s] [34mcolcon.colcon_core.environment[0m [1;30mLevel 1[0m checking '/home/libok/um_file/install/ros2srrc_rx160/bin'
[218.842s] [34mcolcon.colcon_core.environment[0m [1;30mLevel 1[0m checking '/home/libok/um_file/install/ros2srrc_rx160/lib/pkgconfig/ros2srrc_rx160.pc'
[218.843s] [34mcolcon.colcon_core.environment[0m [1;30mLevel 1[0m checking '/home/libok/um_file/install/ros2srrc_rx160/lib/python3.10/site-packages'
[218.844s] [34mcolcon.colcon_core.environment[0m [1;30mLevel 1[0m checking '/home/libok/um_file/install/ros2srrc_rx160/bin'
[218.845s] [34mcolcon.colcon_core.shell[0m [1;30mINFO[0m Creating package script '/home/libok/um_file/install/ros2srrc_rx160/share/ros2srrc_rx160/package.ps1'
[218.847s] [34mcolcon.colcon_core.shell[0m [1;30mINFO[0m Creating package descriptor '/home/libok/um_file/install/ros2srrc_rx160/share/ros2srrc_rx160/package.dsv'
[218.848s] [34mcolcon.colcon_core.shell[0m [1;30mINFO[0m Creating package script '/home/libok/um_file/install/ros2srrc_rx160/share/ros2srrc_rx160/package.sh'
[218.850s] [34mcolcon.colcon_core.shell[0m [1;30mINFO[0m Creating package script '/home/libok/um_file/install/ros2srrc_rx160/share/ros2srrc_rx160/package.bash'
[218.851s] [34mcolcon.colcon_core.shell[0m [1;30mINFO[0m Creating package script '/home/libok/um_file/install/ros2srrc_rx160/share/ros2srrc_rx160/package.zsh'
[218.852s] [34mcolcon.colcon_core.environment[0m [1;30mLevel 1[0m create_file_with_runtime_dependencies(/home/libok/um_file/install/ros2srrc_rx160/share/colcon-core/packages/ros2srrc_rx160)
[218.853s] [34mcolcon.colcon_core.environment[0m [1;30mLevel 1[0m create_environment_scripts_only(ros2srrc_ur10)
[218.854s] [34mcolcon.colcon_core.environment[0m [1;30mLevel 1[0m checking '/home/libok/um_file/install/ros2srrc_ur10' for CMake module files
[218.856s] [34mcolcon.colcon_core.event_handler.log_command[0m [1;30mDEBUG[0m [32mInvoked command in '/home/libok/um_file/build/ros2srrc_ur10' returned '0': CMAKE_PREFIX_PATH=${CMAKE_PREFIX_PATH}:/opt/ros/humble /usr/local/bin/cmake --install /home/libok/um_file/build/ros2srrc_ur10[0m
[218.857s] [34mcolcon.colcon_core.environment[0m [1;30mLevel 1[0m checking '/home/libok/um_file/install/ros2srrc_ur10' for CMake config files
[218.858s] [34mcolcon.colcon_core.shell[0m [1;30mLevel 1[0m create_environment_hook('ros2srrc_ur10', 'cmake_prefix_path')
[218.859s] [34mcolcon.colcon_core.shell[0m [1;30mINFO[0m Creating environment hook '/home/libok/um_file/install/ros2srrc_ur10/share/ros2srrc_ur10/hook/cmake_prefix_path.ps1'
[218.860s] [34mcolcon.colcon_core.shell[0m [1;30mINFO[0m Creating environment descriptor '/home/libok/um_file/install/ros2srrc_ur10/share/ros2srrc_ur10/hook/cmake_prefix_path.dsv'
[218.861s] [34mcolcon.colcon_core.shell[0m [1;30mINFO[0m Creating environment hook '/home/libok/um_file/install/ros2srrc_ur10/share/ros2srrc_ur10/hook/cmake_prefix_path.sh'
[218.862s] [34mcolcon.colcon_core.environment[0m [1;30mLevel 1[0m checking '/home/libok/um_file/install/ros2srrc_ur10/bin'
[218.863s] [34mcolcon.colcon_core.environment[0m [1;30mLevel 1[0m checking '/home/libok/um_file/install/ros2srrc_ur10/lib/pkgconfig/ros2srrc_ur10.pc'
[218.863s] [34mcolcon.colcon_core.environment[0m [1;30mLevel 1[0m checking '/home/libok/um_file/install/ros2srrc_ur10/lib/python3.10/site-packages'
[218.864s] [34mcolcon.colcon_core.environment[0m [1;30mLevel 1[0m checking '/home/libok/um_file/install/ros2srrc_ur10/bin'
[218.865s] [34mcolcon.colcon_core.shell[0m [1;30mINFO[0m Creating package script '/home/libok/um_file/install/ros2srrc_ur10/share/ros2srrc_ur10/package.ps1'
[218.867s] [34mcolcon.colcon_core.shell[0m [1;30mINFO[0m Creating package descriptor '/home/libok/um_file/install/ros2srrc_ur10/share/ros2srrc_ur10/package.dsv'
[218.868s] [34mcolcon.colcon_core.shell[0m [1;30mINFO[0m Creating package script '/home/libok/um_file/install/ros2srrc_ur10/share/ros2srrc_ur10/package.sh'
[218.869s] [34mcolcon.colcon_core.shell[0m [1;30mINFO[0m Creating package script '/home/libok/um_file/install/ros2srrc_ur10/share/ros2srrc_ur10/package.bash'
[218.870s] [34mcolcon.colcon_core.shell[0m [1;30mINFO[0m Creating package script '/home/libok/um_file/install/ros2srrc_ur10/share/ros2srrc_ur10/package.zsh'
[218.871s] [34mcolcon.colcon_core.environment[0m [1;30mLevel 1[0m create_file_with_runtime_dependencies(/home/libok/um_file/install/ros2srrc_ur10/share/colcon-core/packages/ros2srrc_ur10)
[218.873s] [34mcolcon.colcon_core.environment[0m [1;30mLevel 1[0m create_environment_scripts_only(ros2srrc_ur10)
[218.874s] [34mcolcon.colcon_core.environment[0m [1;30mLevel 1[0m checking '/home/libok/um_file/install/ros2srrc_ur10' for CMake module files
[218.875s] [34mcolcon.colcon_core.environment[0m [1;30mLevel 1[0m checking '/home/libok/um_file/install/ros2srrc_ur10' for CMake config files
[218.876s] [34mcolcon.colcon_core.shell[0m [1;30mLevel 1[0m create_environment_hook('ros2srrc_ur10', 'cmake_prefix_path')
[218.876s] [34mcolcon.colcon_core.shell[0m [1;30mINFO[0m Creating environment hook '/home/libok/um_file/install/ros2srrc_ur10/share/ros2srrc_ur10/hook/cmake_prefix_path.ps1'
[218.878s] [34mcolcon.colcon_core.shell[0m [1;30mINFO[0m Creating environment descriptor '/home/libok/um_file/install/ros2srrc_ur10/share/ros2srrc_ur10/hook/cmake_prefix_path.dsv'
[218.879s] [34mcolcon.colcon_core.shell[0m [1;30mINFO[0m Creating environment hook '/home/libok/um_file/install/ros2srrc_ur10/share/ros2srrc_ur10/hook/cmake_prefix_path.sh'
[218.881s] [34mcolcon.colcon_core.environment[0m [1;30mLevel 1[0m checking '/home/libok/um_file/install/ros2srrc_ur10/bin'
[218.881s] [34mcolcon.colcon_core.environment[0m [1;30mLevel 1[0m checking '/home/libok/um_file/install/ros2srrc_ur10/lib/pkgconfig/ros2srrc_ur10.pc'
[218.882s] [34mcolcon.colcon_core.environment[0m [1;30mLevel 1[0m checking '/home/libok/um_file/install/ros2srrc_ur10/lib/python3.10/site-packages'
[218.883s] [34mcolcon.colcon_core.environment[0m [1;30mLevel 1[0m checking '/home/libok/um_file/install/ros2srrc_ur10/bin'
[218.884s] [34mcolcon.colcon_core.shell[0m [1;30mINFO[0m Creating package script '/home/libok/um_file/install/ros2srrc_ur10/share/ros2srrc_ur10/package.ps1'
[218.885s] [34mcolcon.colcon_core.shell[0m [1;30mINFO[0m Creating package descriptor '/home/libok/um_file/install/ros2srrc_ur10/share/ros2srrc_ur10/package.dsv'
[218.887s] [34mcolcon.colcon_core.shell[0m [1;30mINFO[0m Creating package script '/home/libok/um_file/install/ros2srrc_ur10/share/ros2srrc_ur10/package.sh'
[218.888s] [34mcolcon.colcon_core.shell[0m [1;30mINFO[0m Creating package script '/home/libok/um_file/install/ros2srrc_ur10/share/ros2srrc_ur10/package.bash'
[218.889s] [34mcolcon.colcon_core.shell[0m [1;30mINFO[0m Creating package script '/home/libok/um_file/install/ros2srrc_ur10/share/ros2srrc_ur10/package.zsh'
[218.890s] [34mcolcon.colcon_core.environment[0m [1;30mLevel 1[0m create_file_with_runtime_dependencies(/home/libok/um_file/install/ros2srrc_ur10/share/colcon-core/packages/ros2srrc_ur10)
[218.891s] [34mcolcon.colcon_core.environment[0m [1;30mLevel 1[0m create_environment_scripts_only(ros2srrc_ur10e)
[218.892s] [34mcolcon.colcon_core.environment[0m [1;30mLevel 1[0m checking '/home/libok/um_file/install/ros2srrc_ur10e' for CMake module files
[218.895s] [34mcolcon.colcon_core.environment[0m [1;30mLevel 1[0m checking '/home/libok/um_file/install/ros2srrc_ur10e' for CMake config files
[218.895s] [34mcolcon.colcon_core.event_handler.log_command[0m [1;30mDEBUG[0m [32mInvoked command in '/home/libok/um_file/build/ros2srrc_ur10e' returned '0': CMAKE_PREFIX_PATH=${CMAKE_PREFIX_PATH}:/opt/ros/humble /usr/local/bin/cmake --install /home/libok/um_file/build/ros2srrc_ur10e[0m
[218.895s] [34mcolcon.colcon_core.shell[0m [1;30mLevel 1[0m create_environment_hook('ros2srrc_ur10e', 'cmake_prefix_path')
[218.896s] [34mcolcon.colcon_core.shell[0m [1;30mINFO[0m Creating environment hook '/home/libok/um_file/install/ros2srrc_ur10e/share/ros2srrc_ur10e/hook/cmake_prefix_path.ps1'
[218.897s] [34mcolcon.colcon_core.shell[0m [1;30mINFO[0m Creating environment descriptor '/home/libok/um_file/install/ros2srrc_ur10e/share/ros2srrc_ur10e/hook/cmake_prefix_path.dsv'
[218.897s] [34mcolcon.colcon_core.shell[0m [1;30mINFO[0m Creating environment hook '/home/libok/um_file/install/ros2srrc_ur10e/share/ros2srrc_ur10e/hook/cmake_prefix_path.sh'
[218.898s] [34mcolcon.colcon_core.environment[0m [1;30mLevel 1[0m checking '/home/libok/um_file/install/ros2srrc_ur10e/bin'
[218.899s] [34mcolcon.colcon_core.environment[0m [1;30mLevel 1[0m checking '/home/libok/um_file/install/ros2srrc_ur10e/lib/pkgconfig/ros2srrc_ur10e.pc'
[218.899s] [34mcolcon.colcon_core.environment[0m [1;30mLevel 1[0m checking '/home/libok/um_file/install/ros2srrc_ur10e/lib/python3.10/site-packages'
[218.900s] [34mcolcon.colcon_core.environment[0m [1;30mLevel 1[0m checking '/home/libok/um_file/install/ros2srrc_ur10e/bin'
[218.901s] [34mcolcon.colcon_core.shell[0m [1;30mINFO[0m Creating package script '/home/libok/um_file/install/ros2srrc_ur10e/share/ros2srrc_ur10e/package.ps1'
[218.902s] [34mcolcon.colcon_core.shell[0m [1;30mINFO[0m Creating package descriptor '/home/libok/um_file/install/ros2srrc_ur10e/share/ros2srrc_ur10e/package.dsv'
[218.904s] [34mcolcon.colcon_core.shell[0m [1;30mINFO[0m Creating package script '/home/libok/um_file/install/ros2srrc_ur10e/share/ros2srrc_ur10e/package.sh'
[218.905s] [34mcolcon.colcon_core.shell[0m [1;30mINFO[0m Creating package script '/home/libok/um_file/install/ros2srrc_ur10e/share/ros2srrc_ur10e/package.bash'
[218.906s] [34mcolcon.colcon_core.shell[0m [1;30mINFO[0m Creating package script '/home/libok/um_file/install/ros2srrc_ur10e/share/ros2srrc_ur10e/package.zsh'
[218.907s] [34mcolcon.colcon_core.environment[0m [1;30mLevel 1[0m create_file_with_runtime_dependencies(/home/libok/um_file/install/ros2srrc_ur10e/share/colcon-core/packages/ros2srrc_ur10e)
[218.909s] [34mcolcon.colcon_core.environment[0m [1;30mLevel 1[0m create_environment_scripts_only(ros2srrc_ur10e)
[218.910s] [34mcolcon.colcon_core.environment[0m [1;30mLevel 1[0m checking '/home/libok/um_file/install/ros2srrc_ur10e' for CMake module files
[218.911s] [34mcolcon.colcon_core.environment[0m [1;30mLevel 1[0m checking '/home/libok/um_file/install/ros2srrc_ur10e' for CMake config files
[218.912s] [34mcolcon.colcon_core.shell[0m [1;30mLevel 1[0m create_environment_hook('ros2srrc_ur10e', 'cmake_prefix_path')
[218.913s] [34mcolcon.colcon_core.shell[0m [1;30mINFO[0m Creating environment hook '/home/libok/um_file/install/ros2srrc_ur10e/share/ros2srrc_ur10e/hook/cmake_prefix_path.ps1'
[218.914s] [34mcolcon.colcon_core.shell[0m [1;30mINFO[0m Creating environment descriptor '/home/libok/um_file/install/ros2srrc_ur10e/share/ros2srrc_ur10e/hook/cmake_prefix_path.dsv'
[218.915s] [34mcolcon.colcon_core.shell[0m [1;30mINFO[0m Creating environment hook '/home/libok/um_file/install/ros2srrc_ur10e/share/ros2srrc_ur10e/hook/cmake_prefix_path.sh'
[218.917s] [34mcolcon.colcon_core.environment[0m [1;30mLevel 1[0m checking '/home/libok/um_file/install/ros2srrc_ur10e/bin'
[218.917s] [34mcolcon.colcon_core.environment[0m [1;30mLevel 1[0m checking '/home/libok/um_file/install/ros2srrc_ur10e/lib/pkgconfig/ros2srrc_ur10e.pc'
[218.918s] [34mcolcon.colcon_core.environment[0m [1;30mLevel 1[0m checking '/home/libok/um_file/install/ros2srrc_ur10e/lib/python3.10/site-packages'
[218.919s] [34mcolcon.colcon_core.environment[0m [1;30mLevel 1[0m checking '/home/libok/um_file/install/ros2srrc_ur10e/bin'
[218.920s] [34mcolcon.colcon_core.shell[0m [1;30mINFO[0m Creating package script '/home/libok/um_file/install/ros2srrc_ur10e/share/ros2srrc_ur10e/package.ps1'
[218.922s] [34mcolcon.colcon_core.shell[0m [1;30mINFO[0m Creating package descriptor '/home/libok/um_file/install/ros2srrc_ur10e/share/ros2srrc_ur10e/package.dsv'
[218.923s] [34mcolcon.colcon_core.shell[0m [1;30mINFO[0m Creating package script '/home/libok/um_file/install/ros2srrc_ur10e/share/ros2srrc_ur10e/package.sh'
[218.925s] [34mcolcon.colcon_core.shell[0m [1;30mINFO[0m Creating package script '/home/libok/um_file/install/ros2srrc_ur10e/share/ros2srrc_ur10e/package.bash'
[218.926s] [34mcolcon.colcon_core.shell[0m [1;30mINFO[0m Creating package script '/home/libok/um_file/install/ros2srrc_ur10e/share/ros2srrc_ur10e/package.zsh'
[218.929s] [34mcolcon.colcon_core.environment[0m [1;30mLevel 1[0m create_file_with_runtime_dependencies(/home/libok/um_file/install/ros2srrc_ur10e/share/colcon-core/packages/ros2srrc_ur10e)
[218.929s] [34mcolcon.colcon_core.environment[0m [1;30mLevel 1[0m create_environment_scripts_only(ros2srrc_ur16e)
[218.930s] [34mcolcon.colcon_core.environment[0m [1;30mLevel 1[0m checking '/home/libok/um_file/install/ros2srrc_ur16e' for CMake module files
[218.932s] [34mcolcon.colcon_core.environment[0m [1;30mLevel 1[0m checking '/home/libok/um_file/install/ros2srrc_ur16e' for CMake config files
[218.933s] [34mcolcon.colcon_core.shell[0m [1;30mLevel 1[0m create_environment_hook('ros2srrc_ur16e', 'cmake_prefix_path')
[218.935s] [34mcolcon.colcon_core.shell[0m [1;30mINFO[0m Creating environment hook '/home/libok/um_file/install/ros2srrc_ur16e/share/ros2srrc_ur16e/hook/cmake_prefix_path.ps1'
[218.935s] [34mcolcon.colcon_core.event_handler.log_command[0m [1;30mDEBUG[0m [32mInvoked command in '/home/libok/um_file/build/ros2srrc_ur16e' returned '0': CMAKE_PREFIX_PATH=${CMAKE_PREFIX_PATH}:/opt/ros/humble /usr/local/bin/cmake --install /home/libok/um_file/build/ros2srrc_ur16e[0m
[218.938s] [34mcolcon.colcon_core.shell[0m [1;30mINFO[0m Creating environment descriptor '/home/libok/um_file/install/ros2srrc_ur16e/share/ros2srrc_ur16e/hook/cmake_prefix_path.dsv'
[218.940s] [34mcolcon.colcon_core.shell[0m [1;30mINFO[0m Creating environment hook '/home/libok/um_file/install/ros2srrc_ur16e/share/ros2srrc_ur16e/hook/cmake_prefix_path.sh'
[218.942s] [34mcolcon.colcon_core.environment[0m [1;30mLevel 1[0m checking '/home/libok/um_file/install/ros2srrc_ur16e/bin'
[218.942s] [34mcolcon.colcon_core.environment[0m [1;30mLevel 1[0m checking '/home/libok/um_file/install/ros2srrc_ur16e/lib/pkgconfig/ros2srrc_ur16e.pc'
[218.942s] [34mcolcon.colcon_core.environment[0m [1;30mLevel 1[0m checking '/home/libok/um_file/install/ros2srrc_ur16e/lib/python3.10/site-packages'
[218.943s] [34mcolcon.colcon_core.environment[0m [1;30mLevel 1[0m checking '/home/libok/um_file/install/ros2srrc_ur16e/bin'
[218.945s] [34mcolcon.colcon_core.shell[0m [1;30mINFO[0m Creating package script '/home/libok/um_file/install/ros2srrc_ur16e/share/ros2srrc_ur16e/package.ps1'
[218.946s] [34mcolcon.colcon_core.shell[0m [1;30mINFO[0m Creating package descriptor '/home/libok/um_file/install/ros2srrc_ur16e/share/ros2srrc_ur16e/package.dsv'
[218.947s] [34mcolcon.colcon_core.shell[0m [1;30mINFO[0m Creating package script '/home/libok/um_file/install/ros2srrc_ur16e/share/ros2srrc_ur16e/package.sh'
[218.949s] [34mcolcon.colcon_core.shell[0m [1;30mINFO[0m Creating package script '/home/libok/um_file/install/ros2srrc_ur16e/share/ros2srrc_ur16e/package.bash'
[218.951s] [34mcolcon.colcon_core.shell[0m [1;30mINFO[0m Creating package script '/home/libok/um_file/install/ros2srrc_ur16e/share/ros2srrc_ur16e/package.zsh'
[218.952s] [34mcolcon.colcon_core.environment[0m [1;30mLevel 1[0m create_file_with_runtime_dependencies(/home/libok/um_file/install/ros2srrc_ur16e/share/colcon-core/packages/ros2srrc_ur16e)
[218.954s] [34mcolcon.colcon_core.environment[0m [1;30mLevel 1[0m create_environment_scripts_only(ros2srrc_ur16e)
[218.955s] [34mcolcon.colcon_core.environment[0m [1;30mLevel 1[0m checking '/home/libok/um_file/install/ros2srrc_ur16e' for CMake module files
[218.956s] [34mcolcon.colcon_core.environment[0m [1;30mLevel 1[0m checking '/home/libok/um_file/install/ros2srrc_ur16e' for CMake config files
[218.957s] [34mcolcon.colcon_core.shell[0m [1;30mLevel 1[0m create_environment_hook('ros2srrc_ur16e', 'cmake_prefix_path')
[218.957s] [34mcolcon.colcon_core.shell[0m [1;30mINFO[0m Creating environment hook '/home/libok/um_file/install/ros2srrc_ur16e/share/ros2srrc_ur16e/hook/cmake_prefix_path.ps1'
[218.959s] [34mcolcon.colcon_core.shell[0m [1;30mINFO[0m Creating environment descriptor '/home/libok/um_file/install/ros2srrc_ur16e/share/ros2srrc_ur16e/hook/cmake_prefix_path.dsv'
[218.960s] [34mcolcon.colcon_core.shell[0m [1;30mINFO[0m Creating environment hook '/home/libok/um_file/install/ros2srrc_ur16e/share/ros2srrc_ur16e/hook/cmake_prefix_path.sh'
[218.961s] [34mcolcon.colcon_core.environment[0m [1;30mLevel 1[0m checking '/home/libok/um_file/install/ros2srrc_ur16e/bin'
[218.962s] [34mcolcon.colcon_core.environment[0m [1;30mLevel 1[0m checking '/home/libok/um_file/install/ros2srrc_ur16e/lib/pkgconfig/ros2srrc_ur16e.pc'
[218.962s] [34mcolcon.colcon_core.environment[0m [1;30mLevel 1[0m checking '/home/libok/um_file/install/ros2srrc_ur16e/lib/python3.10/site-packages'
[218.963s] [34mcolcon.colcon_core.environment[0m [1;30mLevel 1[0m checking '/home/libok/um_file/install/ros2srrc_ur16e/bin'
[218.964s] [34mcolcon.colcon_core.shell[0m [1;30mINFO[0m Creating package script '/home/libok/um_file/install/ros2srrc_ur16e/share/ros2srrc_ur16e/package.ps1'
[218.966s] [34mcolcon.colcon_core.shell[0m [1;30mINFO[0m Creating package descriptor '/home/libok/um_file/install/ros2srrc_ur16e/share/ros2srrc_ur16e/package.dsv'
[218.967s] [34mcolcon.colcon_core.shell[0m [1;30mINFO[0m Creating package script '/home/libok/um_file/install/ros2srrc_ur16e/share/ros2srrc_ur16e/package.sh'
[218.969s] [34mcolcon.colcon_core.shell[0m [1;30mINFO[0m Creating package script '/home/libok/um_file/install/ros2srrc_ur16e/share/ros2srrc_ur16e/package.bash'
[218.970s] [34mcolcon.colcon_core.shell[0m [1;30mINFO[0m Creating package script '/home/libok/um_file/install/ros2srrc_ur16e/share/ros2srrc_ur16e/package.zsh'
[218.971s] [34mcolcon.colcon_core.environment[0m [1;30mLevel 1[0m create_file_with_runtime_dependencies(/home/libok/um_file/install/ros2srrc_ur16e/share/colcon-core/packages/ros2srrc_ur16e)
[218.972s] [34mcolcon.colcon_core.environment[0m [1;30mLevel 1[0m create_environment_scripts_only(ros2srrc_ur20)
[218.974s] [34mcolcon.colcon_core.environment[0m [1;30mLevel 1[0m checking '/home/libok/um_file/install/ros2srrc_ur20' for CMake module files
[218.977s] [34mcolcon.colcon_core.event_handler.log_command[0m [1;30mDEBUG[0m [32mInvoked command in '/home/libok/um_file/build/ros2srrc_ur20' returned '0': CMAKE_PREFIX_PATH=${CMAKE_PREFIX_PATH}:/opt/ros/humble /usr/local/bin/cmake --install /home/libok/um_file/build/ros2srrc_ur20[0m
[218.979s] [34mcolcon.colcon_core.environment[0m [1;30mLevel 1[0m checking '/home/libok/um_file/install/ros2srrc_ur20' for CMake config files
[218.979s] [34mcolcon.colcon_core.shell[0m [1;30mLevel 1[0m create_environment_hook('ros2srrc_ur20', 'cmake_prefix_path')
[218.980s] [34mcolcon.colcon_core.shell[0m [1;30mINFO[0m Creating environment hook '/home/libok/um_file/install/ros2srrc_ur20/share/ros2srrc_ur20/hook/cmake_prefix_path.ps1'
[218.982s] [34mcolcon.colcon_core.shell[0m [1;30mINFO[0m Creating environment descriptor '/home/libok/um_file/install/ros2srrc_ur20/share/ros2srrc_ur20/hook/cmake_prefix_path.dsv'
[218.983s] [34mcolcon.colcon_core.shell[0m [1;30mINFO[0m Creating environment hook '/home/libok/um_file/install/ros2srrc_ur20/share/ros2srrc_ur20/hook/cmake_prefix_path.sh'
[218.985s] [34mcolcon.colcon_core.environment[0m [1;30mLevel 1[0m checking '/home/libok/um_file/install/ros2srrc_ur20/bin'
[218.985s] [34mcolcon.colcon_core.environment[0m [1;30mLevel 1[0m checking '/home/libok/um_file/install/ros2srrc_ur20/lib/pkgconfig/ros2srrc_ur20.pc'
[218.986s] [34mcolcon.colcon_core.environment[0m [1;30mLevel 1[0m checking '/home/libok/um_file/install/ros2srrc_ur20/lib/python3.10/site-packages'
[218.987s] [34mcolcon.colcon_core.environment[0m [1;30mLevel 1[0m checking '/home/libok/um_file/install/ros2srrc_ur20/bin'
[218.988s] [34mcolcon.colcon_core.shell[0m [1;30mINFO[0m Creating package script '/home/libok/um_file/install/ros2srrc_ur20/share/ros2srrc_ur20/package.ps1'
[218.989s] [34mcolcon.colcon_core.shell[0m [1;30mINFO[0m Creating package descriptor '/home/libok/um_file/install/ros2srrc_ur20/share/ros2srrc_ur20/package.dsv'
[218.990s] [34mcolcon.colcon_core.shell[0m [1;30mINFO[0m Creating package script '/home/libok/um_file/install/ros2srrc_ur20/share/ros2srrc_ur20/package.sh'
[218.991s] [34mcolcon.colcon_core.shell[0m [1;30mINFO[0m Creating package script '/home/libok/um_file/install/ros2srrc_ur20/share/ros2srrc_ur20/package.bash'
[218.992s] [34mcolcon.colcon_core.shell[0m [1;30mINFO[0m Creating package script '/home/libok/um_file/install/ros2srrc_ur20/share/ros2srrc_ur20/package.zsh'
[218.993s] [34mcolcon.colcon_core.environment[0m [1;30mLevel 1[0m create_file_with_runtime_dependencies(/home/libok/um_file/install/ros2srrc_ur20/share/colcon-core/packages/ros2srrc_ur20)
[218.995s] [34mcolcon.colcon_core.environment[0m [1;30mLevel 1[0m create_environment_scripts_only(ros2srrc_ur20)
[218.996s] [34mcolcon.colcon_core.environment[0m [1;30mLevel 1[0m checking '/home/libok/um_file/install/ros2srrc_ur20' for CMake module files
[218.997s] [34mcolcon.colcon_core.environment[0m [1;30mLevel 1[0m checking '/home/libok/um_file/install/ros2srrc_ur20' for CMake config files
[218.998s] [34mcolcon.colcon_core.shell[0m [1;30mLevel 1[0m create_environment_hook('ros2srrc_ur20', 'cmake_prefix_path')
[218.998s] [34mcolcon.colcon_core.shell[0m [1;30mINFO[0m Creating environment hook '/home/libok/um_file/install/ros2srrc_ur20/share/ros2srrc_ur20/hook/cmake_prefix_path.ps1'
[219.000s] [34mcolcon.colcon_core.shell[0m [1;30mINFO[0m Creating environment descriptor '/home/libok/um_file/install/ros2srrc_ur20/share/ros2srrc_ur20/hook/cmake_prefix_path.dsv'
[219.001s] [34mcolcon.colcon_core.shell[0m [1;30mINFO[0m Creating environment hook '/home/libok/um_file/install/ros2srrc_ur20/share/ros2srrc_ur20/hook/cmake_prefix_path.sh'
[219.002s] [34mcolcon.colcon_core.environment[0m [1;30mLevel 1[0m checking '/home/libok/um_file/install/ros2srrc_ur20/bin'
[219.002s] [34mcolcon.colcon_core.environment[0m [1;30mLevel 1[0m checking '/home/libok/um_file/install/ros2srrc_ur20/lib/pkgconfig/ros2srrc_ur20.pc'
[219.003s] [34mcolcon.colcon_core.environment[0m [1;30mLevel 1[0m checking '/home/libok/um_file/install/ros2srrc_ur20/lib/python3.10/site-packages'
[219.004s] [34mcolcon.colcon_core.environment[0m [1;30mLevel 1[0m checking '/home/libok/um_file/install/ros2srrc_ur20/bin'
[219.004s] [34mcolcon.colcon_core.shell[0m [1;30mINFO[0m Creating package script '/home/libok/um_file/install/ros2srrc_ur20/share/ros2srrc_ur20/package.ps1'
[219.005s] [34mcolcon.colcon_core.shell[0m [1;30mINFO[0m Creating package descriptor '/home/libok/um_file/install/ros2srrc_ur20/share/ros2srrc_ur20/package.dsv'
[219.006s] [34mcolcon.colcon_core.shell[0m [1;30mINFO[0m Creating package script '/home/libok/um_file/install/ros2srrc_ur20/share/ros2srrc_ur20/package.sh'
[219.007s] [34mcolcon.colcon_core.shell[0m [1;30mINFO[0m Creating package script '/home/libok/um_file/install/ros2srrc_ur20/share/ros2srrc_ur20/package.bash'
[219.008s] [34mcolcon.colcon_core.shell[0m [1;30mINFO[0m Creating package script '/home/libok/um_file/install/ros2srrc_ur20/share/ros2srrc_ur20/package.zsh'
[219.009s] [34mcolcon.colcon_core.environment[0m [1;30mLevel 1[0m create_file_with_runtime_dependencies(/home/libok/um_file/install/ros2srrc_ur20/share/colcon-core/packages/ros2srrc_ur20)
[219.009s] [34mcolcon.colcon_core.environment[0m [1;30mLevel 1[0m create_environment_scripts_only(ros2srrc_ur3)
[219.010s] [34mcolcon.colcon_core.environment[0m [1;30mLevel 1[0m checking '/home/libok/um_file/install/ros2srrc_ur3' for CMake module files
[219.012s] [34mcolcon.colcon_core.environment[0m [1;30mLevel 1[0m checking '/home/libok/um_file/install/ros2srrc_ur3' for CMake config files
[219.014s] [34mcolcon.colcon_core.event_handler.log_command[0m [1;30mDEBUG[0m [32mInvoked command in '/home/libok/um_file/build/ros2srrc_ur3' returned '0': CMAKE_PREFIX_PATH=${CMAKE_PREFIX_PATH}:/opt/ros/humble /usr/local/bin/cmake --install /home/libok/um_file/build/ros2srrc_ur3[0m
[219.015s] [34mcolcon.colcon_core.shell[0m [1;30mLevel 1[0m create_environment_hook('ros2srrc_ur3', 'cmake_prefix_path')
[219.017s] [34mcolcon.colcon_core.shell[0m [1;30mINFO[0m Creating environment hook '/home/libok/um_file/install/ros2srrc_ur3/share/ros2srrc_ur3/hook/cmake_prefix_path.ps1'
[219.019s] [34mcolcon.colcon_core.shell[0m [1;30mINFO[0m Creating environment descriptor '/home/libok/um_file/install/ros2srrc_ur3/share/ros2srrc_ur3/hook/cmake_prefix_path.dsv'
[219.020s] [34mcolcon.colcon_core.shell[0m [1;30mINFO[0m Creating environment hook '/home/libok/um_file/install/ros2srrc_ur3/share/ros2srrc_ur3/hook/cmake_prefix_path.sh'
[219.023s] [34mcolcon.colcon_core.environment[0m [1;30mLevel 1[0m checking '/home/libok/um_file/install/ros2srrc_ur3/bin'
[219.024s] [34mcolcon.colcon_core.environment[0m [1;30mLevel 1[0m checking '/home/libok/um_file/install/ros2srrc_ur3/lib/pkgconfig/ros2srrc_ur3.pc'
[219.025s] [34mcolcon.colcon_core.environment[0m [1;30mLevel 1[0m checking '/home/libok/um_file/install/ros2srrc_ur3/lib/python3.10/site-packages'
[219.027s] [34mcolcon.colcon_core.environment[0m [1;30mLevel 1[0m checking '/home/libok/um_file/install/ros2srrc_ur3/bin'
[219.028s] [34mcolcon.colcon_core.shell[0m [1;30mINFO[0m Creating package script '/home/libok/um_file/install/ros2srrc_ur3/share/ros2srrc_ur3/package.ps1'
[219.030s] [34mcolcon.colcon_core.shell[0m [1;30mINFO[0m Creating package descriptor '/home/libok/um_file/install/ros2srrc_ur3/share/ros2srrc_ur3/package.dsv'
[219.031s] [34mcolcon.colcon_core.shell[0m [1;30mINFO[0m Creating package script '/home/libok/um_file/install/ros2srrc_ur3/share/ros2srrc_ur3/package.sh'
[219.031s] [34mcolcon.colcon_core.shell[0m [1;30mINFO[0m Creating package script '/home/libok/um_file/install/ros2srrc_ur3/share/ros2srrc_ur3/package.bash'
[219.032s] [34mcolcon.colcon_core.shell[0m [1;30mINFO[0m Creating package script '/home/libok/um_file/install/ros2srrc_ur3/share/ros2srrc_ur3/package.zsh'
[219.033s] [34mcolcon.colcon_core.environment[0m [1;30mLevel 1[0m create_file_with_runtime_dependencies(/home/libok/um_file/install/ros2srrc_ur3/share/colcon-core/packages/ros2srrc_ur3)
[219.034s] [34mcolcon.colcon_core.environment[0m [1;30mLevel 1[0m create_environment_scripts_only(ros2srrc_ur3)
[219.035s] [34mcolcon.colcon_core.environment[0m [1;30mLevel 1[0m checking '/home/libok/um_file/install/ros2srrc_ur3' for CMake module files
[219.036s] [34mcolcon.colcon_core.environment[0m [1;30mLevel 1[0m checking '/home/libok/um_file/install/ros2srrc_ur3' for CMake config files
[219.036s] [34mcolcon.colcon_core.shell[0m [1;30mLevel 1[0m create_environment_hook('ros2srrc_ur3', 'cmake_prefix_path')
[219.037s] [34mcolcon.colcon_core.shell[0m [1;30mINFO[0m Creating environment hook '/home/libok/um_file/install/ros2srrc_ur3/share/ros2srrc_ur3/hook/cmake_prefix_path.ps1'
[219.038s] [34mcolcon.colcon_core.shell[0m [1;30mINFO[0m Creating environment descriptor '/home/libok/um_file/install/ros2srrc_ur3/share/ros2srrc_ur3/hook/cmake_prefix_path.dsv'
[219.039s] [34mcolcon.colcon_core.shell[0m [1;30mINFO[0m Creating environment hook '/home/libok/um_file/install/ros2srrc_ur3/share/ros2srrc_ur3/hook/cmake_prefix_path.sh'
[219.040s] [34mcolcon.colcon_core.environment[0m [1;30mLevel 1[0m checking '/home/libok/um_file/install/ros2srrc_ur3/bin'
[219.040s] [34mcolcon.colcon_core.environment[0m [1;30mLevel 1[0m checking '/home/libok/um_file/install/ros2srrc_ur3/lib/pkgconfig/ros2srrc_ur3.pc'
[219.041s] [34mcolcon.colcon_core.environment[0m [1;30mLevel 1[0m checking '/home/libok/um_file/install/ros2srrc_ur3/lib/python3.10/site-packages'
[219.041s] [34mcolcon.colcon_core.environment[0m [1;30mLevel 1[0m checking '/home/libok/um_file/install/ros2srrc_ur3/bin'
[219.042s] [34mcolcon.colcon_core.shell[0m [1;30mINFO[0m Creating package script '/home/libok/um_file/install/ros2srrc_ur3/share/ros2srrc_ur3/package.ps1'
[219.043s] [34mcolcon.colcon_core.shell[0m [1;30mINFO[0m Creating package descriptor '/home/libok/um_file/install/ros2srrc_ur3/share/ros2srrc_ur3/package.dsv'
[219.044s] [34mcolcon.colcon_core.shell[0m [1;30mINFO[0m Creating package script '/home/libok/um_file/install/ros2srrc_ur3/share/ros2srrc_ur3/package.sh'
[219.045s] [34mcolcon.colcon_core.shell[0m [1;30mINFO[0m Creating package script '/home/libok/um_file/install/ros2srrc_ur3/share/ros2srrc_ur3/package.bash'
[219.045s] [34mcolcon.colcon_core.shell[0m [1;30mINFO[0m Creating package script '/home/libok/um_file/install/ros2srrc_ur3/share/ros2srrc_ur3/package.zsh'
[219.046s] [34mcolcon.colcon_core.environment[0m [1;30mLevel 1[0m create_file_with_runtime_dependencies(/home/libok/um_file/install/ros2srrc_ur3/share/colcon-core/packages/ros2srrc_ur3)
[219.046s] [34mcolcon.colcon_core.environment[0m [1;30mLevel 1[0m create_environment_scripts_only(ros2srrc_ur3e)
[219.047s] [34mcolcon.colcon_core.environment[0m [1;30mLevel 1[0m checking '/home/libok/um_file/install/ros2srrc_ur3e' for CMake module files
[219.049s] [34mcolcon.colcon_core.event_handler.log_command[0m [1;30mDEBUG[0m [32mInvoked command in '/home/libok/um_file/build/ros2srrc_ur3e' returned '0': CMAKE_PREFIX_PATH=${CMAKE_PREFIX_PATH}:/opt/ros/humble /usr/local/bin/cmake --install /home/libok/um_file/build/ros2srrc_ur3e[0m
[219.049s] [34mcolcon.colcon_core.environment[0m [1;30mLevel 1[0m checking '/home/libok/um_file/install/ros2srrc_ur3e' for CMake config files
[219.050s] [34mcolcon.colcon_core.shell[0m [1;30mLevel 1[0m create_environment_hook('ros2srrc_ur3e', 'cmake_prefix_path')
[219.050s] [34mcolcon.colcon_core.shell[0m [1;30mINFO[0m Creating environment hook '/home/libok/um_file/install/ros2srrc_ur3e/share/ros2srrc_ur3e/hook/cmake_prefix_path.ps1'
[219.051s] [34mcolcon.colcon_core.shell[0m [1;30mINFO[0m Creating environment descriptor '/home/libok/um_file/install/ros2srrc_ur3e/share/ros2srrc_ur3e/hook/cmake_prefix_path.dsv'
[219.052s] [34mcolcon.colcon_core.shell[0m [1;30mINFO[0m Creating environment hook '/home/libok/um_file/install/ros2srrc_ur3e/share/ros2srrc_ur3e/hook/cmake_prefix_path.sh'
[219.053s] [34mcolcon.colcon_core.environment[0m [1;30mLevel 1[0m checking '/home/libok/um_file/install/ros2srrc_ur3e/bin'
[219.053s] [34mcolcon.colcon_core.environment[0m [1;30mLevel 1[0m checking '/home/libok/um_file/install/ros2srrc_ur3e/lib/pkgconfig/ros2srrc_ur3e.pc'
[219.054s] [34mcolcon.colcon_core.environment[0m [1;30mLevel 1[0m checking '/home/libok/um_file/install/ros2srrc_ur3e/lib/python3.10/site-packages'
[219.055s] [34mcolcon.colcon_core.environment[0m [1;30mLevel 1[0m checking '/home/libok/um_file/install/ros2srrc_ur3e/bin'
[219.056s] [34mcolcon.colcon_core.shell[0m [1;30mINFO[0m Creating package script '/home/libok/um_file/install/ros2srrc_ur3e/share/ros2srrc_ur3e/package.ps1'
[219.057s] [34mcolcon.colcon_core.shell[0m [1;30mINFO[0m Creating package descriptor '/home/libok/um_file/install/ros2srrc_ur3e/share/ros2srrc_ur3e/package.dsv'
[219.059s] [34mcolcon.colcon_core.shell[0m [1;30mINFO[0m Creating package script '/home/libok/um_file/install/ros2srrc_ur3e/share/ros2srrc_ur3e/package.sh'
[219.060s] [34mcolcon.colcon_core.shell[0m [1;30mINFO[0m Creating package script '/home/libok/um_file/install/ros2srrc_ur3e/share/ros2srrc_ur3e/package.bash'
[219.061s] [34mcolcon.colcon_core.shell[0m [1;30mINFO[0m Creating package script '/home/libok/um_file/install/ros2srrc_ur3e/share/ros2srrc_ur3e/package.zsh'
[219.062s] [34mcolcon.colcon_core.environment[0m [1;30mLevel 1[0m create_file_with_runtime_dependencies(/home/libok/um_file/install/ros2srrc_ur3e/share/colcon-core/packages/ros2srrc_ur3e)
[219.063s] [34mcolcon.colcon_core.environment[0m [1;30mLevel 1[0m create_environment_scripts_only(ros2srrc_ur3e)
[219.063s] [34mcolcon.colcon_core.environment[0m [1;30mLevel 1[0m checking '/home/libok/um_file/install/ros2srrc_ur3e' for CMake module files
[219.064s] [34mcolcon.colcon_core.environment[0m [1;30mLevel 1[0m checking '/home/libok/um_file/install/ros2srrc_ur3e' for CMake config files
[219.064s] [34mcolcon.colcon_core.shell[0m [1;30mLevel 1[0m create_environment_hook('ros2srrc_ur3e', 'cmake_prefix_path')
[219.065s] [34mcolcon.colcon_core.shell[0m [1;30mINFO[0m Creating environment hook '/home/libok/um_file/install/ros2srrc_ur3e/share/ros2srrc_ur3e/hook/cmake_prefix_path.ps1'
[219.065s] [34mcolcon.colcon_core.shell[0m [1;30mINFO[0m Creating environment descriptor '/home/libok/um_file/install/ros2srrc_ur3e/share/ros2srrc_ur3e/hook/cmake_prefix_path.dsv'
[219.066s] [34mcolcon.colcon_core.shell[0m [1;30mINFO[0m Creating environment hook '/home/libok/um_file/install/ros2srrc_ur3e/share/ros2srrc_ur3e/hook/cmake_prefix_path.sh'
[219.067s] [34mcolcon.colcon_core.environment[0m [1;30mLevel 1[0m checking '/home/libok/um_file/install/ros2srrc_ur3e/bin'
[219.067s] [34mcolcon.colcon_core.environment[0m [1;30mLevel 1[0m checking '/home/libok/um_file/install/ros2srrc_ur3e/lib/pkgconfig/ros2srrc_ur3e.pc'
[219.068s] [34mcolcon.colcon_core.environment[0m [1;30mLevel 1[0m checking '/home/libok/um_file/install/ros2srrc_ur3e/lib/python3.10/site-packages'
[219.069s] [34mcolcon.colcon_core.environment[0m [1;30mLevel 1[0m checking '/home/libok/um_file/install/ros2srrc_ur3e/bin'
[219.070s] [34mcolcon.colcon_core.shell[0m [1;30mINFO[0m Creating package script '/home/libok/um_file/install/ros2srrc_ur3e/share/ros2srrc_ur3e/package.ps1'
[219.071s] [34mcolcon.colcon_core.shell[0m [1;30mINFO[0m Creating package descriptor '/home/libok/um_file/install/ros2srrc_ur3e/share/ros2srrc_ur3e/package.dsv'
[219.072s] [34mcolcon.colcon_core.shell[0m [1;30mINFO[0m Creating package script '/home/libok/um_file/install/ros2srrc_ur3e/share/ros2srrc_ur3e/package.sh'
[219.073s] [34mcolcon.colcon_core.shell[0m [1;30mINFO[0m Creating package script '/home/libok/um_file/install/ros2srrc_ur3e/share/ros2srrc_ur3e/package.bash'
[219.074s] [34mcolcon.colcon_core.shell[0m [1;30mINFO[0m Creating package script '/home/libok/um_file/install/ros2srrc_ur3e/share/ros2srrc_ur3e/package.zsh'
[219.074s] [34mcolcon.colcon_core.environment[0m [1;30mLevel 1[0m create_file_with_runtime_dependencies(/home/libok/um_file/install/ros2srrc_ur3e/share/colcon-core/packages/ros2srrc_ur3e)
[219.076s] [34mcolcon.colcon_ros.task.ament_cmake.build[0m [1;30mINFO[0m Building ROS package in '/home/libok/um_file/packages/ros2srrc_ur5e' with build type 'ament_cmake'
[219.076s] [34mcolcon.colcon_cmake.task.cmake.build[0m [1;30mINFO[0m Building CMake package in '/home/libok/um_file/packages/ros2srrc_ur5e'
[219.076s] [34mcolcon.colcon_core.shell[0m [1;30mINFO[0m Skip shell extension 'powershell' for command environment: Not usable outside of PowerShell
[219.076s] [34mcolcon.colcon_core.shell[0m [1;30mDEBUG[0m [32mSkip shell extension 'dsv' for command environment[0m
[219.110s] [34mcolcon.colcon_core.event_handler.log_command[0m [1;30mDEBUG[0m [32mInvoking command in '/home/libok/um_file/build/ros2srrc_ur5': CMAKE_PREFIX_PATH=${CMAKE_PREFIX_PATH}:/opt/ros/humble /usr/local/bin/cmake /home/libok/um_file/packages/ros2srrc_ur5 -DCMAKE_INSTALL_PREFIX=/home/libok/um_file/install/ros2srrc_ur5[0m
[219.118s] [34mcolcon.colcon_core.event_handler.log_command[0m [1;30mDEBUG[0m [32mInvoking command in '/home/libok/um_file/build/ros2srrc_ur5e': CMAKE_PREFIX_PATH=${CMAKE_PREFIX_PATH}:/opt/ros/humble /usr/local/bin/cmake /home/libok/um_file/packages/ros2srrc_ur5e -DCMAKE_INSTALL_PREFIX=/home/libok/um_file/install/ros2srrc_ur5e[0m
[221.310s] [34mcolcon.colcon_core.event_handler.log_command[0m [1;30mDEBUG[0m [32mInvoked command in '/home/libok/um_file/build/ros2srrc_ur5e' returned '0': CMAKE_PREFIX_PATH=${CMAKE_PREFIX_PATH}:/opt/ros/humble /usr/local/bin/cmake /home/libok/um_file/packages/ros2srrc_ur5e -DCMAKE_INSTALL_PREFIX=/home/libok/um_file/install/ros2srrc_ur5e[0m
[221.314s] [34mcolcon.colcon_core.event_handler.log_command[0m [1;30mDEBUG[0m [32mInvoking command in '/home/libok/um_file/build/ros2srrc_ur5e': CMAKE_PREFIX_PATH=${CMAKE_PREFIX_PATH}:/opt/ros/humble /usr/local/bin/cmake --build /home/libok/um_file/build/ros2srrc_ur5e -- -j18 -l18[0m
[221.320s] [34mcolcon.colcon_core.event_handler.log_command[0m [1;30mDEBUG[0m [32mInvoked command in '/home/libok/um_file/build/ros2srrc_ur5' returned '0': CMAKE_PREFIX_PATH=${CMAKE_PREFIX_PATH}:/opt/ros/humble /usr/local/bin/cmake /home/libok/um_file/packages/ros2srrc_ur5 -DCMAKE_INSTALL_PREFIX=/home/libok/um_file/install/ros2srrc_ur5[0m
[221.325s] [34mcolcon.colcon_core.event_handler.log_command[0m [1;30mDEBUG[0m [32mInvoking command in '/home/libok/um_file/build/ros2srrc_ur5': CMAKE_PREFIX_PATH=${CMAKE_PREFIX_PATH}:/opt/ros/humble /usr/local/bin/cmake --build /home/libok/um_file/build/ros2srrc_ur5 -- -j18 -l18[0m
[221.368s] [34mcolcon.colcon_core.event_handler.log_command[0m [1;30mDEBUG[0m [32mInvoked command in '/home/libok/um_file/build/ros2srrc_ur5e' returned '0': CMAKE_PREFIX_PATH=${CMAKE_PREFIX_PATH}:/opt/ros/humble /usr/local/bin/cmake --build /home/libok/um_file/build/ros2srrc_ur5e -- -j18 -l18[0m
[221.374s] [34mcolcon.colcon_core.event_handler.log_command[0m [1;30mDEBUG[0m [32mInvoking command in '/home/libok/um_file/build/ros2srrc_ur5e': CMAKE_PREFIX_PATH=${CMAKE_PREFIX_PATH}:/opt/ros/humble /usr/local/bin/cmake --install /home/libok/um_file/build/ros2srrc_ur5e[0m
[221.378s] [34mcolcon.colcon_core.event_handler.log_command[0m [1;30mDEBUG[0m [32mInvoked command in '/home/libok/um_file/build/ros2srrc_ur5' returned '0': CMAKE_PREFIX_PATH=${CMAKE_PREFIX_PATH}:/opt/ros/humble /usr/local/bin/cmake --build /home/libok/um_file/build/ros2srrc_ur5 -- -j18 -l18[0m
[221.383s] [34mcolcon.colcon_core.event_handler.log_command[0m [1;30mDEBUG[0m [32mInvoking command in '/home/libok/um_file/build/ros2srrc_ur5': CMAKE_PREFIX_PATH=${CMAKE_PREFIX_PATH}:/opt/ros/humble /usr/local/bin/cmake --install /home/libok/um_file/build/ros2srrc_ur5[0m
[221.395s] [34mcolcon.colcon_core.environment[0m [1;30mLevel 1[0m create_environment_scripts_only(ros2srrc_ur5e)
[221.396s] [34mcolcon.colcon_core.environment[0m [1;30mLevel 1[0m checking '/home/libok/um_file/install/ros2srrc_ur5e' for CMake module files
[221.397s] [34mcolcon.colcon_core.environment[0m [1;30mLevel 1[0m checking '/home/libok/um_file/install/ros2srrc_ur5e' for CMake config files
[221.398s] [34mcolcon.colcon_core.shell[0m [1;30mLevel 1[0m create_environment_hook('ros2srrc_ur5e', 'cmake_prefix_path')
[221.400s] [34mcolcon.colcon_core.shell[0m [1;30mINFO[0m Creating environment hook '/home/libok/um_file/install/ros2srrc_ur5e/share/ros2srrc_ur5e/hook/cmake_prefix_path.ps1'
[221.401s] [34mcolcon.colcon_core.event_handler.log_command[0m [1;30mDEBUG[0m [32mInvoked command in '/home/libok/um_file/build/ros2srrc_ur5e' returned '0': CMAKE_PREFIX_PATH=${CMAKE_PREFIX_PATH}:/opt/ros/humble /usr/local/bin/cmake --install /home/libok/um_file/build/ros2srrc_ur5e[0m
[221.406s] [34mcolcon.colcon_core.shell[0m [1;30mINFO[0m Creating environment descriptor '/home/libok/um_file/install/ros2srrc_ur5e/share/ros2srrc_ur5e/hook/cmake_prefix_path.dsv'
[221.407s] [34mcolcon.colcon_core.shell[0m [1;30mINFO[0m Creating environment hook '/home/libok/um_file/install/ros2srrc_ur5e/share/ros2srrc_ur5e/hook/cmake_prefix_path.sh'
[221.410s] [34mcolcon.colcon_core.environment[0m [1;30mLevel 1[0m checking '/home/libok/um_file/install/ros2srrc_ur5e/bin'
[221.411s] [34mcolcon.colcon_core.environment[0m [1;30mLevel 1[0m checking '/home/libok/um_file/install/ros2srrc_ur5e/lib/pkgconfig/ros2srrc_ur5e.pc'
[221.412s] [34mcolcon.colcon_core.environment[0m [1;30mLevel 1[0m checking '/home/libok/um_file/install/ros2srrc_ur5e/lib/python3.10/site-packages'
[221.415s] [34mcolcon.colcon_core.environment[0m [1;30mLevel 1[0m checking '/home/libok/um_file/install/ros2srrc_ur5e/bin'
[221.417s] [34mcolcon.colcon_core.shell[0m [1;30mINFO[0m Creating package script '/home/libok/um_file/install/ros2srrc_ur5e/share/ros2srrc_ur5e/package.ps1'
[221.419s] [34mcolcon.colcon_core.shell[0m [1;30mINFO[0m Creating package descriptor '/home/libok/um_file/install/ros2srrc_ur5e/share/ros2srrc_ur5e/package.dsv'
[221.421s] [34mcolcon.colcon_core.shell[0m [1;30mINFO[0m Creating package script '/home/libok/um_file/install/ros2srrc_ur5e/share/ros2srrc_ur5e/package.sh'
[221.422s] [34mcolcon.colcon_core.shell[0m [1;30mINFO[0m Creating package script '/home/libok/um_file/install/ros2srrc_ur5e/share/ros2srrc_ur5e/package.bash'
[221.423s] [34mcolcon.colcon_core.shell[0m [1;30mINFO[0m Creating package script '/home/libok/um_file/install/ros2srrc_ur5e/share/ros2srrc_ur5e/package.zsh'
[221.424s] [34mcolcon.colcon_core.environment[0m [1;30mLevel 1[0m create_file_with_runtime_dependencies(/home/libok/um_file/install/ros2srrc_ur5e/share/colcon-core/packages/ros2srrc_ur5e)
[221.427s] [34mcolcon.colcon_core.environment[0m [1;30mLevel 1[0m create_environment_scripts_only(ros2srrc_ur5e)
[221.428s] [34mcolcon.colcon_core.environment[0m [1;30mLevel 1[0m checking '/home/libok/um_file/install/ros2srrc_ur5e' for CMake module files
[221.429s] [34mcolcon.colcon_core.environment[0m [1;30mLevel 1[0m checking '/home/libok/um_file/install/ros2srrc_ur5e' for CMake config files
[221.430s] [34mcolcon.colcon_core.shell[0m [1;30mLevel 1[0m create_environment_hook('ros2srrc_ur5e', 'cmake_prefix_path')
[221.431s] [34mcolcon.colcon_core.shell[0m [1;30mINFO[0m Creating environment hook '/home/libok/um_file/install/ros2srrc_ur5e/share/ros2srrc_ur5e/hook/cmake_prefix_path.ps1'
[221.432s] [34mcolcon.colcon_core.shell[0m [1;30mINFO[0m Creating environment descriptor '/home/libok/um_file/install/ros2srrc_ur5e/share/ros2srrc_ur5e/hook/cmake_prefix_path.dsv'
[221.434s] [34mcolcon.colcon_core.shell[0m [1;30mINFO[0m Creating environment hook '/home/libok/um_file/install/ros2srrc_ur5e/share/ros2srrc_ur5e/hook/cmake_prefix_path.sh'
[221.435s] [34mcolcon.colcon_core.environment[0m [1;30mLevel 1[0m checking '/home/libok/um_file/install/ros2srrc_ur5e/bin'
[221.436s] [34mcolcon.colcon_core.environment[0m [1;30mLevel 1[0m checking '/home/libok/um_file/install/ros2srrc_ur5e/lib/pkgconfig/ros2srrc_ur5e.pc'
[221.436s] [34mcolcon.colcon_core.environment[0m [1;30mLevel 1[0m checking '/home/libok/um_file/install/ros2srrc_ur5e/lib/python3.10/site-packages'
[221.438s] [34mcolcon.colcon_core.environment[0m [1;30mLevel 1[0m checking '/home/libok/um_file/install/ros2srrc_ur5e/bin'
[221.439s] [34mcolcon.colcon_core.shell[0m [1;30mINFO[0m Creating package script '/home/libok/um_file/install/ros2srrc_ur5e/share/ros2srrc_ur5e/package.ps1'
[221.442s] [34mcolcon.colcon_core.shell[0m [1;30mINFO[0m Creating package descriptor '/home/libok/um_file/install/ros2srrc_ur5e/share/ros2srrc_ur5e/package.dsv'
[221.445s] [34mcolcon.colcon_core.shell[0m [1;30mINFO[0m Creating package script '/home/libok/um_file/install/ros2srrc_ur5e/share/ros2srrc_ur5e/package.sh'
[221.449s] [34mcolcon.colcon_core.shell[0m [1;30mINFO[0m Creating package script '/home/libok/um_file/install/ros2srrc_ur5e/share/ros2srrc_ur5e/package.bash'
[221.452s] [34mcolcon.colcon_core.shell[0m [1;30mINFO[0m Creating package script '/home/libok/um_file/install/ros2srrc_ur5e/share/ros2srrc_ur5e/package.zsh'
[221.454s] [34mcolcon.colcon_core.environment[0m [1;30mLevel 1[0m create_file_with_runtime_dependencies(/home/libok/um_file/install/ros2srrc_ur5e/share/colcon-core/packages/ros2srrc_ur5e)
[221.461s] [34mcolcon.colcon_core.environment[0m [1;30mLevel 1[0m create_environment_scripts_only(ros2srrc_ur5)
[221.462s] [34mcolcon.colcon_core.environment[0m [1;30mLevel 1[0m checking '/home/libok/um_file/install/ros2srrc_ur5' for CMake module files
[221.465s] [34mcolcon.colcon_core.event_handler.log_command[0m [1;30mDEBUG[0m [32mInvoked command in '/home/libok/um_file/build/ros2srrc_ur5' returned '0': CMAKE_PREFIX_PATH=${CMAKE_PREFIX_PATH}:/opt/ros/humble /usr/local/bin/cmake --install /home/libok/um_file/build/ros2srrc_ur5[0m
[221.467s] [34mcolcon.colcon_core.environment[0m [1;30mLevel 1[0m checking '/home/libok/um_file/install/ros2srrc_ur5' for CMake config files
[221.468s] [34mcolcon.colcon_core.shell[0m [1;30mLevel 1[0m create_environment_hook('ros2srrc_ur5', 'cmake_prefix_path')
[221.469s] [34mcolcon.colcon_core.shell[0m [1;30mINFO[0m Creating environment hook '/home/libok/um_file/install/ros2srrc_ur5/share/ros2srrc_ur5/hook/cmake_prefix_path.ps1'
[221.472s] [34mcolcon.colcon_core.shell[0m [1;30mINFO[0m Creating environment descriptor '/home/libok/um_file/install/ros2srrc_ur5/share/ros2srrc_ur5/hook/cmake_prefix_path.dsv'
[221.473s] [34mcolcon.colcon_core.shell[0m [1;30mINFO[0m Creating environment hook '/home/libok/um_file/install/ros2srrc_ur5/share/ros2srrc_ur5/hook/cmake_prefix_path.sh'
[221.476s] [34mcolcon.colcon_core.environment[0m [1;30mLevel 1[0m checking '/home/libok/um_file/install/ros2srrc_ur5/bin'
[221.477s] [34mcolcon.colcon_core.environment[0m [1;30mLevel 1[0m checking '/home/libok/um_file/install/ros2srrc_ur5/lib/pkgconfig/ros2srrc_ur5.pc'
[221.478s] [34mcolcon.colcon_core.environment[0m [1;30mLevel 1[0m checking '/home/libok/um_file/install/ros2srrc_ur5/lib/python3.10/site-packages'
[221.479s] [34mcolcon.colcon_core.environment[0m [1;30mLevel 1[0m checking '/home/libok/um_file/install/ros2srrc_ur5/bin'
[221.481s] [34mcolcon.colcon_core.shell[0m [1;30mINFO[0m Creating package script '/home/libok/um_file/install/ros2srrc_ur5/share/ros2srrc_ur5/package.ps1'
[221.484s] [34mcolcon.colcon_core.shell[0m [1;30mINFO[0m Creating package descriptor '/home/libok/um_file/install/ros2srrc_ur5/share/ros2srrc_ur5/package.dsv'
[221.486s] [34mcolcon.colcon_core.shell[0m [1;30mINFO[0m Creating package script '/home/libok/um_file/install/ros2srrc_ur5/share/ros2srrc_ur5/package.sh'
[221.488s] [34mcolcon.colcon_core.shell[0m [1;30mINFO[0m Creating package script '/home/libok/um_file/install/ros2srrc_ur5/share/ros2srrc_ur5/package.bash'
[221.490s] [34mcolcon.colcon_core.shell[0m [1;30mINFO[0m Creating package script '/home/libok/um_file/install/ros2srrc_ur5/share/ros2srrc_ur5/package.zsh'
[221.492s] [34mcolcon.colcon_core.environment[0m [1;30mLevel 1[0m create_file_with_runtime_dependencies(/home/libok/um_file/install/ros2srrc_ur5/share/colcon-core/packages/ros2srrc_ur5)
[221.495s] [34mcolcon.colcon_core.environment[0m [1;30mLevel 1[0m create_environment_scripts_only(ros2srrc_ur5)
[221.496s] [34mcolcon.colcon_core.environment[0m [1;30mLevel 1[0m checking '/home/libok/um_file/install/ros2srrc_ur5' for CMake module files
[221.497s] [34mcolcon.colcon_core.environment[0m [1;30mLevel 1[0m checking '/home/libok/um_file/install/ros2srrc_ur5' for CMake config files
[221.498s] [34mcolcon.colcon_core.shell[0m [1;30mLevel 1[0m create_environment_hook('ros2srrc_ur5', 'cmake_prefix_path')
[221.501s] [34mcolcon.colcon_core.shell[0m [1;30mINFO[0m Creating environment hook '/home/libok/um_file/install/ros2srrc_ur5/share/ros2srrc_ur5/hook/cmake_prefix_path.ps1'
[221.502s] [34mcolcon.colcon_core.shell[0m [1;30mINFO[0m Creating environment descriptor '/home/libok/um_file/install/ros2srrc_ur5/share/ros2srrc_ur5/hook/cmake_prefix_path.dsv'
[221.505s] [34mcolcon.colcon_core.shell[0m [1;30mINFO[0m Creating environment hook '/home/libok/um_file/install/ros2srrc_ur5/share/ros2srrc_ur5/hook/cmake_prefix_path.sh'
[221.507s] [34mcolcon.colcon_core.environment[0m [1;30mLevel 1[0m checking '/home/libok/um_file/install/ros2srrc_ur5/bin'
[221.507s] [34mcolcon.colcon_core.environment[0m [1;30mLevel 1[0m checking '/home/libok/um_file/install/ros2srrc_ur5/lib/pkgconfig/ros2srrc_ur5.pc'
[221.508s] [34mcolcon.colcon_core.environment[0m [1;30mLevel 1[0m checking '/home/libok/um_file/install/ros2srrc_ur5/lib/python3.10/site-packages'
[221.509s] [34mcolcon.colcon_core.environment[0m [1;30mLevel 1[0m checking '/home/libok/um_file/install/ros2srrc_ur5/bin'
[221.510s] [34mcolcon.colcon_core.shell[0m [1;30mINFO[0m Creating package script '/home/libok/um_file/install/ros2srrc_ur5/share/ros2srrc_ur5/package.ps1'
[221.512s] [34mcolcon.colcon_core.shell[0m [1;30mINFO[0m Creating package descriptor '/home/libok/um_file/install/ros2srrc_ur5/share/ros2srrc_ur5/package.dsv'
[221.513s] [34mcolcon.colcon_core.shell[0m [1;30mINFO[0m Creating package script '/home/libok/um_file/install/ros2srrc_ur5/share/ros2srrc_ur5/package.sh'
[221.514s] [34mcolcon.colcon_core.shell[0m [1;30mINFO[0m Creating package script '/home/libok/um_file/install/ros2srrc_ur5/share/ros2srrc_ur5/package.bash'
[221.515s] [34mcolcon.colcon_core.shell[0m [1;30mINFO[0m Creating package script '/home/libok/um_file/install/ros2srrc_ur5/share/ros2srrc_ur5/package.zsh'
[221.517s] [34mcolcon.colcon_core.environment[0m [1;30mLevel 1[0m create_file_with_runtime_dependencies(/home/libok/um_file/install/ros2srrc_ur5/share/colcon-core/packages/ros2srrc_ur5)
[234.277s] [34mcolcon.colcon_core.event_handler.log_command[0m [1;30mDEBUG[0m [32mInvoked command in '/home/libok/um_file/build/ur_msgs' returned '0': CMAKE_PREFIX_PATH=${CMAKE_PREFIX_PATH}:/opt/ros/humble /usr/local/bin/cmake --build /home/libok/um_file/build/ur_msgs -- -j18 -l18[0m
[234.286s] [34mcolcon.colcon_core.event_handler.log_command[0m [1;30mDEBUG[0m [32mInvoking command in '/home/libok/um_file/build/ur_msgs': CMAKE_PREFIX_PATH=${CMAKE_PREFIX_PATH}:/opt/ros/humble /usr/local/bin/cmake --install /home/libok/um_file/build/ur_msgs[0m
[235.416s] [34mcolcon.colcon_core.environment[0m [1;30mLevel 1[0m create_environment_scripts_only(ur_msgs)
[235.419s] [34mcolcon.colcon_core.environment[0m [1;30mLevel 1[0m checking '/home/libok/um_file/install/ur_msgs' for CMake module files
[235.424s] [34mcolcon.colcon_core.event_handler.log_command[0m [1;30mDEBUG[0m [32mInvoked command in '/home/libok/um_file/build/ur_msgs' returned '0': CMAKE_PREFIX_PATH=${CMAKE_PREFIX_PATH}:/opt/ros/humble /usr/local/bin/cmake --install /home/libok/um_file/build/ur_msgs[0m
[235.429s] [34mcolcon.colcon_core.environment[0m [1;30mLevel 1[0m checking '/home/libok/um_file/install/ur_msgs' for CMake config files
[235.431s] [34mcolcon.colcon_core.shell[0m [1;30mLevel 1[0m create_environment_hook('ur_msgs', 'cmake_prefix_path')
[235.433s] [34mcolcon.colcon_core.shell[0m [1;30mINFO[0m Creating environment hook '/home/libok/um_file/install/ur_msgs/share/ur_msgs/hook/cmake_prefix_path.ps1'
[235.436s] [34mcolcon.colcon_core.shell[0m [1;30mINFO[0m Creating environment descriptor '/home/libok/um_file/install/ur_msgs/share/ur_msgs/hook/cmake_prefix_path.dsv'
[235.442s] [34mcolcon.colcon_core.shell[0m [1;30mINFO[0m Creating environment hook '/home/libok/um_file/install/ur_msgs/share/ur_msgs/hook/cmake_prefix_path.sh'
[235.447s] [34mcolcon.colcon_core.environment[0m [1;30mLevel 1[0m checking '/home/libok/um_file/install/ur_msgs/lib'
[235.448s] [34mcolcon.colcon_core.shell[0m [1;30mLevel 1[0m create_environment_hook('ur_msgs', 'ld_library_path_lib')
[235.450s] [34mcolcon.colcon_core.shell[0m [1;30mINFO[0m Creating environment hook '/home/libok/um_file/install/ur_msgs/share/ur_msgs/hook/ld_library_path_lib.ps1'
[235.453s] [34mcolcon.colcon_core.shell[0m [1;30mINFO[0m Creating environment descriptor '/home/libok/um_file/install/ur_msgs/share/ur_msgs/hook/ld_library_path_lib.dsv'
[235.460s] [34mcolcon.colcon_core.shell[0m [1;30mINFO[0m Creating environment hook '/home/libok/um_file/install/ur_msgs/share/ur_msgs/hook/ld_library_path_lib.sh'
[235.466s] [34mcolcon.colcon_core.environment[0m [1;30mLevel 1[0m checking '/home/libok/um_file/install/ur_msgs/bin'
[235.466s] [34mcolcon.colcon_core.environment[0m [1;30mLevel 1[0m checking '/home/libok/um_file/install/ur_msgs/lib/pkgconfig/ur_msgs.pc'
[235.467s] [34mcolcon.colcon_core.environment[0m [1;30mLevel 1[0m checking '/home/libok/um_file/install/ur_msgs/lib/python3.10/site-packages'
[235.469s] [34mcolcon.colcon_core.environment[0m [1;30mLevel 1[0m checking '/home/libok/um_file/install/ur_msgs/bin'
[235.471s] [34mcolcon.colcon_core.shell[0m [1;30mINFO[0m Creating package script '/home/libok/um_file/install/ur_msgs/share/ur_msgs/package.ps1'
[235.474s] [34mcolcon.colcon_core.shell[0m [1;30mINFO[0m Creating package descriptor '/home/libok/um_file/install/ur_msgs/share/ur_msgs/package.dsv'
[235.476s] [34mcolcon.colcon_core.shell[0m [1;30mINFO[0m Creating package script '/home/libok/um_file/install/ur_msgs/share/ur_msgs/package.sh'
[235.482s] [34mcolcon.colcon_core.shell[0m [1;30mINFO[0m Creating package script '/home/libok/um_file/install/ur_msgs/share/ur_msgs/package.bash'
[235.484s] [34mcolcon.colcon_core.shell[0m [1;30mINFO[0m Creating package script '/home/libok/um_file/install/ur_msgs/share/ur_msgs/package.zsh'
[235.486s] [34mcolcon.colcon_core.environment[0m [1;30mLevel 1[0m create_file_with_runtime_dependencies(/home/libok/um_file/install/ur_msgs/share/colcon-core/packages/ur_msgs)
[235.489s] [34mcolcon.colcon_core.environment[0m [1;30mLevel 1[0m create_environment_scripts_only(ur_msgs)
[235.490s] [34mcolcon.colcon_core.environment[0m [1;30mLevel 1[0m checking '/home/libok/um_file/install/ur_msgs' for CMake module files
[235.494s] [34mcolcon.colcon_core.environment[0m [1;30mLevel 1[0m checking '/home/libok/um_file/install/ur_msgs' for CMake config files
[235.495s] [34mcolcon.colcon_core.shell[0m [1;30mLevel 1[0m create_environment_hook('ur_msgs', 'cmake_prefix_path')
[235.497s] [34mcolcon.colcon_core.shell[0m [1;30mINFO[0m Creating environment hook '/home/libok/um_file/install/ur_msgs/share/ur_msgs/hook/cmake_prefix_path.ps1'
[235.499s] [34mcolcon.colcon_core.shell[0m [1;30mINFO[0m Creating environment descriptor '/home/libok/um_file/install/ur_msgs/share/ur_msgs/hook/cmake_prefix_path.dsv'
[235.502s] [34mcolcon.colcon_core.shell[0m [1;30mINFO[0m Creating environment hook '/home/libok/um_file/install/ur_msgs/share/ur_msgs/hook/cmake_prefix_path.sh'
[235.505s] [34mcolcon.colcon_core.environment[0m [1;30mLevel 1[0m checking '/home/libok/um_file/install/ur_msgs/lib'
[235.506s] [34mcolcon.colcon_core.shell[0m [1;30mLevel 1[0m create_environment_hook('ur_msgs', 'ld_library_path_lib')
[235.507s] [34mcolcon.colcon_core.shell[0m [1;30mINFO[0m Creating environment hook '/home/libok/um_file/install/ur_msgs/share/ur_msgs/hook/ld_library_path_lib.ps1'
[235.509s] [34mcolcon.colcon_core.shell[0m [1;30mINFO[0m Creating environment descriptor '/home/libok/um_file/install/ur_msgs/share/ur_msgs/hook/ld_library_path_lib.dsv'
[235.511s] [34mcolcon.colcon_core.shell[0m [1;30mINFO[0m Creating environment hook '/home/libok/um_file/install/ur_msgs/share/ur_msgs/hook/ld_library_path_lib.sh'
[235.514s] [34mcolcon.colcon_core.environment[0m [1;30mLevel 1[0m checking '/home/libok/um_file/install/ur_msgs/bin'
[235.514s] [34mcolcon.colcon_core.environment[0m [1;30mLevel 1[0m checking '/home/libok/um_file/install/ur_msgs/lib/pkgconfig/ur_msgs.pc'
[235.515s] [34mcolcon.colcon_core.environment[0m [1;30mLevel 1[0m checking '/home/libok/um_file/install/ur_msgs/lib/python3.10/site-packages'
[235.517s] [34mcolcon.colcon_core.environment[0m [1;30mLevel 1[0m checking '/home/libok/um_file/install/ur_msgs/bin'
[235.519s] [34mcolcon.colcon_core.shell[0m [1;30mINFO[0m Creating package script '/home/libok/um_file/install/ur_msgs/share/ur_msgs/package.ps1'
[235.522s] [34mcolcon.colcon_core.shell[0m [1;30mINFO[0m Creating package descriptor '/home/libok/um_file/install/ur_msgs/share/ur_msgs/package.dsv'
[235.525s] [34mcolcon.colcon_core.shell[0m [1;30mINFO[0m Creating package script '/home/libok/um_file/install/ur_msgs/share/ur_msgs/package.sh'
[235.528s] [34mcolcon.colcon_core.shell[0m [1;30mINFO[0m Creating package script '/home/libok/um_file/install/ur_msgs/share/ur_msgs/package.bash'
[235.530s] [34mcolcon.colcon_core.shell[0m [1;30mINFO[0m Creating package script '/home/libok/um_file/install/ur_msgs/share/ur_msgs/package.zsh'
[235.532s] [34mcolcon.colcon_core.environment[0m [1;30mLevel 1[0m create_file_with_runtime_dependencies(/home/libok/um_file/install/ur_msgs/share/colcon-core/packages/ur_msgs)
[264.954s] [34mcolcon.colcon_core.event_handler.log_command[0m [1;30mDEBUG[0m [32mInvoked command in '/home/libok/um_file/build/bicycle_steering_controller' returned '0': CMAKE_PREFIX_PATH=/home/libok/um_file/install/steering_controllers_library:/home/libok/um_file/install/ur:/home/libok/um_file/install/ur_calibration:/home/libok/um_file/install/ur_robot_driver:/home/libok/um_file/install/ur_bringup:/home/libok/um_file/install/robotiq_description:/home/libok/um_file/install/ros2_controllers:/home/libok/um_file/install/velocity_controllers:/home/libok/um_file/install/ur_controllers:/home/libok/um_file/install/ur_msgs:/home/libok/um_file/install/ur_moveit_config:/home/libok/um_file/install/ur_dashboard_msgs:/home/libok/um_file/install/tricycle_steering_controller:/home/libok/um_file/install/tricycle_controller:/home/libok/um_file/install/bicycle_steering_controller:/home/libok/um_file/install/ackermann_steering_controller:/home/libok/um_file/install/robotiq_hardware_tests:/home/libok/um_file/install/robotiq_driver:/home/libok/um_file/install/serial:/home/libok/um_file/install/ros2srrc_robots:/home/libok/um_file/install/ros2srrc_moveit:/home/libok/um_file/install/ros2srrc_launch:/home/libok/um_file/install/ros2srrc_gazebo:/home/libok/um_file/install/ros2srrc_endeffectors:/home/libok/um_file/install/ros2srrc_data:/home/libok/um_file/install/robotiq_controllers:/home/libok/um_file/install/range_sensor_broadcaster:/home/libok/um_file/install/position_controllers:/home/libok/um_file/install/pose_broadcaster:/home/libok/um_file/install/pid_controller:/home/libok/um_file/install/mecanum_drive_controller:/home/libok/um_file/install/joint_trajectory_controller:/home/libok/um_file/install/joint_state_broadcaster:/home/libok/um_file/install/imu_sensor_broadcaster:/home/libok/um_file/install/gripper_controllers:/home/libok/um_file/install/gpio_controllers:/home/libok/um_file/install/effort_controllers:/home/libok/um_file/install/forward_command_controller:/home/libok/um_file/install/force_torque_sensor_broadcaster:/home/libok/um_file/install/diff_drive_controller:/home/libok/um_file/install/admittance_controller:/opt/ros/humble LD_LIBRARY_PATH=/home/libok/um_file/install/steering_controllers_library/lib:/home/libok/um_file/install/ur_robot_driver/lib:/home/libok/um_file/install/velocity_controllers/lib:/home/libok/um_file/install/ur_controllers/lib:/home/libok/um_file/install/ur_msgs/lib:/home/libok/um_file/install/ur_dashboard_msgs/lib:/home/libok/um_file/install/tricycle_steering_controller/lib:/home/libok/um_file/install/tricycle_controller/lib:/home/libok/um_file/install/bicycle_steering_controller/lib:/home/libok/um_file/install/ackermann_steering_controller/lib:/home/libok/um_file/install/robotiq_driver/lib:/home/libok/um_file/install/serial/lib:/home/libok/um_file/install/ros2srrc_data/lib:/home/libok/um_file/install/robotiq_controllers/lib:/home/libok/um_file/install/range_sensor_broadcaster/lib:/home/libok/um_file/install/position_controllers/lib:/home/libok/um_file/install/pose_broadcaster/lib:/home/libok/um_file/install/pid_controller/lib:/home/libok/um_file/install/mecanum_drive_controller/lib:/home/libok/um_file/install/joint_trajectory_controller/lib:/home/libok/um_file/install/joint_state_broadcaster/lib:/home/libok/um_file/install/imu_sensor_broadcaster/lib:/home/libok/um_file/install/gripper_controllers/lib:/home/libok/um_file/install/gpio_controllers/lib:/home/libok/um_file/install/effort_controllers/lib:/home/libok/um_file/install/forward_command_controller/lib:/home/libok/um_file/install/force_torque_sensor_broadcaster/lib:/home/libok/um_file/install/diff_drive_controller/lib:/home/libok/um_file/install/admittance_controller/lib:/usr/lib/x86_64-linux-gnu/gazebo-11/plugins:/opt/ros/humble/opt/rviz_ogre_vendor/lib:/opt/ros/humble/lib/x86_64-linux-gnu:/opt/ros/humble/lib:/home/libok/.mujoco/mujoco210/bin:/usr/lib/nvidia:/home/libok/.mujoco/mujoco210/bin:/usr/lib/nvidia /usr/local/bin/cmake --build /home/libok/um_file/build/bicycle_steering_controller -- -j18 -l18[0m
[264.971s] [34mcolcon.colcon_core.event_handler.log_command[0m [1;30mDEBUG[0m [32mInvoking command in '/home/libok/um_file/build/bicycle_steering_controller': CMAKE_PREFIX_PATH=/home/libok/um_file/install/steering_controllers_library:/home/libok/um_file/install/ur:/home/libok/um_file/install/ur_calibration:/home/libok/um_file/install/ur_robot_driver:/home/libok/um_file/install/ur_bringup:/home/libok/um_file/install/robotiq_description:/home/libok/um_file/install/ros2_controllers:/home/libok/um_file/install/velocity_controllers:/home/libok/um_file/install/ur_controllers:/home/libok/um_file/install/ur_msgs:/home/libok/um_file/install/ur_moveit_config:/home/libok/um_file/install/ur_dashboard_msgs:/home/libok/um_file/install/tricycle_steering_controller:/home/libok/um_file/install/tricycle_controller:/home/libok/um_file/install/bicycle_steering_controller:/home/libok/um_file/install/ackermann_steering_controller:/home/libok/um_file/install/robotiq_hardware_tests:/home/libok/um_file/install/robotiq_driver:/home/libok/um_file/install/serial:/home/libok/um_file/install/ros2srrc_robots:/home/libok/um_file/install/ros2srrc_moveit:/home/libok/um_file/install/ros2srrc_launch:/home/libok/um_file/install/ros2srrc_gazebo:/home/libok/um_file/install/ros2srrc_endeffectors:/home/libok/um_file/install/ros2srrc_data:/home/libok/um_file/install/robotiq_controllers:/home/libok/um_file/install/range_sensor_broadcaster:/home/libok/um_file/install/position_controllers:/home/libok/um_file/install/pose_broadcaster:/home/libok/um_file/install/pid_controller:/home/libok/um_file/install/mecanum_drive_controller:/home/libok/um_file/install/joint_trajectory_controller:/home/libok/um_file/install/joint_state_broadcaster:/home/libok/um_file/install/imu_sensor_broadcaster:/home/libok/um_file/install/gripper_controllers:/home/libok/um_file/install/gpio_controllers:/home/libok/um_file/install/effort_controllers:/home/libok/um_file/install/forward_command_controller:/home/libok/um_file/install/force_torque_sensor_broadcaster:/home/libok/um_file/install/diff_drive_controller:/home/libok/um_file/install/admittance_controller:/opt/ros/humble LD_LIBRARY_PATH=/home/libok/um_file/install/steering_controllers_library/lib:/home/libok/um_file/install/ur_robot_driver/lib:/home/libok/um_file/install/velocity_controllers/lib:/home/libok/um_file/install/ur_controllers/lib:/home/libok/um_file/install/ur_msgs/lib:/home/libok/um_file/install/ur_dashboard_msgs/lib:/home/libok/um_file/install/tricycle_steering_controller/lib:/home/libok/um_file/install/tricycle_controller/lib:/home/libok/um_file/install/bicycle_steering_controller/lib:/home/libok/um_file/install/ackermann_steering_controller/lib:/home/libok/um_file/install/robotiq_driver/lib:/home/libok/um_file/install/serial/lib:/home/libok/um_file/install/ros2srrc_data/lib:/home/libok/um_file/install/robotiq_controllers/lib:/home/libok/um_file/install/range_sensor_broadcaster/lib:/home/libok/um_file/install/position_controllers/lib:/home/libok/um_file/install/pose_broadcaster/lib:/home/libok/um_file/install/pid_controller/lib:/home/libok/um_file/install/mecanum_drive_controller/lib:/home/libok/um_file/install/joint_trajectory_controller/lib:/home/libok/um_file/install/joint_state_broadcaster/lib:/home/libok/um_file/install/imu_sensor_broadcaster/lib:/home/libok/um_file/install/gripper_controllers/lib:/home/libok/um_file/install/gpio_controllers/lib:/home/libok/um_file/install/effort_controllers/lib:/home/libok/um_file/install/forward_command_controller/lib:/home/libok/um_file/install/force_torque_sensor_broadcaster/lib:/home/libok/um_file/install/diff_drive_controller/lib:/home/libok/um_file/install/admittance_controller/lib:/usr/lib/x86_64-linux-gnu/gazebo-11/plugins:/opt/ros/humble/opt/rviz_ogre_vendor/lib:/opt/ros/humble/lib/x86_64-linux-gnu:/opt/ros/humble/lib:/home/libok/.mujoco/mujoco210/bin:/usr/lib/nvidia:/home/libok/.mujoco/mujoco210/bin:/usr/lib/nvidia /usr/local/bin/cmake --install /home/libok/um_file/build/bicycle_steering_controller[0m
[265.025s] [34mcolcon.colcon_core.environment[0m [1;30mLevel 1[0m create_environment_scripts_only(bicycle_steering_controller)
[265.028s] [34mcolcon.colcon_core.environment[0m [1;30mLevel 1[0m checking '/home/libok/um_file/install/bicycle_steering_controller' for CMake module files
[265.036s] [34mcolcon.colcon_core.event_handler.log_command[0m [1;30mDEBUG[0m [32mInvoked command in '/home/libok/um_file/build/bicycle_steering_controller' returned '0': CMAKE_PREFIX_PATH=/home/libok/um_file/install/steering_controllers_library:/home/libok/um_file/install/ur:/home/libok/um_file/install/ur_calibration:/home/libok/um_file/install/ur_robot_driver:/home/libok/um_file/install/ur_bringup:/home/libok/um_file/install/robotiq_description:/home/libok/um_file/install/ros2_controllers:/home/libok/um_file/install/velocity_controllers:/home/libok/um_file/install/ur_controllers:/home/libok/um_file/install/ur_msgs:/home/libok/um_file/install/ur_moveit_config:/home/libok/um_file/install/ur_dashboard_msgs:/home/libok/um_file/install/tricycle_steering_controller:/home/libok/um_file/install/tricycle_controller:/home/libok/um_file/install/bicycle_steering_controller:/home/libok/um_file/install/ackermann_steering_controller:/home/libok/um_file/install/robotiq_hardware_tests:/home/libok/um_file/install/robotiq_driver:/home/libok/um_file/install/serial:/home/libok/um_file/install/ros2srrc_robots:/home/libok/um_file/install/ros2srrc_moveit:/home/libok/um_file/install/ros2srrc_launch:/home/libok/um_file/install/ros2srrc_gazebo:/home/libok/um_file/install/ros2srrc_endeffectors:/home/libok/um_file/install/ros2srrc_data:/home/libok/um_file/install/robotiq_controllers:/home/libok/um_file/install/range_sensor_broadcaster:/home/libok/um_file/install/position_controllers:/home/libok/um_file/install/pose_broadcaster:/home/libok/um_file/install/pid_controller:/home/libok/um_file/install/mecanum_drive_controller:/home/libok/um_file/install/joint_trajectory_controller:/home/libok/um_file/install/joint_state_broadcaster:/home/libok/um_file/install/imu_sensor_broadcaster:/home/libok/um_file/install/gripper_controllers:/home/libok/um_file/install/gpio_controllers:/home/libok/um_file/install/effort_controllers:/home/libok/um_file/install/forward_command_controller:/home/libok/um_file/install/force_torque_sensor_broadcaster:/home/libok/um_file/install/diff_drive_controller:/home/libok/um_file/install/admittance_controller:/opt/ros/humble LD_LIBRARY_PATH=/home/libok/um_file/install/steering_controllers_library/lib:/home/libok/um_file/install/ur_robot_driver/lib:/home/libok/um_file/install/velocity_controllers/lib:/home/libok/um_file/install/ur_controllers/lib:/home/libok/um_file/install/ur_msgs/lib:/home/libok/um_file/install/ur_dashboard_msgs/lib:/home/libok/um_file/install/tricycle_steering_controller/lib:/home/libok/um_file/install/tricycle_controller/lib:/home/libok/um_file/install/bicycle_steering_controller/lib:/home/libok/um_file/install/ackermann_steering_controller/lib:/home/libok/um_file/install/robotiq_driver/lib:/home/libok/um_file/install/serial/lib:/home/libok/um_file/install/ros2srrc_data/lib:/home/libok/um_file/install/robotiq_controllers/lib:/home/libok/um_file/install/range_sensor_broadcaster/lib:/home/libok/um_file/install/position_controllers/lib:/home/libok/um_file/install/pose_broadcaster/lib:/home/libok/um_file/install/pid_controller/lib:/home/libok/um_file/install/mecanum_drive_controller/lib:/home/libok/um_file/install/joint_trajectory_controller/lib:/home/libok/um_file/install/joint_state_broadcaster/lib:/home/libok/um_file/install/imu_sensor_broadcaster/lib:/home/libok/um_file/install/gripper_controllers/lib:/home/libok/um_file/install/gpio_controllers/lib:/home/libok/um_file/install/effort_controllers/lib:/home/libok/um_file/install/forward_command_controller/lib:/home/libok/um_file/install/force_torque_sensor_broadcaster/lib:/home/libok/um_file/install/diff_drive_controller/lib:/home/libok/um_file/install/admittance_controller/lib:/usr/lib/x86_64-linux-gnu/gazebo-11/plugins:/opt/ros/humble/opt/rviz_ogre_vendor/lib:/opt/ros/humble/lib/x86_64-linux-gnu:/opt/ros/humble/lib:/home/libok/.mujoco/mujoco210/bin:/usr/lib/nvidia:/home/libok/.mujoco/mujoco210/bin:/usr/lib/nvidia /usr/local/bin/cmake --install /home/libok/um_file/build/bicycle_steering_controller[0m
[265.038s] [34mcolcon.colcon_core.environment[0m [1;30mLevel 1[0m checking '/home/libok/um_file/install/bicycle_steering_controller' for CMake config files
[265.039s] [34mcolcon.colcon_core.shell[0m [1;30mLevel 1[0m create_environment_hook('bicycle_steering_controller', 'cmake_prefix_path')
[265.041s] [34mcolcon.colcon_core.shell[0m [1;30mINFO[0m Creating environment hook '/home/libok/um_file/install/bicycle_steering_controller/share/bicycle_steering_controller/hook/cmake_prefix_path.ps1'
[265.045s] [34mcolcon.colcon_core.shell[0m [1;30mINFO[0m Creating environment descriptor '/home/libok/um_file/install/bicycle_steering_controller/share/bicycle_steering_controller/hook/cmake_prefix_path.dsv'
[265.047s] [34mcolcon.colcon_core.shell[0m [1;30mINFO[0m Creating environment hook '/home/libok/um_file/install/bicycle_steering_controller/share/bicycle_steering_controller/hook/cmake_prefix_path.sh'
[265.051s] [34mcolcon.colcon_core.environment[0m [1;30mLevel 1[0m checking '/home/libok/um_file/install/bicycle_steering_controller/lib'
[265.052s] [34mcolcon.colcon_core.shell[0m [1;30mLevel 1[0m create_environment_hook('bicycle_steering_controller', 'ld_library_path_lib')
[265.054s] [34mcolcon.colcon_core.shell[0m [1;30mINFO[0m Creating environment hook '/home/libok/um_file/install/bicycle_steering_controller/share/bicycle_steering_controller/hook/ld_library_path_lib.ps1'
[265.056s] [34mcolcon.colcon_core.shell[0m [1;30mINFO[0m Creating environment descriptor '/home/libok/um_file/install/bicycle_steering_controller/share/bicycle_steering_controller/hook/ld_library_path_lib.dsv'
[265.059s] [34mcolcon.colcon_core.shell[0m [1;30mINFO[0m Creating environment hook '/home/libok/um_file/install/bicycle_steering_controller/share/bicycle_steering_controller/hook/ld_library_path_lib.sh'
[265.062s] [34mcolcon.colcon_core.environment[0m [1;30mLevel 1[0m checking '/home/libok/um_file/install/bicycle_steering_controller/bin'
[265.062s] [34mcolcon.colcon_core.environment[0m [1;30mLevel 1[0m checking '/home/libok/um_file/install/bicycle_steering_controller/lib/pkgconfig/bicycle_steering_controller.pc'
[265.064s] [34mcolcon.colcon_core.environment[0m [1;30mLevel 1[0m checking '/home/libok/um_file/install/bicycle_steering_controller/lib/python3.10/site-packages'
[265.066s] [34mcolcon.colcon_core.environment[0m [1;30mLevel 1[0m checking '/home/libok/um_file/install/bicycle_steering_controller/bin'
[265.069s] [34mcolcon.colcon_core.shell[0m [1;30mINFO[0m Creating package script '/home/libok/um_file/install/bicycle_steering_controller/share/bicycle_steering_controller/package.ps1'
[265.073s] [34mcolcon.colcon_core.shell[0m [1;30mINFO[0m Creating package descriptor '/home/libok/um_file/install/bicycle_steering_controller/share/bicycle_steering_controller/package.dsv'
[265.077s] [34mcolcon.colcon_core.shell[0m [1;30mINFO[0m Creating package script '/home/libok/um_file/install/bicycle_steering_controller/share/bicycle_steering_controller/package.sh'
[265.080s] [34mcolcon.colcon_core.shell[0m [1;30mINFO[0m Creating package script '/home/libok/um_file/install/bicycle_steering_controller/share/bicycle_steering_controller/package.bash'
[265.083s] [34mcolcon.colcon_core.shell[0m [1;30mINFO[0m Creating package script '/home/libok/um_file/install/bicycle_steering_controller/share/bicycle_steering_controller/package.zsh'
[265.086s] [34mcolcon.colcon_core.environment[0m [1;30mLevel 1[0m create_file_with_runtime_dependencies(/home/libok/um_file/install/bicycle_steering_controller/share/colcon-core/packages/bicycle_steering_controller)
[265.090s] [34mcolcon.colcon_core.environment[0m [1;30mLevel 1[0m create_environment_scripts_only(bicycle_steering_controller)
[265.092s] [34mcolcon.colcon_core.environment[0m [1;30mLevel 1[0m checking '/home/libok/um_file/install/bicycle_steering_controller' for CMake module files
[265.098s] [34mcolcon.colcon_core.environment[0m [1;30mLevel 1[0m checking '/home/libok/um_file/install/bicycle_steering_controller' for CMake config files
[265.099s] [34mcolcon.colcon_core.shell[0m [1;30mLevel 1[0m create_environment_hook('bicycle_steering_controller', 'cmake_prefix_path')
[265.101s] [34mcolcon.colcon_core.shell[0m [1;30mINFO[0m Creating environment hook '/home/libok/um_file/install/bicycle_steering_controller/share/bicycle_steering_controller/hook/cmake_prefix_path.ps1'
[265.105s] [34mcolcon.colcon_core.shell[0m [1;30mINFO[0m Creating environment descriptor '/home/libok/um_file/install/bicycle_steering_controller/share/bicycle_steering_controller/hook/cmake_prefix_path.dsv'
[265.108s] [34mcolcon.colcon_core.shell[0m [1;30mINFO[0m Creating environment hook '/home/libok/um_file/install/bicycle_steering_controller/share/bicycle_steering_controller/hook/cmake_prefix_path.sh'
[265.112s] [34mcolcon.colcon_core.environment[0m [1;30mLevel 1[0m checking '/home/libok/um_file/install/bicycle_steering_controller/lib'
[265.113s] [34mcolcon.colcon_core.shell[0m [1;30mLevel 1[0m create_environment_hook('bicycle_steering_controller', 'ld_library_path_lib')
[265.115s] [34mcolcon.colcon_core.shell[0m [1;30mINFO[0m Creating environment hook '/home/libok/um_file/install/bicycle_steering_controller/share/bicycle_steering_controller/hook/ld_library_path_lib.ps1'
[265.118s] [34mcolcon.colcon_core.shell[0m [1;30mINFO[0m Creating environment descriptor '/home/libok/um_file/install/bicycle_steering_controller/share/bicycle_steering_controller/hook/ld_library_path_lib.dsv'
[265.121s] [34mcolcon.colcon_core.shell[0m [1;30mINFO[0m Creating environment hook '/home/libok/um_file/install/bicycle_steering_controller/share/bicycle_steering_controller/hook/ld_library_path_lib.sh'
[265.124s] [34mcolcon.colcon_core.environment[0m [1;30mLevel 1[0m checking '/home/libok/um_file/install/bicycle_steering_controller/bin'
[265.124s] [34mcolcon.colcon_core.environment[0m [1;30mLevel 1[0m checking '/home/libok/um_file/install/bicycle_steering_controller/lib/pkgconfig/bicycle_steering_controller.pc'
[265.127s] [34mcolcon.colcon_core.environment[0m [1;30mLevel 1[0m checking '/home/libok/um_file/install/bicycle_steering_controller/lib/python3.10/site-packages'
[265.131s] [34mcolcon.colcon_core.environment[0m [1;30mLevel 1[0m checking '/home/libok/um_file/install/bicycle_steering_controller/bin'
[265.135s] [34mcolcon.colcon_core.shell[0m [1;30mINFO[0m Creating package script '/home/libok/um_file/install/bicycle_steering_controller/share/bicycle_steering_controller/package.ps1'
[265.141s] [34mcolcon.colcon_core.shell[0m [1;30mINFO[0m Creating package descriptor '/home/libok/um_file/install/bicycle_steering_controller/share/bicycle_steering_controller/package.dsv'
[265.146s] [34mcolcon.colcon_core.shell[0m [1;30mINFO[0m Creating package script '/home/libok/um_file/install/bicycle_steering_controller/share/bicycle_steering_controller/package.sh'
[265.149s] [34mcolcon.colcon_core.shell[0m [1;30mINFO[0m Creating package script '/home/libok/um_file/install/bicycle_steering_controller/share/bicycle_steering_controller/package.bash'
[265.152s] [34mcolcon.colcon_core.shell[0m [1;30mINFO[0m Creating package script '/home/libok/um_file/install/bicycle_steering_controller/share/bicycle_steering_controller/package.zsh'
[265.156s] [34mcolcon.colcon_core.environment[0m [1;30mLevel 1[0m create_file_with_runtime_dependencies(/home/libok/um_file/install/bicycle_steering_controller/share/colcon-core/packages/bicycle_steering_controller)
[265.173s] [34mcolcon.colcon_core.event_handler.log_command[0m [1;30mDEBUG[0m [32mInvoked command in '/home/libok/um_file/build/robotiq_driver' returned '0': CMAKE_PREFIX_PATH=/home/libok/um_file/install/serial:/home/libok/um_file/install/ur:/home/libok/um_file/install/ur_calibration:/home/libok/um_file/install/ur_robot_driver:/home/libok/um_file/install/ur_bringup:/home/libok/um_file/install/robotiq_description:/home/libok/um_file/install/ros2_controllers:/home/libok/um_file/install/velocity_controllers:/home/libok/um_file/install/ur_controllers:/home/libok/um_file/install/ur_msgs:/home/libok/um_file/install/ur_moveit_config:/home/libok/um_file/install/ur_dashboard_msgs:/home/libok/um_file/install/tricycle_steering_controller:/home/libok/um_file/install/tricycle_controller:/home/libok/um_file/install/bicycle_steering_controller:/home/libok/um_file/install/ackermann_steering_controller:/home/libok/um_file/install/steering_controllers_library:/home/libok/um_file/install/robotiq_hardware_tests:/home/libok/um_file/install/robotiq_driver:/home/libok/um_file/install/ros2srrc_robots:/home/libok/um_file/install/ros2srrc_moveit:/home/libok/um_file/install/ros2srrc_launch:/home/libok/um_file/install/ros2srrc_gazebo:/home/libok/um_file/install/ros2srrc_endeffectors:/home/libok/um_file/install/ros2srrc_data:/home/libok/um_file/install/robotiq_controllers:/home/libok/um_file/install/range_sensor_broadcaster:/home/libok/um_file/install/position_controllers:/home/libok/um_file/install/pose_broadcaster:/home/libok/um_file/install/pid_controller:/home/libok/um_file/install/mecanum_drive_controller:/home/libok/um_file/install/joint_trajectory_controller:/home/libok/um_file/install/joint_state_broadcaster:/home/libok/um_file/install/imu_sensor_broadcaster:/home/libok/um_file/install/gripper_controllers:/home/libok/um_file/install/gpio_controllers:/home/libok/um_file/install/effort_controllers:/home/libok/um_file/install/forward_command_controller:/home/libok/um_file/install/force_torque_sensor_broadcaster:/home/libok/um_file/install/diff_drive_controller:/home/libok/um_file/install/admittance_controller:/opt/ros/humble /usr/local/bin/cmake --build /home/libok/um_file/build/robotiq_driver -- -j18 -l18[0m
[265.192s] [34mcolcon.colcon_core.event_handler.log_command[0m [1;30mDEBUG[0m [32mInvoking command in '/home/libok/um_file/build/robotiq_driver': CMAKE_PREFIX_PATH=/home/libok/um_file/install/serial:/home/libok/um_file/install/ur:/home/libok/um_file/install/ur_calibration:/home/libok/um_file/install/ur_robot_driver:/home/libok/um_file/install/ur_bringup:/home/libok/um_file/install/robotiq_description:/home/libok/um_file/install/ros2_controllers:/home/libok/um_file/install/velocity_controllers:/home/libok/um_file/install/ur_controllers:/home/libok/um_file/install/ur_msgs:/home/libok/um_file/install/ur_moveit_config:/home/libok/um_file/install/ur_dashboard_msgs:/home/libok/um_file/install/tricycle_steering_controller:/home/libok/um_file/install/tricycle_controller:/home/libok/um_file/install/bicycle_steering_controller:/home/libok/um_file/install/ackermann_steering_controller:/home/libok/um_file/install/steering_controllers_library:/home/libok/um_file/install/robotiq_hardware_tests:/home/libok/um_file/install/robotiq_driver:/home/libok/um_file/install/ros2srrc_robots:/home/libok/um_file/install/ros2srrc_moveit:/home/libok/um_file/install/ros2srrc_launch:/home/libok/um_file/install/ros2srrc_gazebo:/home/libok/um_file/install/ros2srrc_endeffectors:/home/libok/um_file/install/ros2srrc_data:/home/libok/um_file/install/robotiq_controllers:/home/libok/um_file/install/range_sensor_broadcaster:/home/libok/um_file/install/position_controllers:/home/libok/um_file/install/pose_broadcaster:/home/libok/um_file/install/pid_controller:/home/libok/um_file/install/mecanum_drive_controller:/home/libok/um_file/install/joint_trajectory_controller:/home/libok/um_file/install/joint_state_broadcaster:/home/libok/um_file/install/imu_sensor_broadcaster:/home/libok/um_file/install/gripper_controllers:/home/libok/um_file/install/gpio_controllers:/home/libok/um_file/install/effort_controllers:/home/libok/um_file/install/forward_command_controller:/home/libok/um_file/install/force_torque_sensor_broadcaster:/home/libok/um_file/install/diff_drive_controller:/home/libok/um_file/install/admittance_controller:/opt/ros/humble /usr/local/bin/cmake --install /home/libok/um_file/build/robotiq_driver[0m
[265.264s] [34mcolcon.colcon_core.environment[0m [1;30mLevel 1[0m create_environment_scripts_only(robotiq_driver)
[265.266s] [34mcolcon.colcon_core.environment[0m [1;30mLevel 1[0m checking '/home/libok/um_file/install/robotiq_driver' for CMake module files
[265.271s] [34mcolcon.colcon_core.event_handler.log_command[0m [1;30mDEBUG[0m [32mInvoked command in '/home/libok/um_file/build/robotiq_driver' returned '0': CMAKE_PREFIX_PATH=/home/libok/um_file/install/serial:/home/libok/um_file/install/ur:/home/libok/um_file/install/ur_calibration:/home/libok/um_file/install/ur_robot_driver:/home/libok/um_file/install/ur_bringup:/home/libok/um_file/install/robotiq_description:/home/libok/um_file/install/ros2_controllers:/home/libok/um_file/install/velocity_controllers:/home/libok/um_file/install/ur_controllers:/home/libok/um_file/install/ur_msgs:/home/libok/um_file/install/ur_moveit_config:/home/libok/um_file/install/ur_dashboard_msgs:/home/libok/um_file/install/tricycle_steering_controller:/home/libok/um_file/install/tricycle_controller:/home/libok/um_file/install/bicycle_steering_controller:/home/libok/um_file/install/ackermann_steering_controller:/home/libok/um_file/install/steering_controllers_library:/home/libok/um_file/install/robotiq_hardware_tests:/home/libok/um_file/install/robotiq_driver:/home/libok/um_file/install/ros2srrc_robots:/home/libok/um_file/install/ros2srrc_moveit:/home/libok/um_file/install/ros2srrc_launch:/home/libok/um_file/install/ros2srrc_gazebo:/home/libok/um_file/install/ros2srrc_endeffectors:/home/libok/um_file/install/ros2srrc_data:/home/libok/um_file/install/robotiq_controllers:/home/libok/um_file/install/range_sensor_broadcaster:/home/libok/um_file/install/position_controllers:/home/libok/um_file/install/pose_broadcaster:/home/libok/um_file/install/pid_controller:/home/libok/um_file/install/mecanum_drive_controller:/home/libok/um_file/install/joint_trajectory_controller:/home/libok/um_file/install/joint_state_broadcaster:/home/libok/um_file/install/imu_sensor_broadcaster:/home/libok/um_file/install/gripper_controllers:/home/libok/um_file/install/gpio_controllers:/home/libok/um_file/install/effort_controllers:/home/libok/um_file/install/forward_command_controller:/home/libok/um_file/install/force_torque_sensor_broadcaster:/home/libok/um_file/install/diff_drive_controller:/home/libok/um_file/install/admittance_controller:/opt/ros/humble /usr/local/bin/cmake --install /home/libok/um_file/build/robotiq_driver[0m
[265.275s] [34mcolcon.colcon_core.environment[0m [1;30mLevel 1[0m checking '/home/libok/um_file/install/robotiq_driver' for CMake config files
[265.278s] [34mcolcon.colcon_core.shell[0m [1;30mLevel 1[0m create_environment_hook('robotiq_driver', 'cmake_prefix_path')
[265.280s] [34mcolcon.colcon_core.shell[0m [1;30mINFO[0m Creating environment hook '/home/libok/um_file/install/robotiq_driver/share/robotiq_driver/hook/cmake_prefix_path.ps1'
[265.283s] [34mcolcon.colcon_core.shell[0m [1;30mINFO[0m Creating environment descriptor '/home/libok/um_file/install/robotiq_driver/share/robotiq_driver/hook/cmake_prefix_path.dsv'
[265.285s] [34mcolcon.colcon_core.shell[0m [1;30mINFO[0m Creating environment hook '/home/libok/um_file/install/robotiq_driver/share/robotiq_driver/hook/cmake_prefix_path.sh'
[265.288s] [34mcolcon.colcon_core.environment[0m [1;30mLevel 1[0m checking '/home/libok/um_file/install/robotiq_driver/lib'
[265.289s] [34mcolcon.colcon_core.shell[0m [1;30mLevel 1[0m create_environment_hook('robotiq_driver', 'ld_library_path_lib')
[265.290s] [34mcolcon.colcon_core.shell[0m [1;30mINFO[0m Creating environment hook '/home/libok/um_file/install/robotiq_driver/share/robotiq_driver/hook/ld_library_path_lib.ps1'
[265.292s] [34mcolcon.colcon_core.shell[0m [1;30mINFO[0m Creating environment descriptor '/home/libok/um_file/install/robotiq_driver/share/robotiq_driver/hook/ld_library_path_lib.dsv'
[265.294s] [34mcolcon.colcon_core.shell[0m [1;30mINFO[0m Creating environment hook '/home/libok/um_file/install/robotiq_driver/share/robotiq_driver/hook/ld_library_path_lib.sh'
[265.298s] [34mcolcon.colcon_core.environment[0m [1;30mLevel 1[0m checking '/home/libok/um_file/install/robotiq_driver/bin'
[265.299s] [34mcolcon.colcon_core.environment[0m [1;30mLevel 1[0m checking '/home/libok/um_file/install/robotiq_driver/lib/pkgconfig/robotiq_driver.pc'
[265.300s] [34mcolcon.colcon_core.environment[0m [1;30mLevel 1[0m checking '/home/libok/um_file/install/robotiq_driver/lib/python3.10/site-packages'
[265.303s] [34mcolcon.colcon_core.environment[0m [1;30mLevel 1[0m checking '/home/libok/um_file/install/robotiq_driver/bin'
[265.305s] [34mcolcon.colcon_core.shell[0m [1;30mINFO[0m Creating package script '/home/libok/um_file/install/robotiq_driver/share/robotiq_driver/package.ps1'
[265.308s] [34mcolcon.colcon_core.shell[0m [1;30mINFO[0m Creating package descriptor '/home/libok/um_file/install/robotiq_driver/share/robotiq_driver/package.dsv'
[265.311s] [34mcolcon.colcon_core.shell[0m [1;30mINFO[0m Creating package script '/home/libok/um_file/install/robotiq_driver/share/robotiq_driver/package.sh'
[265.314s] [34mcolcon.colcon_core.shell[0m [1;30mINFO[0m Creating package script '/home/libok/um_file/install/robotiq_driver/share/robotiq_driver/package.bash'
[265.316s] [34mcolcon.colcon_core.shell[0m [1;30mINFO[0m Creating package script '/home/libok/um_file/install/robotiq_driver/share/robotiq_driver/package.zsh'
[265.319s] [34mcolcon.colcon_core.environment[0m [1;30mLevel 1[0m create_file_with_runtime_dependencies(/home/libok/um_file/install/robotiq_driver/share/colcon-core/packages/robotiq_driver)
[265.324s] [34mcolcon.colcon_core.environment[0m [1;30mLevel 1[0m create_environment_scripts_only(robotiq_driver)
[265.325s] [34mcolcon.colcon_core.environment[0m [1;30mLevel 1[0m checking '/home/libok/um_file/install/robotiq_driver' for CMake module files
[265.328s] [34mcolcon.colcon_core.environment[0m [1;30mLevel 1[0m checking '/home/libok/um_file/install/robotiq_driver' for CMake config files
[265.329s] [34mcolcon.colcon_core.shell[0m [1;30mLevel 1[0m create_environment_hook('robotiq_driver', 'cmake_prefix_path')
[265.330s] [34mcolcon.colcon_core.shell[0m [1;30mINFO[0m Creating environment hook '/home/libok/um_file/install/robotiq_driver/share/robotiq_driver/hook/cmake_prefix_path.ps1'
[265.333s] [34mcolcon.colcon_core.shell[0m [1;30mINFO[0m Creating environment descriptor '/home/libok/um_file/install/robotiq_driver/share/robotiq_driver/hook/cmake_prefix_path.dsv'
[265.335s] [34mcolcon.colcon_core.shell[0m [1;30mINFO[0m Creating environment hook '/home/libok/um_file/install/robotiq_driver/share/robotiq_driver/hook/cmake_prefix_path.sh'
[265.340s] [34mcolcon.colcon_core.environment[0m [1;30mLevel 1[0m checking '/home/libok/um_file/install/robotiq_driver/lib'
[265.341s] [34mcolcon.colcon_core.shell[0m [1;30mLevel 1[0m create_environment_hook('robotiq_driver', 'ld_library_path_lib')
[265.342s] [34mcolcon.colcon_core.shell[0m [1;30mINFO[0m Creating environment hook '/home/libok/um_file/install/robotiq_driver/share/robotiq_driver/hook/ld_library_path_lib.ps1'
[265.344s] [34mcolcon.colcon_core.shell[0m [1;30mINFO[0m Creating environment descriptor '/home/libok/um_file/install/robotiq_driver/share/robotiq_driver/hook/ld_library_path_lib.dsv'
[265.346s] [34mcolcon.colcon_core.shell[0m [1;30mINFO[0m Creating environment hook '/home/libok/um_file/install/robotiq_driver/share/robotiq_driver/hook/ld_library_path_lib.sh'
[265.349s] [34mcolcon.colcon_core.environment[0m [1;30mLevel 1[0m checking '/home/libok/um_file/install/robotiq_driver/bin'
[265.349s] [34mcolcon.colcon_core.environment[0m [1;30mLevel 1[0m checking '/home/libok/um_file/install/robotiq_driver/lib/pkgconfig/robotiq_driver.pc'
[265.351s] [34mcolcon.colcon_core.environment[0m [1;30mLevel 1[0m checking '/home/libok/um_file/install/robotiq_driver/lib/python3.10/site-packages'
[265.353s] [34mcolcon.colcon_core.environment[0m [1;30mLevel 1[0m checking '/home/libok/um_file/install/robotiq_driver/bin'
[265.355s] [34mcolcon.colcon_core.shell[0m [1;30mINFO[0m Creating package script '/home/libok/um_file/install/robotiq_driver/share/robotiq_driver/package.ps1'
[265.358s] [34mcolcon.colcon_core.shell[0m [1;30mINFO[0m Creating package descriptor '/home/libok/um_file/install/robotiq_driver/share/robotiq_driver/package.dsv'
[265.361s] [34mcolcon.colcon_core.shell[0m [1;30mINFO[0m Creating package script '/home/libok/um_file/install/robotiq_driver/share/robotiq_driver/package.sh'
[265.364s] [34mcolcon.colcon_core.shell[0m [1;30mINFO[0m Creating package script '/home/libok/um_file/install/robotiq_driver/share/robotiq_driver/package.bash'
[265.367s] [34mcolcon.colcon_core.shell[0m [1;30mINFO[0m Creating package script '/home/libok/um_file/install/robotiq_driver/share/robotiq_driver/package.zsh'
[265.369s] [34mcolcon.colcon_core.environment[0m [1;30mLevel 1[0m create_file_with_runtime_dependencies(/home/libok/um_file/install/robotiq_driver/share/colcon-core/packages/robotiq_driver)
[265.371s] [34mcolcon.colcon_ros.task.ament_cmake.build[0m [1;30mINFO[0m Building ROS package in '/home/libok/um_file/ros2_robotiq_gripper/robotiq_hardware_tests' with build type 'ament_cmake'
[265.372s] [34mcolcon.colcon_cmake.task.cmake.build[0m [1;30mINFO[0m Building CMake package in '/home/libok/um_file/ros2_robotiq_gripper/robotiq_hardware_tests'
[265.373s] [34mcolcon.colcon_core.shell[0m [1;30mINFO[0m Skip shell extension 'powershell' for command environment: Not usable outside of PowerShell
[265.373s] [34mcolcon.colcon_core.shell[0m [1;30mDEBUG[0m [32mSkip shell extension 'dsv' for command environment[0m
[265.487s] [34mcolcon.colcon_core.event_handler.log_command[0m [1;30mDEBUG[0m [32mInvoking command in '/home/libok/um_file/build/robotiq_hardware_tests': CMAKE_PREFIX_PATH=/home/libok/um_file/install/robotiq_driver:/home/libok/um_file/install/serial:/home/libok/um_file/install/ur:/home/libok/um_file/install/ur_calibration:/home/libok/um_file/install/ur_robot_driver:/home/libok/um_file/install/ur_bringup:/home/libok/um_file/install/robotiq_description:/home/libok/um_file/install/ros2_controllers:/home/libok/um_file/install/velocity_controllers:/home/libok/um_file/install/ur_controllers:/home/libok/um_file/install/ur_msgs:/home/libok/um_file/install/ur_moveit_config:/home/libok/um_file/install/ur_dashboard_msgs:/home/libok/um_file/install/tricycle_steering_controller:/home/libok/um_file/install/tricycle_controller:/home/libok/um_file/install/bicycle_steering_controller:/home/libok/um_file/install/ackermann_steering_controller:/home/libok/um_file/install/steering_controllers_library:/home/libok/um_file/install/robotiq_hardware_tests:/home/libok/um_file/install/ros2srrc_robots:/home/libok/um_file/install/ros2srrc_moveit:/home/libok/um_file/install/ros2srrc_launch:/home/libok/um_file/install/ros2srrc_gazebo:/home/libok/um_file/install/ros2srrc_endeffectors:/home/libok/um_file/install/ros2srrc_data:/home/libok/um_file/install/robotiq_controllers:/home/libok/um_file/install/range_sensor_broadcaster:/home/libok/um_file/install/position_controllers:/home/libok/um_file/install/pose_broadcaster:/home/libok/um_file/install/pid_controller:/home/libok/um_file/install/mecanum_drive_controller:/home/libok/um_file/install/joint_trajectory_controller:/home/libok/um_file/install/joint_state_broadcaster:/home/libok/um_file/install/imu_sensor_broadcaster:/home/libok/um_file/install/gripper_controllers:/home/libok/um_file/install/gpio_controllers:/home/libok/um_file/install/effort_controllers:/home/libok/um_file/install/forward_command_controller:/home/libok/um_file/install/force_torque_sensor_broadcaster:/home/libok/um_file/install/diff_drive_controller:/home/libok/um_file/install/admittance_controller:/opt/ros/humble LD_LIBRARY_PATH=/home/libok/um_file/install/robotiq_driver/lib:/home/libok/um_file/install/ur_robot_driver/lib:/home/libok/um_file/install/velocity_controllers/lib:/home/libok/um_file/install/ur_controllers/lib:/home/libok/um_file/install/ur_msgs/lib:/home/libok/um_file/install/ur_dashboard_msgs/lib:/home/libok/um_file/install/tricycle_steering_controller/lib:/home/libok/um_file/install/tricycle_controller/lib:/home/libok/um_file/install/bicycle_steering_controller/lib:/home/libok/um_file/install/ackermann_steering_controller/lib:/home/libok/um_file/install/steering_controllers_library/lib:/home/libok/um_file/install/serial/lib:/home/libok/um_file/install/ros2srrc_data/lib:/home/libok/um_file/install/robotiq_controllers/lib:/home/libok/um_file/install/range_sensor_broadcaster/lib:/home/libok/um_file/install/position_controllers/lib:/home/libok/um_file/install/pose_broadcaster/lib:/home/libok/um_file/install/pid_controller/lib:/home/libok/um_file/install/mecanum_drive_controller/lib:/home/libok/um_file/install/joint_trajectory_controller/lib:/home/libok/um_file/install/joint_state_broadcaster/lib:/home/libok/um_file/install/imu_sensor_broadcaster/lib:/home/libok/um_file/install/gripper_controllers/lib:/home/libok/um_file/install/gpio_controllers/lib:/home/libok/um_file/install/effort_controllers/lib:/home/libok/um_file/install/forward_command_controller/lib:/home/libok/um_file/install/force_torque_sensor_broadcaster/lib:/home/libok/um_file/install/diff_drive_controller/lib:/home/libok/um_file/install/admittance_controller/lib:/usr/lib/x86_64-linux-gnu/gazebo-11/plugins:/opt/ros/humble/opt/rviz_ogre_vendor/lib:/opt/ros/humble/lib/x86_64-linux-gnu:/opt/ros/humble/lib:/home/libok/.mujoco/mujoco210/bin:/usr/lib/nvidia:/home/libok/.mujoco/mujoco210/bin:/usr/lib/nvidia /usr/local/bin/cmake /home/libok/um_file/ros2_robotiq_gripper/robotiq_hardware_tests -DCMAKE_INSTALL_PREFIX=/home/libok/um_file/install/robotiq_hardware_tests[0m
[274.359s] [34mcolcon.colcon_core.event_handler.log_command[0m [1;30mDEBUG[0m [32mInvoked command in '/home/libok/um_file/build/robotiq_hardware_tests' returned '0': CMAKE_PREFIX_PATH=/home/libok/um_file/install/robotiq_driver:/home/libok/um_file/install/serial:/home/libok/um_file/install/ur:/home/libok/um_file/install/ur_calibration:/home/libok/um_file/install/ur_robot_driver:/home/libok/um_file/install/ur_bringup:/home/libok/um_file/install/robotiq_description:/home/libok/um_file/install/ros2_controllers:/home/libok/um_file/install/velocity_controllers:/home/libok/um_file/install/ur_controllers:/home/libok/um_file/install/ur_msgs:/home/libok/um_file/install/ur_moveit_config:/home/libok/um_file/install/ur_dashboard_msgs:/home/libok/um_file/install/tricycle_steering_controller:/home/libok/um_file/install/tricycle_controller:/home/libok/um_file/install/bicycle_steering_controller:/home/libok/um_file/install/ackermann_steering_controller:/home/libok/um_file/install/steering_controllers_library:/home/libok/um_file/install/robotiq_hardware_tests:/home/libok/um_file/install/ros2srrc_robots:/home/libok/um_file/install/ros2srrc_moveit:/home/libok/um_file/install/ros2srrc_launch:/home/libok/um_file/install/ros2srrc_gazebo:/home/libok/um_file/install/ros2srrc_endeffectors:/home/libok/um_file/install/ros2srrc_data:/home/libok/um_file/install/robotiq_controllers:/home/libok/um_file/install/range_sensor_broadcaster:/home/libok/um_file/install/position_controllers:/home/libok/um_file/install/pose_broadcaster:/home/libok/um_file/install/pid_controller:/home/libok/um_file/install/mecanum_drive_controller:/home/libok/um_file/install/joint_trajectory_controller:/home/libok/um_file/install/joint_state_broadcaster:/home/libok/um_file/install/imu_sensor_broadcaster:/home/libok/um_file/install/gripper_controllers:/home/libok/um_file/install/gpio_controllers:/home/libok/um_file/install/effort_controllers:/home/libok/um_file/install/forward_command_controller:/home/libok/um_file/install/force_torque_sensor_broadcaster:/home/libok/um_file/install/diff_drive_controller:/home/libok/um_file/install/admittance_controller:/opt/ros/humble LD_LIBRARY_PATH=/home/libok/um_file/install/robotiq_driver/lib:/home/libok/um_file/install/ur_robot_driver/lib:/home/libok/um_file/install/velocity_controllers/lib:/home/libok/um_file/install/ur_controllers/lib:/home/libok/um_file/install/ur_msgs/lib:/home/libok/um_file/install/ur_dashboard_msgs/lib:/home/libok/um_file/install/tricycle_steering_controller/lib:/home/libok/um_file/install/tricycle_controller/lib:/home/libok/um_file/install/bicycle_steering_controller/lib:/home/libok/um_file/install/ackermann_steering_controller/lib:/home/libok/um_file/install/steering_controllers_library/lib:/home/libok/um_file/install/serial/lib:/home/libok/um_file/install/ros2srrc_data/lib:/home/libok/um_file/install/robotiq_controllers/lib:/home/libok/um_file/install/range_sensor_broadcaster/lib:/home/libok/um_file/install/position_controllers/lib:/home/libok/um_file/install/pose_broadcaster/lib:/home/libok/um_file/install/pid_controller/lib:/home/libok/um_file/install/mecanum_drive_controller/lib:/home/libok/um_file/install/joint_trajectory_controller/lib:/home/libok/um_file/install/joint_state_broadcaster/lib:/home/libok/um_file/install/imu_sensor_broadcaster/lib:/home/libok/um_file/install/gripper_controllers/lib:/home/libok/um_file/install/gpio_controllers/lib:/home/libok/um_file/install/effort_controllers/lib:/home/libok/um_file/install/forward_command_controller/lib:/home/libok/um_file/install/force_torque_sensor_broadcaster/lib:/home/libok/um_file/install/diff_drive_controller/lib:/home/libok/um_file/install/admittance_controller/lib:/usr/lib/x86_64-linux-gnu/gazebo-11/plugins:/opt/ros/humble/opt/rviz_ogre_vendor/lib:/opt/ros/humble/lib/x86_64-linux-gnu:/opt/ros/humble/lib:/home/libok/.mujoco/mujoco210/bin:/usr/lib/nvidia:/home/libok/.mujoco/mujoco210/bin:/usr/lib/nvidia /usr/local/bin/cmake /home/libok/um_file/ros2_robotiq_gripper/robotiq_hardware_tests -DCMAKE_INSTALL_PREFIX=/home/libok/um_file/install/robotiq_hardware_tests[0m
[274.368s] [34mcolcon.colcon_core.event_handler.log_command[0m [1;30mDEBUG[0m [32mInvoking command in '/home/libok/um_file/build/robotiq_hardware_tests': CMAKE_PREFIX_PATH=/home/libok/um_file/install/robotiq_driver:/home/libok/um_file/install/serial:/home/libok/um_file/install/ur:/home/libok/um_file/install/ur_calibration:/home/libok/um_file/install/ur_robot_driver:/home/libok/um_file/install/ur_bringup:/home/libok/um_file/install/robotiq_description:/home/libok/um_file/install/ros2_controllers:/home/libok/um_file/install/velocity_controllers:/home/libok/um_file/install/ur_controllers:/home/libok/um_file/install/ur_msgs:/home/libok/um_file/install/ur_moveit_config:/home/libok/um_file/install/ur_dashboard_msgs:/home/libok/um_file/install/tricycle_steering_controller:/home/libok/um_file/install/tricycle_controller:/home/libok/um_file/install/bicycle_steering_controller:/home/libok/um_file/install/ackermann_steering_controller:/home/libok/um_file/install/steering_controllers_library:/home/libok/um_file/install/robotiq_hardware_tests:/home/libok/um_file/install/ros2srrc_robots:/home/libok/um_file/install/ros2srrc_moveit:/home/libok/um_file/install/ros2srrc_launch:/home/libok/um_file/install/ros2srrc_gazebo:/home/libok/um_file/install/ros2srrc_endeffectors:/home/libok/um_file/install/ros2srrc_data:/home/libok/um_file/install/robotiq_controllers:/home/libok/um_file/install/range_sensor_broadcaster:/home/libok/um_file/install/position_controllers:/home/libok/um_file/install/pose_broadcaster:/home/libok/um_file/install/pid_controller:/home/libok/um_file/install/mecanum_drive_controller:/home/libok/um_file/install/joint_trajectory_controller:/home/libok/um_file/install/joint_state_broadcaster:/home/libok/um_file/install/imu_sensor_broadcaster:/home/libok/um_file/install/gripper_controllers:/home/libok/um_file/install/gpio_controllers:/home/libok/um_file/install/effort_controllers:/home/libok/um_file/install/forward_command_controller:/home/libok/um_file/install/force_torque_sensor_broadcaster:/home/libok/um_file/install/diff_drive_controller:/home/libok/um_file/install/admittance_controller:/opt/ros/humble LD_LIBRARY_PATH=/home/libok/um_file/install/robotiq_driver/lib:/home/libok/um_file/install/ur_robot_driver/lib:/home/libok/um_file/install/velocity_controllers/lib:/home/libok/um_file/install/ur_controllers/lib:/home/libok/um_file/install/ur_msgs/lib:/home/libok/um_file/install/ur_dashboard_msgs/lib:/home/libok/um_file/install/tricycle_steering_controller/lib:/home/libok/um_file/install/tricycle_controller/lib:/home/libok/um_file/install/bicycle_steering_controller/lib:/home/libok/um_file/install/ackermann_steering_controller/lib:/home/libok/um_file/install/steering_controllers_library/lib:/home/libok/um_file/install/serial/lib:/home/libok/um_file/install/ros2srrc_data/lib:/home/libok/um_file/install/robotiq_controllers/lib:/home/libok/um_file/install/range_sensor_broadcaster/lib:/home/libok/um_file/install/position_controllers/lib:/home/libok/um_file/install/pose_broadcaster/lib:/home/libok/um_file/install/pid_controller/lib:/home/libok/um_file/install/mecanum_drive_controller/lib:/home/libok/um_file/install/joint_trajectory_controller/lib:/home/libok/um_file/install/joint_state_broadcaster/lib:/home/libok/um_file/install/imu_sensor_broadcaster/lib:/home/libok/um_file/install/gripper_controllers/lib:/home/libok/um_file/install/gpio_controllers/lib:/home/libok/um_file/install/effort_controllers/lib:/home/libok/um_file/install/forward_command_controller/lib:/home/libok/um_file/install/force_torque_sensor_broadcaster/lib:/home/libok/um_file/install/diff_drive_controller/lib:/home/libok/um_file/install/admittance_controller/lib:/usr/lib/x86_64-linux-gnu/gazebo-11/plugins:/opt/ros/humble/opt/rviz_ogre_vendor/lib:/opt/ros/humble/lib/x86_64-linux-gnu:/opt/ros/humble/lib:/home/libok/.mujoco/mujoco210/bin:/usr/lib/nvidia:/home/libok/.mujoco/mujoco210/bin:/usr/lib/nvidia /usr/local/bin/cmake --build /home/libok/um_file/build/robotiq_hardware_tests -- -j18 -l18[0m
[275.007s] [34mcolcon.colcon_core.event_handler.log_command[0m [1;30mDEBUG[0m [32mInvoked command in '/home/libok/um_file/build/velocity_controllers' returned '0': CMAKE_PREFIX_PATH=/home/libok/um_file/install/forward_command_controller:/home/libok/um_file/install/ur:/home/libok/um_file/install/ur_calibration:/home/libok/um_file/install/ur_robot_driver:/home/libok/um_file/install/ur_bringup:/home/libok/um_file/install/robotiq_description:/home/libok/um_file/install/ros2_controllers:/home/libok/um_file/install/velocity_controllers:/home/libok/um_file/install/ur_controllers:/home/libok/um_file/install/ur_msgs:/home/libok/um_file/install/ur_moveit_config:/home/libok/um_file/install/ur_dashboard_msgs:/home/libok/um_file/install/tricycle_steering_controller:/home/libok/um_file/install/tricycle_controller:/home/libok/um_file/install/bicycle_steering_controller:/home/libok/um_file/install/ackermann_steering_controller:/home/libok/um_file/install/steering_controllers_library:/home/libok/um_file/install/robotiq_hardware_tests:/home/libok/um_file/install/robotiq_driver:/home/libok/um_file/install/serial:/home/libok/um_file/install/ros2srrc_robots:/home/libok/um_file/install/ros2srrc_moveit:/home/libok/um_file/install/ros2srrc_launch:/home/libok/um_file/install/ros2srrc_gazebo:/home/libok/um_file/install/ros2srrc_endeffectors:/home/libok/um_file/install/ros2srrc_data:/home/libok/um_file/install/robotiq_controllers:/home/libok/um_file/install/range_sensor_broadcaster:/home/libok/um_file/install/position_controllers:/home/libok/um_file/install/pose_broadcaster:/home/libok/um_file/install/pid_controller:/home/libok/um_file/install/mecanum_drive_controller:/home/libok/um_file/install/joint_trajectory_controller:/home/libok/um_file/install/joint_state_broadcaster:/home/libok/um_file/install/imu_sensor_broadcaster:/home/libok/um_file/install/gripper_controllers:/home/libok/um_file/install/gpio_controllers:/home/libok/um_file/install/effort_controllers:/home/libok/um_file/install/force_torque_sensor_broadcaster:/home/libok/um_file/install/diff_drive_controller:/home/libok/um_file/install/admittance_controller:/opt/ros/humble LD_LIBRARY_PATH=/home/libok/um_file/install/forward_command_controller/lib:/home/libok/um_file/install/ur_robot_driver/lib:/home/libok/um_file/install/velocity_controllers/lib:/home/libok/um_file/install/ur_controllers/lib:/home/libok/um_file/install/ur_msgs/lib:/home/libok/um_file/install/ur_dashboard_msgs/lib:/home/libok/um_file/install/tricycle_steering_controller/lib:/home/libok/um_file/install/tricycle_controller/lib:/home/libok/um_file/install/bicycle_steering_controller/lib:/home/libok/um_file/install/ackermann_steering_controller/lib:/home/libok/um_file/install/steering_controllers_library/lib:/home/libok/um_file/install/robotiq_driver/lib:/home/libok/um_file/install/serial/lib:/home/libok/um_file/install/ros2srrc_data/lib:/home/libok/um_file/install/robotiq_controllers/lib:/home/libok/um_file/install/range_sensor_broadcaster/lib:/home/libok/um_file/install/position_controllers/lib:/home/libok/um_file/install/pose_broadcaster/lib:/home/libok/um_file/install/pid_controller/lib:/home/libok/um_file/install/mecanum_drive_controller/lib:/home/libok/um_file/install/joint_trajectory_controller/lib:/home/libok/um_file/install/joint_state_broadcaster/lib:/home/libok/um_file/install/imu_sensor_broadcaster/lib:/home/libok/um_file/install/gripper_controllers/lib:/home/libok/um_file/install/gpio_controllers/lib:/home/libok/um_file/install/effort_controllers/lib:/home/libok/um_file/install/force_torque_sensor_broadcaster/lib:/home/libok/um_file/install/diff_drive_controller/lib:/home/libok/um_file/install/admittance_controller/lib:/usr/lib/x86_64-linux-gnu/gazebo-11/plugins:/opt/ros/humble/opt/rviz_ogre_vendor/lib:/opt/ros/humble/lib/x86_64-linux-gnu:/opt/ros/humble/lib:/home/libok/.mujoco/mujoco210/bin:/usr/lib/nvidia:/home/libok/.mujoco/mujoco210/bin:/usr/lib/nvidia /usr/local/bin/cmake --build /home/libok/um_file/build/velocity_controllers -- -j18 -l18[0m
[275.022s] [34mcolcon.colcon_core.event_handler.log_command[0m [1;30mDEBUG[0m [32mInvoking command in '/home/libok/um_file/build/velocity_controllers': CMAKE_PREFIX_PATH=/home/libok/um_file/install/forward_command_controller:/home/libok/um_file/install/ur:/home/libok/um_file/install/ur_calibration:/home/libok/um_file/install/ur_robot_driver:/home/libok/um_file/install/ur_bringup:/home/libok/um_file/install/robotiq_description:/home/libok/um_file/install/ros2_controllers:/home/libok/um_file/install/velocity_controllers:/home/libok/um_file/install/ur_controllers:/home/libok/um_file/install/ur_msgs:/home/libok/um_file/install/ur_moveit_config:/home/libok/um_file/install/ur_dashboard_msgs:/home/libok/um_file/install/tricycle_steering_controller:/home/libok/um_file/install/tricycle_controller:/home/libok/um_file/install/bicycle_steering_controller:/home/libok/um_file/install/ackermann_steering_controller:/home/libok/um_file/install/steering_controllers_library:/home/libok/um_file/install/robotiq_hardware_tests:/home/libok/um_file/install/robotiq_driver:/home/libok/um_file/install/serial:/home/libok/um_file/install/ros2srrc_robots:/home/libok/um_file/install/ros2srrc_moveit:/home/libok/um_file/install/ros2srrc_launch:/home/libok/um_file/install/ros2srrc_gazebo:/home/libok/um_file/install/ros2srrc_endeffectors:/home/libok/um_file/install/ros2srrc_data:/home/libok/um_file/install/robotiq_controllers:/home/libok/um_file/install/range_sensor_broadcaster:/home/libok/um_file/install/position_controllers:/home/libok/um_file/install/pose_broadcaster:/home/libok/um_file/install/pid_controller:/home/libok/um_file/install/mecanum_drive_controller:/home/libok/um_file/install/joint_trajectory_controller:/home/libok/um_file/install/joint_state_broadcaster:/home/libok/um_file/install/imu_sensor_broadcaster:/home/libok/um_file/install/gripper_controllers:/home/libok/um_file/install/gpio_controllers:/home/libok/um_file/install/effort_controllers:/home/libok/um_file/install/force_torque_sensor_broadcaster:/home/libok/um_file/install/diff_drive_controller:/home/libok/um_file/install/admittance_controller:/opt/ros/humble LD_LIBRARY_PATH=/home/libok/um_file/install/forward_command_controller/lib:/home/libok/um_file/install/ur_robot_driver/lib:/home/libok/um_file/install/velocity_controllers/lib:/home/libok/um_file/install/ur_controllers/lib:/home/libok/um_file/install/ur_msgs/lib:/home/libok/um_file/install/ur_dashboard_msgs/lib:/home/libok/um_file/install/tricycle_steering_controller/lib:/home/libok/um_file/install/tricycle_controller/lib:/home/libok/um_file/install/bicycle_steering_controller/lib:/home/libok/um_file/install/ackermann_steering_controller/lib:/home/libok/um_file/install/steering_controllers_library/lib:/home/libok/um_file/install/robotiq_driver/lib:/home/libok/um_file/install/serial/lib:/home/libok/um_file/install/ros2srrc_data/lib:/home/libok/um_file/install/robotiq_controllers/lib:/home/libok/um_file/install/range_sensor_broadcaster/lib:/home/libok/um_file/install/position_controllers/lib:/home/libok/um_file/install/pose_broadcaster/lib:/home/libok/um_file/install/pid_controller/lib:/home/libok/um_file/install/mecanum_drive_controller/lib:/home/libok/um_file/install/joint_trajectory_controller/lib:/home/libok/um_file/install/joint_state_broadcaster/lib:/home/libok/um_file/install/imu_sensor_broadcaster/lib:/home/libok/um_file/install/gripper_controllers/lib:/home/libok/um_file/install/gpio_controllers/lib:/home/libok/um_file/install/effort_controllers/lib:/home/libok/um_file/install/force_torque_sensor_broadcaster/lib:/home/libok/um_file/install/diff_drive_controller/lib:/home/libok/um_file/install/admittance_controller/lib:/usr/lib/x86_64-linux-gnu/gazebo-11/plugins:/opt/ros/humble/opt/rviz_ogre_vendor/lib:/opt/ros/humble/lib/x86_64-linux-gnu:/opt/ros/humble/lib:/home/libok/.mujoco/mujoco210/bin:/usr/lib/nvidia:/home/libok/.mujoco/mujoco210/bin:/usr/lib/nvidia /usr/local/bin/cmake --install /home/libok/um_file/build/velocity_controllers[0m
[275.081s] [34mcolcon.colcon_core.environment[0m [1;30mLevel 1[0m create_environment_scripts_only(velocity_controllers)
[275.083s] [34mcolcon.colcon_core.environment[0m [1;30mLevel 1[0m checking '/home/libok/um_file/install/velocity_controllers' for CMake module files
[275.087s] [34mcolcon.colcon_core.event_handler.log_command[0m [1;30mDEBUG[0m [32mInvoked command in '/home/libok/um_file/build/velocity_controllers' returned '0': CMAKE_PREFIX_PATH=/home/libok/um_file/install/forward_command_controller:/home/libok/um_file/install/ur:/home/libok/um_file/install/ur_calibration:/home/libok/um_file/install/ur_robot_driver:/home/libok/um_file/install/ur_bringup:/home/libok/um_file/install/robotiq_description:/home/libok/um_file/install/ros2_controllers:/home/libok/um_file/install/velocity_controllers:/home/libok/um_file/install/ur_controllers:/home/libok/um_file/install/ur_msgs:/home/libok/um_file/install/ur_moveit_config:/home/libok/um_file/install/ur_dashboard_msgs:/home/libok/um_file/install/tricycle_steering_controller:/home/libok/um_file/install/tricycle_controller:/home/libok/um_file/install/bicycle_steering_controller:/home/libok/um_file/install/ackermann_steering_controller:/home/libok/um_file/install/steering_controllers_library:/home/libok/um_file/install/robotiq_hardware_tests:/home/libok/um_file/install/robotiq_driver:/home/libok/um_file/install/serial:/home/libok/um_file/install/ros2srrc_robots:/home/libok/um_file/install/ros2srrc_moveit:/home/libok/um_file/install/ros2srrc_launch:/home/libok/um_file/install/ros2srrc_gazebo:/home/libok/um_file/install/ros2srrc_endeffectors:/home/libok/um_file/install/ros2srrc_data:/home/libok/um_file/install/robotiq_controllers:/home/libok/um_file/install/range_sensor_broadcaster:/home/libok/um_file/install/position_controllers:/home/libok/um_file/install/pose_broadcaster:/home/libok/um_file/install/pid_controller:/home/libok/um_file/install/mecanum_drive_controller:/home/libok/um_file/install/joint_trajectory_controller:/home/libok/um_file/install/joint_state_broadcaster:/home/libok/um_file/install/imu_sensor_broadcaster:/home/libok/um_file/install/gripper_controllers:/home/libok/um_file/install/gpio_controllers:/home/libok/um_file/install/effort_controllers:/home/libok/um_file/install/force_torque_sensor_broadcaster:/home/libok/um_file/install/diff_drive_controller:/home/libok/um_file/install/admittance_controller:/opt/ros/humble LD_LIBRARY_PATH=/home/libok/um_file/install/forward_command_controller/lib:/home/libok/um_file/install/ur_robot_driver/lib:/home/libok/um_file/install/velocity_controllers/lib:/home/libok/um_file/install/ur_controllers/lib:/home/libok/um_file/install/ur_msgs/lib:/home/libok/um_file/install/ur_dashboard_msgs/lib:/home/libok/um_file/install/tricycle_steering_controller/lib:/home/libok/um_file/install/tricycle_controller/lib:/home/libok/um_file/install/bicycle_steering_controller/lib:/home/libok/um_file/install/ackermann_steering_controller/lib:/home/libok/um_file/install/steering_controllers_library/lib:/home/libok/um_file/install/robotiq_driver/lib:/home/libok/um_file/install/serial/lib:/home/libok/um_file/install/ros2srrc_data/lib:/home/libok/um_file/install/robotiq_controllers/lib:/home/libok/um_file/install/range_sensor_broadcaster/lib:/home/libok/um_file/install/position_controllers/lib:/home/libok/um_file/install/pose_broadcaster/lib:/home/libok/um_file/install/pid_controller/lib:/home/libok/um_file/install/mecanum_drive_controller/lib:/home/libok/um_file/install/joint_trajectory_controller/lib:/home/libok/um_file/install/joint_state_broadcaster/lib:/home/libok/um_file/install/imu_sensor_broadcaster/lib:/home/libok/um_file/install/gripper_controllers/lib:/home/libok/um_file/install/gpio_controllers/lib:/home/libok/um_file/install/effort_controllers/lib:/home/libok/um_file/install/force_torque_sensor_broadcaster/lib:/home/libok/um_file/install/diff_drive_controller/lib:/home/libok/um_file/install/admittance_controller/lib:/usr/lib/x86_64-linux-gnu/gazebo-11/plugins:/opt/ros/humble/opt/rviz_ogre_vendor/lib:/opt/ros/humble/lib/x86_64-linux-gnu:/opt/ros/humble/lib:/home/libok/.mujoco/mujoco210/bin:/usr/lib/nvidia:/home/libok/.mujoco/mujoco210/bin:/usr/lib/nvidia /usr/local/bin/cmake --install /home/libok/um_file/build/velocity_controllers[0m
[275.090s] [34mcolcon.colcon_core.environment[0m [1;30mLevel 1[0m checking '/home/libok/um_file/install/velocity_controllers' for CMake config files
[275.092s] [34mcolcon.colcon_core.shell[0m [1;30mLevel 1[0m create_environment_hook('velocity_controllers', 'cmake_prefix_path')
[275.094s] [34mcolcon.colcon_core.shell[0m [1;30mINFO[0m Creating environment hook '/home/libok/um_file/install/velocity_controllers/share/velocity_controllers/hook/cmake_prefix_path.ps1'
[275.097s] [34mcolcon.colcon_core.shell[0m [1;30mINFO[0m Creating environment descriptor '/home/libok/um_file/install/velocity_controllers/share/velocity_controllers/hook/cmake_prefix_path.dsv'
[275.099s] [34mcolcon.colcon_core.shell[0m [1;30mINFO[0m Creating environment hook '/home/libok/um_file/install/velocity_controllers/share/velocity_controllers/hook/cmake_prefix_path.sh'
[275.101s] [34mcolcon.colcon_core.environment[0m [1;30mLevel 1[0m checking '/home/libok/um_file/install/velocity_controllers/lib'
[275.102s] [34mcolcon.colcon_core.shell[0m [1;30mLevel 1[0m create_environment_hook('velocity_controllers', 'ld_library_path_lib')
[275.103s] [34mcolcon.colcon_core.shell[0m [1;30mINFO[0m Creating environment hook '/home/libok/um_file/install/velocity_controllers/share/velocity_controllers/hook/ld_library_path_lib.ps1'
[275.104s] [34mcolcon.colcon_core.shell[0m [1;30mINFO[0m Creating environment descriptor '/home/libok/um_file/install/velocity_controllers/share/velocity_controllers/hook/ld_library_path_lib.dsv'
[275.105s] [34mcolcon.colcon_core.shell[0m [1;30mINFO[0m Creating environment hook '/home/libok/um_file/install/velocity_controllers/share/velocity_controllers/hook/ld_library_path_lib.sh'
[275.107s] [34mcolcon.colcon_core.environment[0m [1;30mLevel 1[0m checking '/home/libok/um_file/install/velocity_controllers/bin'
[275.107s] [34mcolcon.colcon_core.environment[0m [1;30mLevel 1[0m checking '/home/libok/um_file/install/velocity_controllers/lib/pkgconfig/velocity_controllers.pc'
[275.108s] [34mcolcon.colcon_core.environment[0m [1;30mLevel 1[0m checking '/home/libok/um_file/install/velocity_controllers/lib/python3.10/site-packages'
[275.109s] [34mcolcon.colcon_core.environment[0m [1;30mLevel 1[0m checking '/home/libok/um_file/install/velocity_controllers/bin'
[275.111s] [34mcolcon.colcon_core.shell[0m [1;30mINFO[0m Creating package script '/home/libok/um_file/install/velocity_controllers/share/velocity_controllers/package.ps1'
[275.115s] [34mcolcon.colcon_core.shell[0m [1;30mINFO[0m Creating package descriptor '/home/libok/um_file/install/velocity_controllers/share/velocity_controllers/package.dsv'
[275.120s] [34mcolcon.colcon_core.shell[0m [1;30mINFO[0m Creating package script '/home/libok/um_file/install/velocity_controllers/share/velocity_controllers/package.sh'
[275.127s] [34mcolcon.colcon_core.shell[0m [1;30mINFO[0m Creating package script '/home/libok/um_file/install/velocity_controllers/share/velocity_controllers/package.bash'
[275.129s] [34mcolcon.colcon_core.shell[0m [1;30mINFO[0m Creating package script '/home/libok/um_file/install/velocity_controllers/share/velocity_controllers/package.zsh'
[275.131s] [34mcolcon.colcon_core.environment[0m [1;30mLevel 1[0m create_file_with_runtime_dependencies(/home/libok/um_file/install/velocity_controllers/share/colcon-core/packages/velocity_controllers)
[275.135s] [34mcolcon.colcon_core.environment[0m [1;30mLevel 1[0m create_environment_scripts_only(velocity_controllers)
[275.137s] [34mcolcon.colcon_core.environment[0m [1;30mLevel 1[0m checking '/home/libok/um_file/install/velocity_controllers' for CMake module files
[275.143s] [34mcolcon.colcon_core.environment[0m [1;30mLevel 1[0m checking '/home/libok/um_file/install/velocity_controllers' for CMake config files
[275.145s] [34mcolcon.colcon_core.shell[0m [1;30mLevel 1[0m create_environment_hook('velocity_controllers', 'cmake_prefix_path')
[275.146s] [34mcolcon.colcon_core.shell[0m [1;30mINFO[0m Creating environment hook '/home/libok/um_file/install/velocity_controllers/share/velocity_controllers/hook/cmake_prefix_path.ps1'
[275.149s] [34mcolcon.colcon_core.shell[0m [1;30mINFO[0m Creating environment descriptor '/home/libok/um_file/install/velocity_controllers/share/velocity_controllers/hook/cmake_prefix_path.dsv'
[275.152s] [34mcolcon.colcon_core.shell[0m [1;30mINFO[0m Creating environment hook '/home/libok/um_file/install/velocity_controllers/share/velocity_controllers/hook/cmake_prefix_path.sh'
[275.156s] [34mcolcon.colcon_core.environment[0m [1;30mLevel 1[0m checking '/home/libok/um_file/install/velocity_controllers/lib'
[275.157s] [34mcolcon.colcon_core.shell[0m [1;30mLevel 1[0m create_environment_hook('velocity_controllers', 'ld_library_path_lib')
[275.159s] [34mcolcon.colcon_core.shell[0m [1;30mINFO[0m Creating environment hook '/home/libok/um_file/install/velocity_controllers/share/velocity_controllers/hook/ld_library_path_lib.ps1'
[275.162s] [34mcolcon.colcon_core.shell[0m [1;30mINFO[0m Creating environment descriptor '/home/libok/um_file/install/velocity_controllers/share/velocity_controllers/hook/ld_library_path_lib.dsv'
[275.166s] [34mcolcon.colcon_core.shell[0m [1;30mINFO[0m Creating environment hook '/home/libok/um_file/install/velocity_controllers/share/velocity_controllers/hook/ld_library_path_lib.sh'
[275.168s] [34mcolcon.colcon_core.environment[0m [1;30mLevel 1[0m checking '/home/libok/um_file/install/velocity_controllers/bin'
[275.168s] [34mcolcon.colcon_core.environment[0m [1;30mLevel 1[0m checking '/home/libok/um_file/install/velocity_controllers/lib/pkgconfig/velocity_controllers.pc'
[275.169s] [34mcolcon.colcon_core.environment[0m [1;30mLevel 1[0m checking '/home/libok/um_file/install/velocity_controllers/lib/python3.10/site-packages'
[275.171s] [34mcolcon.colcon_core.environment[0m [1;30mLevel 1[0m checking '/home/libok/um_file/install/velocity_controllers/bin'
[275.173s] [34mcolcon.colcon_core.shell[0m [1;30mINFO[0m Creating package script '/home/libok/um_file/install/velocity_controllers/share/velocity_controllers/package.ps1'
[275.175s] [34mcolcon.colcon_core.shell[0m [1;30mINFO[0m Creating package descriptor '/home/libok/um_file/install/velocity_controllers/share/velocity_controllers/package.dsv'
[275.177s] [34mcolcon.colcon_core.shell[0m [1;30mINFO[0m Creating package script '/home/libok/um_file/install/velocity_controllers/share/velocity_controllers/package.sh'
[275.179s] [34mcolcon.colcon_core.shell[0m [1;30mINFO[0m Creating package script '/home/libok/um_file/install/velocity_controllers/share/velocity_controllers/package.bash'
[275.181s] [34mcolcon.colcon_core.shell[0m [1;30mINFO[0m Creating package script '/home/libok/um_file/install/velocity_controllers/share/velocity_controllers/package.zsh'
[275.182s] [34mcolcon.colcon_core.environment[0m [1;30mLevel 1[0m create_file_with_runtime_dependencies(/home/libok/um_file/install/velocity_controllers/share/colcon-core/packages/velocity_controllers)
[275.562s] [34mcolcon.colcon_core.event_handler.log_command[0m [1;30mDEBUG[0m [32mInvoked command in '/home/libok/um_file/build/ros2srrc_data' returned '0': CMAKE_PREFIX_PATH=${CMAKE_PREFIX_PATH}:/opt/ros/humble /usr/local/bin/cmake --build /home/libok/um_file/build/ros2srrc_data -- -j18 -l18[0m
[275.571s] [34mcolcon.colcon_core.event_handler.log_command[0m [1;30mDEBUG[0m [32mInvoking command in '/home/libok/um_file/build/ros2srrc_data': CMAKE_PREFIX_PATH=${CMAKE_PREFIX_PATH}:/opt/ros/humble /usr/local/bin/cmake --install /home/libok/um_file/build/ros2srrc_data[0m
[276.008s] [34mcolcon.colcon_core.environment[0m [1;30mLevel 1[0m create_environment_scripts_only(ros2srrc_data)
[276.011s] [34mcolcon.colcon_core.environment[0m [1;30mLevel 1[0m checking '/home/libok/um_file/install/ros2srrc_data' for CMake module files
[276.012s] [34mcolcon.colcon_core.event_handler.log_command[0m [1;30mDEBUG[0m [32mInvoked command in '/home/libok/um_file/build/ros2srrc_data' returned '0': CMAKE_PREFIX_PATH=${CMAKE_PREFIX_PATH}:/opt/ros/humble /usr/local/bin/cmake --install /home/libok/um_file/build/ros2srrc_data[0m
[276.015s] [34mcolcon.colcon_core.environment[0m [1;30mLevel 1[0m checking '/home/libok/um_file/install/ros2srrc_data' for CMake config files
[276.017s] [34mcolcon.colcon_core.shell[0m [1;30mLevel 1[0m create_environment_hook('ros2srrc_data', 'cmake_prefix_path')
[276.018s] [34mcolcon.colcon_core.shell[0m [1;30mINFO[0m Creating environment hook '/home/libok/um_file/install/ros2srrc_data/share/ros2srrc_data/hook/cmake_prefix_path.ps1'
[276.020s] [34mcolcon.colcon_core.shell[0m [1;30mINFO[0m Creating environment descriptor '/home/libok/um_file/install/ros2srrc_data/share/ros2srrc_data/hook/cmake_prefix_path.dsv'
[276.021s] [34mcolcon.colcon_core.shell[0m [1;30mINFO[0m Creating environment hook '/home/libok/um_file/install/ros2srrc_data/share/ros2srrc_data/hook/cmake_prefix_path.sh'
[276.024s] [34mcolcon.colcon_core.environment[0m [1;30mLevel 1[0m checking '/home/libok/um_file/install/ros2srrc_data/lib'
[276.024s] [34mcolcon.colcon_core.shell[0m [1;30mLevel 1[0m create_environment_hook('ros2srrc_data', 'ld_library_path_lib')
[276.025s] [34mcolcon.colcon_core.shell[0m [1;30mINFO[0m Creating environment hook '/home/libok/um_file/install/ros2srrc_data/share/ros2srrc_data/hook/ld_library_path_lib.ps1'
[276.026s] [34mcolcon.colcon_core.shell[0m [1;30mINFO[0m Creating environment descriptor '/home/libok/um_file/install/ros2srrc_data/share/ros2srrc_data/hook/ld_library_path_lib.dsv'
[276.027s] [34mcolcon.colcon_core.shell[0m [1;30mINFO[0m Creating environment hook '/home/libok/um_file/install/ros2srrc_data/share/ros2srrc_data/hook/ld_library_path_lib.sh'
[276.028s] [34mcolcon.colcon_core.environment[0m [1;30mLevel 1[0m checking '/home/libok/um_file/install/ros2srrc_data/bin'
[276.029s] [34mcolcon.colcon_core.environment[0m [1;30mLevel 1[0m checking '/home/libok/um_file/install/ros2srrc_data/lib/pkgconfig/ros2srrc_data.pc'
[276.029s] [34mcolcon.colcon_core.environment[0m [1;30mLevel 1[0m checking '/home/libok/um_file/install/ros2srrc_data/lib/python3.10/site-packages'
[276.031s] [34mcolcon.colcon_core.environment[0m [1;30mLevel 1[0m checking '/home/libok/um_file/install/ros2srrc_data/bin'
[276.032s] [34mcolcon.colcon_core.shell[0m [1;30mINFO[0m Creating package script '/home/libok/um_file/install/ros2srrc_data/share/ros2srrc_data/package.ps1'
[276.033s] [34mcolcon.colcon_core.shell[0m [1;30mINFO[0m Creating package descriptor '/home/libok/um_file/install/ros2srrc_data/share/ros2srrc_data/package.dsv'
[276.035s] [34mcolcon.colcon_core.shell[0m [1;30mINFO[0m Creating package script '/home/libok/um_file/install/ros2srrc_data/share/ros2srrc_data/package.sh'
[276.036s] [34mcolcon.colcon_core.shell[0m [1;30mINFO[0m Creating package script '/home/libok/um_file/install/ros2srrc_data/share/ros2srrc_data/package.bash'
[276.037s] [34mcolcon.colcon_core.shell[0m [1;30mINFO[0m Creating package script '/home/libok/um_file/install/ros2srrc_data/share/ros2srrc_data/package.zsh'
[276.038s] [34mcolcon.colcon_core.environment[0m [1;30mLevel 1[0m create_file_with_runtime_dependencies(/home/libok/um_file/install/ros2srrc_data/share/colcon-core/packages/ros2srrc_data)
[276.041s] [34mcolcon.colcon_core.environment[0m [1;30mLevel 1[0m create_environment_scripts_only(ros2srrc_data)
[276.041s] [34mcolcon.colcon_core.environment[0m [1;30mLevel 1[0m checking '/home/libok/um_file/install/ros2srrc_data' for CMake module files
[276.043s] [34mcolcon.colcon_core.environment[0m [1;30mLevel 1[0m checking '/home/libok/um_file/install/ros2srrc_data' for CMake config files
[276.044s] [34mcolcon.colcon_core.shell[0m [1;30mLevel 1[0m create_environment_hook('ros2srrc_data', 'cmake_prefix_path')
[276.045s] [34mcolcon.colcon_core.shell[0m [1;30mINFO[0m Creating environment hook '/home/libok/um_file/install/ros2srrc_data/share/ros2srrc_data/hook/cmake_prefix_path.ps1'
[276.046s] [34mcolcon.colcon_core.shell[0m [1;30mINFO[0m Creating environment descriptor '/home/libok/um_file/install/ros2srrc_data/share/ros2srrc_data/hook/cmake_prefix_path.dsv'
[276.048s] [34mcolcon.colcon_core.shell[0m [1;30mINFO[0m Creating environment hook '/home/libok/um_file/install/ros2srrc_data/share/ros2srrc_data/hook/cmake_prefix_path.sh'
[276.050s] [34mcolcon.colcon_core.environment[0m [1;30mLevel 1[0m checking '/home/libok/um_file/install/ros2srrc_data/lib'
[276.050s] [34mcolcon.colcon_core.shell[0m [1;30mLevel 1[0m create_environment_hook('ros2srrc_data', 'ld_library_path_lib')
[276.051s] [34mcolcon.colcon_core.shell[0m [1;30mINFO[0m Creating environment hook '/home/libok/um_file/install/ros2srrc_data/share/ros2srrc_data/hook/ld_library_path_lib.ps1'
[276.052s] [34mcolcon.colcon_core.shell[0m [1;30mINFO[0m Creating environment descriptor '/home/libok/um_file/install/ros2srrc_data/share/ros2srrc_data/hook/ld_library_path_lib.dsv'
[276.053s] [34mcolcon.colcon_core.shell[0m [1;30mINFO[0m Creating environment hook '/home/libok/um_file/install/ros2srrc_data/share/ros2srrc_data/hook/ld_library_path_lib.sh'
[276.054s] [34mcolcon.colcon_core.environment[0m [1;30mLevel 1[0m checking '/home/libok/um_file/install/ros2srrc_data/bin'
[276.055s] [34mcolcon.colcon_core.environment[0m [1;30mLevel 1[0m checking '/home/libok/um_file/install/ros2srrc_data/lib/pkgconfig/ros2srrc_data.pc'
[276.055s] [34mcolcon.colcon_core.environment[0m [1;30mLevel 1[0m checking '/home/libok/um_file/install/ros2srrc_data/lib/python3.10/site-packages'
[276.057s] [34mcolcon.colcon_core.environment[0m [1;30mLevel 1[0m checking '/home/libok/um_file/install/ros2srrc_data/bin'
[276.058s] [34mcolcon.colcon_core.shell[0m [1;30mINFO[0m Creating package script '/home/libok/um_file/install/ros2srrc_data/share/ros2srrc_data/package.ps1'
[276.060s] [34mcolcon.colcon_core.shell[0m [1;30mINFO[0m Creating package descriptor '/home/libok/um_file/install/ros2srrc_data/share/ros2srrc_data/package.dsv'
[276.062s] [34mcolcon.colcon_core.shell[0m [1;30mINFO[0m Creating package script '/home/libok/um_file/install/ros2srrc_data/share/ros2srrc_data/package.sh'
[276.063s] [34mcolcon.colcon_core.shell[0m [1;30mINFO[0m Creating package script '/home/libok/um_file/install/ros2srrc_data/share/ros2srrc_data/package.bash'
[276.065s] [34mcolcon.colcon_core.shell[0m [1;30mINFO[0m Creating package script '/home/libok/um_file/install/ros2srrc_data/share/ros2srrc_data/package.zsh'
[276.066s] [34mcolcon.colcon_core.environment[0m [1;30mLevel 1[0m create_file_with_runtime_dependencies(/home/libok/um_file/install/ros2srrc_data/share/colcon-core/packages/ros2srrc_data)
[276.067s] [34mcolcon.colcon_ros.task.ament_cmake.build[0m [1;30mINFO[0m Building ROS package in '/home/libok/um_file/ros2srrc_execution' with build type 'ament_cmake'
[276.068s] [34mcolcon.colcon_cmake.task.cmake.build[0m [1;30mINFO[0m Building CMake package in '/home/libok/um_file/ros2srrc_execution'
[276.069s] [34mcolcon.colcon_core.shell[0m [1;30mINFO[0m Skip shell extension 'powershell' for command environment: Not usable outside of PowerShell
[276.069s] [34mcolcon.colcon_core.shell[0m [1;30mDEBUG[0m [32mSkip shell extension 'dsv' for command environment[0m
[276.119s] [34mcolcon.colcon_core.event_handler.log_command[0m [1;30mDEBUG[0m [32mInvoked command in '/home/libok/um_file/build/ackermann_steering_controller' returned '0': CMAKE_PREFIX_PATH=/home/libok/um_file/install/steering_controllers_library:/home/libok/um_file/install/ur:/home/libok/um_file/install/ur_calibration:/home/libok/um_file/install/ur_robot_driver:/home/libok/um_file/install/ur_bringup:/home/libok/um_file/install/robotiq_description:/home/libok/um_file/install/ros2_controllers:/home/libok/um_file/install/velocity_controllers:/home/libok/um_file/install/ur_controllers:/home/libok/um_file/install/ur_msgs:/home/libok/um_file/install/ur_moveit_config:/home/libok/um_file/install/ur_dashboard_msgs:/home/libok/um_file/install/tricycle_steering_controller:/home/libok/um_file/install/tricycle_controller:/home/libok/um_file/install/bicycle_steering_controller:/home/libok/um_file/install/ackermann_steering_controller:/home/libok/um_file/install/robotiq_hardware_tests:/home/libok/um_file/install/robotiq_driver:/home/libok/um_file/install/serial:/home/libok/um_file/install/ros2srrc_robots:/home/libok/um_file/install/ros2srrc_moveit:/home/libok/um_file/install/ros2srrc_launch:/home/libok/um_file/install/ros2srrc_gazebo:/home/libok/um_file/install/ros2srrc_endeffectors:/home/libok/um_file/install/ros2srrc_data:/home/libok/um_file/install/robotiq_controllers:/home/libok/um_file/install/range_sensor_broadcaster:/home/libok/um_file/install/position_controllers:/home/libok/um_file/install/pose_broadcaster:/home/libok/um_file/install/pid_controller:/home/libok/um_file/install/mecanum_drive_controller:/home/libok/um_file/install/joint_trajectory_controller:/home/libok/um_file/install/joint_state_broadcaster:/home/libok/um_file/install/imu_sensor_broadcaster:/home/libok/um_file/install/gripper_controllers:/home/libok/um_file/install/gpio_controllers:/home/libok/um_file/install/effort_controllers:/home/libok/um_file/install/forward_command_controller:/home/libok/um_file/install/force_torque_sensor_broadcaster:/home/libok/um_file/install/diff_drive_controller:/home/libok/um_file/install/admittance_controller:/opt/ros/humble LD_LIBRARY_PATH=/home/libok/um_file/install/steering_controllers_library/lib:/home/libok/um_file/install/ur_robot_driver/lib:/home/libok/um_file/install/velocity_controllers/lib:/home/libok/um_file/install/ur_controllers/lib:/home/libok/um_file/install/ur_msgs/lib:/home/libok/um_file/install/ur_dashboard_msgs/lib:/home/libok/um_file/install/tricycle_steering_controller/lib:/home/libok/um_file/install/tricycle_controller/lib:/home/libok/um_file/install/bicycle_steering_controller/lib:/home/libok/um_file/install/ackermann_steering_controller/lib:/home/libok/um_file/install/robotiq_driver/lib:/home/libok/um_file/install/serial/lib:/home/libok/um_file/install/ros2srrc_data/lib:/home/libok/um_file/install/robotiq_controllers/lib:/home/libok/um_file/install/range_sensor_broadcaster/lib:/home/libok/um_file/install/position_controllers/lib:/home/libok/um_file/install/pose_broadcaster/lib:/home/libok/um_file/install/pid_controller/lib:/home/libok/um_file/install/mecanum_drive_controller/lib:/home/libok/um_file/install/joint_trajectory_controller/lib:/home/libok/um_file/install/joint_state_broadcaster/lib:/home/libok/um_file/install/imu_sensor_broadcaster/lib:/home/libok/um_file/install/gripper_controllers/lib:/home/libok/um_file/install/gpio_controllers/lib:/home/libok/um_file/install/effort_controllers/lib:/home/libok/um_file/install/forward_command_controller/lib:/home/libok/um_file/install/force_torque_sensor_broadcaster/lib:/home/libok/um_file/install/diff_drive_controller/lib:/home/libok/um_file/install/admittance_controller/lib:/usr/lib/x86_64-linux-gnu/gazebo-11/plugins:/opt/ros/humble/opt/rviz_ogre_vendor/lib:/opt/ros/humble/lib/x86_64-linux-gnu:/opt/ros/humble/lib:/home/libok/.mujoco/mujoco210/bin:/usr/lib/nvidia:/home/libok/.mujoco/mujoco210/bin:/usr/lib/nvidia /usr/local/bin/cmake --build /home/libok/um_file/build/ackermann_steering_controller -- -j18 -l18[0m
[276.129s] [34mcolcon.colcon_core.event_handler.log_command[0m [1;30mDEBUG[0m [32mInvoking command in '/home/libok/um_file/build/ackermann_steering_controller': CMAKE_PREFIX_PATH=/home/libok/um_file/install/steering_controllers_library:/home/libok/um_file/install/ur:/home/libok/um_file/install/ur_calibration:/home/libok/um_file/install/ur_robot_driver:/home/libok/um_file/install/ur_bringup:/home/libok/um_file/install/robotiq_description:/home/libok/um_file/install/ros2_controllers:/home/libok/um_file/install/velocity_controllers:/home/libok/um_file/install/ur_controllers:/home/libok/um_file/install/ur_msgs:/home/libok/um_file/install/ur_moveit_config:/home/libok/um_file/install/ur_dashboard_msgs:/home/libok/um_file/install/tricycle_steering_controller:/home/libok/um_file/install/tricycle_controller:/home/libok/um_file/install/bicycle_steering_controller:/home/libok/um_file/install/ackermann_steering_controller:/home/libok/um_file/install/robotiq_hardware_tests:/home/libok/um_file/install/robotiq_driver:/home/libok/um_file/install/serial:/home/libok/um_file/install/ros2srrc_robots:/home/libok/um_file/install/ros2srrc_moveit:/home/libok/um_file/install/ros2srrc_launch:/home/libok/um_file/install/ros2srrc_gazebo:/home/libok/um_file/install/ros2srrc_endeffectors:/home/libok/um_file/install/ros2srrc_data:/home/libok/um_file/install/robotiq_controllers:/home/libok/um_file/install/range_sensor_broadcaster:/home/libok/um_file/install/position_controllers:/home/libok/um_file/install/pose_broadcaster:/home/libok/um_file/install/pid_controller:/home/libok/um_file/install/mecanum_drive_controller:/home/libok/um_file/install/joint_trajectory_controller:/home/libok/um_file/install/joint_state_broadcaster:/home/libok/um_file/install/imu_sensor_broadcaster:/home/libok/um_file/install/gripper_controllers:/home/libok/um_file/install/gpio_controllers:/home/libok/um_file/install/effort_controllers:/home/libok/um_file/install/forward_command_controller:/home/libok/um_file/install/force_torque_sensor_broadcaster:/home/libok/um_file/install/diff_drive_controller:/home/libok/um_file/install/admittance_controller:/opt/ros/humble LD_LIBRARY_PATH=/home/libok/um_file/install/steering_controllers_library/lib:/home/libok/um_file/install/ur_robot_driver/lib:/home/libok/um_file/install/velocity_controllers/lib:/home/libok/um_file/install/ur_controllers/lib:/home/libok/um_file/install/ur_msgs/lib:/home/libok/um_file/install/ur_dashboard_msgs/lib:/home/libok/um_file/install/tricycle_steering_controller/lib:/home/libok/um_file/install/tricycle_controller/lib:/home/libok/um_file/install/bicycle_steering_controller/lib:/home/libok/um_file/install/ackermann_steering_controller/lib:/home/libok/um_file/install/robotiq_driver/lib:/home/libok/um_file/install/serial/lib:/home/libok/um_file/install/ros2srrc_data/lib:/home/libok/um_file/install/robotiq_controllers/lib:/home/libok/um_file/install/range_sensor_broadcaster/lib:/home/libok/um_file/install/position_controllers/lib:/home/libok/um_file/install/pose_broadcaster/lib:/home/libok/um_file/install/pid_controller/lib:/home/libok/um_file/install/mecanum_drive_controller/lib:/home/libok/um_file/install/joint_trajectory_controller/lib:/home/libok/um_file/install/joint_state_broadcaster/lib:/home/libok/um_file/install/imu_sensor_broadcaster/lib:/home/libok/um_file/install/gripper_controllers/lib:/home/libok/um_file/install/gpio_controllers/lib:/home/libok/um_file/install/effort_controllers/lib:/home/libok/um_file/install/forward_command_controller/lib:/home/libok/um_file/install/force_torque_sensor_broadcaster/lib:/home/libok/um_file/install/diff_drive_controller/lib:/home/libok/um_file/install/admittance_controller/lib:/usr/lib/x86_64-linux-gnu/gazebo-11/plugins:/opt/ros/humble/opt/rviz_ogre_vendor/lib:/opt/ros/humble/lib/x86_64-linux-gnu:/opt/ros/humble/lib:/home/libok/.mujoco/mujoco210/bin:/usr/lib/nvidia:/home/libok/.mujoco/mujoco210/bin:/usr/lib/nvidia /usr/local/bin/cmake --install /home/libok/um_file/build/ackermann_steering_controller[0m
[276.145s] [34mcolcon.colcon_core.event_handler.log_command[0m [1;30mDEBUG[0m [32mInvoking command in '/home/libok/um_file/build/ros2srrc_execution': CMAKE_PREFIX_PATH=/home/libok/um_file/install/ros2srrc_data:/home/libok/um_file/install/ur:/home/libok/um_file/install/ur_calibration:/home/libok/um_file/install/ur_robot_driver:/home/libok/um_file/install/ur_bringup:/home/libok/um_file/install/robotiq_description:/home/libok/um_file/install/ros2_controllers:/home/libok/um_file/install/velocity_controllers:/home/libok/um_file/install/ur_controllers:/home/libok/um_file/install/ur_msgs:/home/libok/um_file/install/ur_moveit_config:/home/libok/um_file/install/ur_dashboard_msgs:/home/libok/um_file/install/tricycle_steering_controller:/home/libok/um_file/install/tricycle_controller:/home/libok/um_file/install/bicycle_steering_controller:/home/libok/um_file/install/ackermann_steering_controller:/home/libok/um_file/install/steering_controllers_library:/home/libok/um_file/install/robotiq_hardware_tests:/home/libok/um_file/install/robotiq_driver:/home/libok/um_file/install/serial:/home/libok/um_file/install/ros2srrc_robots:/home/libok/um_file/install/ros2srrc_moveit:/home/libok/um_file/install/ros2srrc_launch:/home/libok/um_file/install/ros2srrc_gazebo:/home/libok/um_file/install/ros2srrc_endeffectors:/home/libok/um_file/install/robotiq_controllers:/home/libok/um_file/install/range_sensor_broadcaster:/home/libok/um_file/install/position_controllers:/home/libok/um_file/install/pose_broadcaster:/home/libok/um_file/install/pid_controller:/home/libok/um_file/install/mecanum_drive_controller:/home/libok/um_file/install/joint_trajectory_controller:/home/libok/um_file/install/joint_state_broadcaster:/home/libok/um_file/install/imu_sensor_broadcaster:/home/libok/um_file/install/gripper_controllers:/home/libok/um_file/install/gpio_controllers:/home/libok/um_file/install/effort_controllers:/home/libok/um_file/install/forward_command_controller:/home/libok/um_file/install/force_torque_sensor_broadcaster:/home/libok/um_file/install/diff_drive_controller:/home/libok/um_file/install/admittance_controller:/opt/ros/humble LD_LIBRARY_PATH=/home/libok/um_file/install/ros2srrc_data/lib:/home/libok/um_file/install/ur_robot_driver/lib:/home/libok/um_file/install/velocity_controllers/lib:/home/libok/um_file/install/ur_controllers/lib:/home/libok/um_file/install/ur_msgs/lib:/home/libok/um_file/install/ur_dashboard_msgs/lib:/home/libok/um_file/install/tricycle_steering_controller/lib:/home/libok/um_file/install/tricycle_controller/lib:/home/libok/um_file/install/bicycle_steering_controller/lib:/home/libok/um_file/install/ackermann_steering_controller/lib:/home/libok/um_file/install/steering_controllers_library/lib:/home/libok/um_file/install/robotiq_driver/lib:/home/libok/um_file/install/serial/lib:/home/libok/um_file/install/robotiq_controllers/lib:/home/libok/um_file/install/range_sensor_broadcaster/lib:/home/libok/um_file/install/position_controllers/lib:/home/libok/um_file/install/pose_broadcaster/lib:/home/libok/um_file/install/pid_controller/lib:/home/libok/um_file/install/mecanum_drive_controller/lib:/home/libok/um_file/install/joint_trajectory_controller/lib:/home/libok/um_file/install/joint_state_broadcaster/lib:/home/libok/um_file/install/imu_sensor_broadcaster/lib:/home/libok/um_file/install/gripper_controllers/lib:/home/libok/um_file/install/gpio_controllers/lib:/home/libok/um_file/install/effort_controllers/lib:/home/libok/um_file/install/forward_command_controller/lib:/home/libok/um_file/install/force_torque_sensor_broadcaster/lib:/home/libok/um_file/install/diff_drive_controller/lib:/home/libok/um_file/install/admittance_controller/lib:/usr/lib/x86_64-linux-gnu/gazebo-11/plugins:/opt/ros/humble/opt/rviz_ogre_vendor/lib:/opt/ros/humble/lib/x86_64-linux-gnu:/opt/ros/humble/lib:/home/libok/.mujoco/mujoco210/bin:/usr/lib/nvidia:/home/libok/.mujoco/mujoco210/bin:/usr/lib/nvidia /usr/local/bin/cmake /home/libok/um_file/ros2srrc_execution -DCMAKE_INSTALL_PREFIX=/home/libok/um_file/install/ros2srrc_execution[0m
[276.164s] [34mcolcon.colcon_core.environment[0m [1;30mLevel 1[0m create_environment_scripts_only(ackermann_steering_controller)
[276.167s] [34mcolcon.colcon_core.environment[0m [1;30mLevel 1[0m checking '/home/libok/um_file/install/ackermann_steering_controller' for CMake module files
[276.174s] [34mcolcon.colcon_core.event_handler.log_command[0m [1;30mDEBUG[0m [32mInvoked command in '/home/libok/um_file/build/ackermann_steering_controller' returned '0': CMAKE_PREFIX_PATH=/home/libok/um_file/install/steering_controllers_library:/home/libok/um_file/install/ur:/home/libok/um_file/install/ur_calibration:/home/libok/um_file/install/ur_robot_driver:/home/libok/um_file/install/ur_bringup:/home/libok/um_file/install/robotiq_description:/home/libok/um_file/install/ros2_controllers:/home/libok/um_file/install/velocity_controllers:/home/libok/um_file/install/ur_controllers:/home/libok/um_file/install/ur_msgs:/home/libok/um_file/install/ur_moveit_config:/home/libok/um_file/install/ur_dashboard_msgs:/home/libok/um_file/install/tricycle_steering_controller:/home/libok/um_file/install/tricycle_controller:/home/libok/um_file/install/bicycle_steering_controller:/home/libok/um_file/install/ackermann_steering_controller:/home/libok/um_file/install/robotiq_hardware_tests:/home/libok/um_file/install/robotiq_driver:/home/libok/um_file/install/serial:/home/libok/um_file/install/ros2srrc_robots:/home/libok/um_file/install/ros2srrc_moveit:/home/libok/um_file/install/ros2srrc_launch:/home/libok/um_file/install/ros2srrc_gazebo:/home/libok/um_file/install/ros2srrc_endeffectors:/home/libok/um_file/install/ros2srrc_data:/home/libok/um_file/install/robotiq_controllers:/home/libok/um_file/install/range_sensor_broadcaster:/home/libok/um_file/install/position_controllers:/home/libok/um_file/install/pose_broadcaster:/home/libok/um_file/install/pid_controller:/home/libok/um_file/install/mecanum_drive_controller:/home/libok/um_file/install/joint_trajectory_controller:/home/libok/um_file/install/joint_state_broadcaster:/home/libok/um_file/install/imu_sensor_broadcaster:/home/libok/um_file/install/gripper_controllers:/home/libok/um_file/install/gpio_controllers:/home/libok/um_file/install/effort_controllers:/home/libok/um_file/install/forward_command_controller:/home/libok/um_file/install/force_torque_sensor_broadcaster:/home/libok/um_file/install/diff_drive_controller:/home/libok/um_file/install/admittance_controller:/opt/ros/humble LD_LIBRARY_PATH=/home/libok/um_file/install/steering_controllers_library/lib:/home/libok/um_file/install/ur_robot_driver/lib:/home/libok/um_file/install/velocity_controllers/lib:/home/libok/um_file/install/ur_controllers/lib:/home/libok/um_file/install/ur_msgs/lib:/home/libok/um_file/install/ur_dashboard_msgs/lib:/home/libok/um_file/install/tricycle_steering_controller/lib:/home/libok/um_file/install/tricycle_controller/lib:/home/libok/um_file/install/bicycle_steering_controller/lib:/home/libok/um_file/install/ackermann_steering_controller/lib:/home/libok/um_file/install/robotiq_driver/lib:/home/libok/um_file/install/serial/lib:/home/libok/um_file/install/ros2srrc_data/lib:/home/libok/um_file/install/robotiq_controllers/lib:/home/libok/um_file/install/range_sensor_broadcaster/lib:/home/libok/um_file/install/position_controllers/lib:/home/libok/um_file/install/pose_broadcaster/lib:/home/libok/um_file/install/pid_controller/lib:/home/libok/um_file/install/mecanum_drive_controller/lib:/home/libok/um_file/install/joint_trajectory_controller/lib:/home/libok/um_file/install/joint_state_broadcaster/lib:/home/libok/um_file/install/imu_sensor_broadcaster/lib:/home/libok/um_file/install/gripper_controllers/lib:/home/libok/um_file/install/gpio_controllers/lib:/home/libok/um_file/install/effort_controllers/lib:/home/libok/um_file/install/forward_command_controller/lib:/home/libok/um_file/install/force_torque_sensor_broadcaster/lib:/home/libok/um_file/install/diff_drive_controller/lib:/home/libok/um_file/install/admittance_controller/lib:/usr/lib/x86_64-linux-gnu/gazebo-11/plugins:/opt/ros/humble/opt/rviz_ogre_vendor/lib:/opt/ros/humble/lib/x86_64-linux-gnu:/opt/ros/humble/lib:/home/libok/.mujoco/mujoco210/bin:/usr/lib/nvidia:/home/libok/.mujoco/mujoco210/bin:/usr/lib/nvidia /usr/local/bin/cmake --install /home/libok/um_file/build/ackermann_steering_controller[0m
[276.175s] [34mcolcon.colcon_core.environment[0m [1;30mLevel 1[0m checking '/home/libok/um_file/install/ackermann_steering_controller' for CMake config files
[276.177s] [34mcolcon.colcon_core.shell[0m [1;30mLevel 1[0m create_environment_hook('ackermann_steering_controller', 'cmake_prefix_path')
[276.178s] [34mcolcon.colcon_core.shell[0m [1;30mINFO[0m Creating environment hook '/home/libok/um_file/install/ackermann_steering_controller/share/ackermann_steering_controller/hook/cmake_prefix_path.ps1'
[276.181s] [34mcolcon.colcon_core.shell[0m [1;30mINFO[0m Creating environment descriptor '/home/libok/um_file/install/ackermann_steering_controller/share/ackermann_steering_controller/hook/cmake_prefix_path.dsv'
[276.183s] [34mcolcon.colcon_core.shell[0m [1;30mINFO[0m Creating environment hook '/home/libok/um_file/install/ackermann_steering_controller/share/ackermann_steering_controller/hook/cmake_prefix_path.sh'
[276.186s] [34mcolcon.colcon_core.environment[0m [1;30mLevel 1[0m checking '/home/libok/um_file/install/ackermann_steering_controller/lib'
[276.187s] [34mcolcon.colcon_core.shell[0m [1;30mLevel 1[0m create_environment_hook('ackermann_steering_controller', 'ld_library_path_lib')
[276.188s] [34mcolcon.colcon_core.shell[0m [1;30mINFO[0m Creating environment hook '/home/libok/um_file/install/ackermann_steering_controller/share/ackermann_steering_controller/hook/ld_library_path_lib.ps1'
[276.190s] [34mcolcon.colcon_core.shell[0m [1;30mINFO[0m Creating environment descriptor '/home/libok/um_file/install/ackermann_steering_controller/share/ackermann_steering_controller/hook/ld_library_path_lib.dsv'
[276.192s] [34mcolcon.colcon_core.shell[0m [1;30mINFO[0m Creating environment hook '/home/libok/um_file/install/ackermann_steering_controller/share/ackermann_steering_controller/hook/ld_library_path_lib.sh'
[276.194s] [34mcolcon.colcon_core.environment[0m [1;30mLevel 1[0m checking '/home/libok/um_file/install/ackermann_steering_controller/bin'
[276.195s] [34mcolcon.colcon_core.environment[0m [1;30mLevel 1[0m checking '/home/libok/um_file/install/ackermann_steering_controller/lib/pkgconfig/ackermann_steering_controller.pc'
[276.196s] [34mcolcon.colcon_core.environment[0m [1;30mLevel 1[0m checking '/home/libok/um_file/install/ackermann_steering_controller/lib/python3.10/site-packages'
[276.198s] [34mcolcon.colcon_core.environment[0m [1;30mLevel 1[0m checking '/home/libok/um_file/install/ackermann_steering_controller/bin'
[276.200s] [34mcolcon.colcon_core.shell[0m [1;30mINFO[0m Creating package script '/home/libok/um_file/install/ackermann_steering_controller/share/ackermann_steering_controller/package.ps1'
[276.203s] [34mcolcon.colcon_core.shell[0m [1;30mINFO[0m Creating package descriptor '/home/libok/um_file/install/ackermann_steering_controller/share/ackermann_steering_controller/package.dsv'
[276.205s] [34mcolcon.colcon_core.shell[0m [1;30mINFO[0m Creating package script '/home/libok/um_file/install/ackermann_steering_controller/share/ackermann_steering_controller/package.sh'
[276.208s] [34mcolcon.colcon_core.shell[0m [1;30mINFO[0m Creating package script '/home/libok/um_file/install/ackermann_steering_controller/share/ackermann_steering_controller/package.bash'
[276.209s] [34mcolcon.colcon_core.shell[0m [1;30mINFO[0m Creating package script '/home/libok/um_file/install/ackermann_steering_controller/share/ackermann_steering_controller/package.zsh'
[276.211s] [34mcolcon.colcon_core.environment[0m [1;30mLevel 1[0m create_file_with_runtime_dependencies(/home/libok/um_file/install/ackermann_steering_controller/share/colcon-core/packages/ackermann_steering_controller)
[276.215s] [34mcolcon.colcon_core.environment[0m [1;30mLevel 1[0m create_environment_scripts_only(ackermann_steering_controller)
[276.216s] [34mcolcon.colcon_core.environment[0m [1;30mLevel 1[0m checking '/home/libok/um_file/install/ackermann_steering_controller' for CMake module files
[276.218s] [34mcolcon.colcon_core.environment[0m [1;30mLevel 1[0m checking '/home/libok/um_file/install/ackermann_steering_controller' for CMake config files
[276.221s] [34mcolcon.colcon_core.shell[0m [1;30mLevel 1[0m create_environment_hook('ackermann_steering_controller', 'cmake_prefix_path')
[276.222s] [34mcolcon.colcon_core.shell[0m [1;30mINFO[0m Creating environment hook '/home/libok/um_file/install/ackermann_steering_controller/share/ackermann_steering_controller/hook/cmake_prefix_path.ps1'
[276.224s] [34mcolcon.colcon_core.shell[0m [1;30mINFO[0m Creating environment descriptor '/home/libok/um_file/install/ackermann_steering_controller/share/ackermann_steering_controller/hook/cmake_prefix_path.dsv'
[276.226s] [34mcolcon.colcon_core.shell[0m [1;30mINFO[0m Creating environment hook '/home/libok/um_file/install/ackermann_steering_controller/share/ackermann_steering_controller/hook/cmake_prefix_path.sh'
[276.228s] [34mcolcon.colcon_core.environment[0m [1;30mLevel 1[0m checking '/home/libok/um_file/install/ackermann_steering_controller/lib'
[276.228s] [34mcolcon.colcon_core.shell[0m [1;30mLevel 1[0m create_environment_hook('ackermann_steering_controller', 'ld_library_path_lib')
[276.229s] [34mcolcon.colcon_core.shell[0m [1;30mINFO[0m Creating environment hook '/home/libok/um_file/install/ackermann_steering_controller/share/ackermann_steering_controller/hook/ld_library_path_lib.ps1'
[276.230s] [34mcolcon.colcon_core.shell[0m [1;30mINFO[0m Creating environment descriptor '/home/libok/um_file/install/ackermann_steering_controller/share/ackermann_steering_controller/hook/ld_library_path_lib.dsv'
[276.231s] [34mcolcon.colcon_core.shell[0m [1;30mINFO[0m Creating environment hook '/home/libok/um_file/install/ackermann_steering_controller/share/ackermann_steering_controller/hook/ld_library_path_lib.sh'
[276.233s] [34mcolcon.colcon_core.environment[0m [1;30mLevel 1[0m checking '/home/libok/um_file/install/ackermann_steering_controller/bin'
[276.233s] [34mcolcon.colcon_core.environment[0m [1;30mLevel 1[0m checking '/home/libok/um_file/install/ackermann_steering_controller/lib/pkgconfig/ackermann_steering_controller.pc'
[276.234s] [34mcolcon.colcon_core.environment[0m [1;30mLevel 1[0m checking '/home/libok/um_file/install/ackermann_steering_controller/lib/python3.10/site-packages'
[276.235s] [34mcolcon.colcon_core.environment[0m [1;30mLevel 1[0m checking '/home/libok/um_file/install/ackermann_steering_controller/bin'
[276.236s] [34mcolcon.colcon_core.shell[0m [1;30mINFO[0m Creating package script '/home/libok/um_file/install/ackermann_steering_controller/share/ackermann_steering_controller/package.ps1'
[276.239s] [34mcolcon.colcon_core.shell[0m [1;30mINFO[0m Creating package descriptor '/home/libok/um_file/install/ackermann_steering_controller/share/ackermann_steering_controller/package.dsv'
[276.241s] [34mcolcon.colcon_core.shell[0m [1;30mINFO[0m Creating package script '/home/libok/um_file/install/ackermann_steering_controller/share/ackermann_steering_controller/package.sh'
[276.243s] [34mcolcon.colcon_core.shell[0m [1;30mINFO[0m Creating package script '/home/libok/um_file/install/ackermann_steering_controller/share/ackermann_steering_controller/package.bash'
[276.245s] [34mcolcon.colcon_core.shell[0m [1;30mINFO[0m Creating package script '/home/libok/um_file/install/ackermann_steering_controller/share/ackermann_steering_controller/package.zsh'
[276.246s] [34mcolcon.colcon_core.environment[0m [1;30mLevel 1[0m create_file_with_runtime_dependencies(/home/libok/um_file/install/ackermann_steering_controller/share/colcon-core/packages/ackermann_steering_controller)
[278.412s] [34mcolcon.colcon_core.event_handler.log_command[0m [1;30mDEBUG[0m [32mInvoked command in '/home/libok/um_file/build/robotiq_hardware_tests' returned '0': CMAKE_PREFIX_PATH=/home/libok/um_file/install/robotiq_driver:/home/libok/um_file/install/serial:/home/libok/um_file/install/ur:/home/libok/um_file/install/ur_calibration:/home/libok/um_file/install/ur_robot_driver:/home/libok/um_file/install/ur_bringup:/home/libok/um_file/install/robotiq_description:/home/libok/um_file/install/ros2_controllers:/home/libok/um_file/install/velocity_controllers:/home/libok/um_file/install/ur_controllers:/home/libok/um_file/install/ur_msgs:/home/libok/um_file/install/ur_moveit_config:/home/libok/um_file/install/ur_dashboard_msgs:/home/libok/um_file/install/tricycle_steering_controller:/home/libok/um_file/install/tricycle_controller:/home/libok/um_file/install/bicycle_steering_controller:/home/libok/um_file/install/ackermann_steering_controller:/home/libok/um_file/install/steering_controllers_library:/home/libok/um_file/install/robotiq_hardware_tests:/home/libok/um_file/install/ros2srrc_robots:/home/libok/um_file/install/ros2srrc_moveit:/home/libok/um_file/install/ros2srrc_launch:/home/libok/um_file/install/ros2srrc_gazebo:/home/libok/um_file/install/ros2srrc_endeffectors:/home/libok/um_file/install/ros2srrc_data:/home/libok/um_file/install/robotiq_controllers:/home/libok/um_file/install/range_sensor_broadcaster:/home/libok/um_file/install/position_controllers:/home/libok/um_file/install/pose_broadcaster:/home/libok/um_file/install/pid_controller:/home/libok/um_file/install/mecanum_drive_controller:/home/libok/um_file/install/joint_trajectory_controller:/home/libok/um_file/install/joint_state_broadcaster:/home/libok/um_file/install/imu_sensor_broadcaster:/home/libok/um_file/install/gripper_controllers:/home/libok/um_file/install/gpio_controllers:/home/libok/um_file/install/effort_controllers:/home/libok/um_file/install/forward_command_controller:/home/libok/um_file/install/force_torque_sensor_broadcaster:/home/libok/um_file/install/diff_drive_controller:/home/libok/um_file/install/admittance_controller:/opt/ros/humble LD_LIBRARY_PATH=/home/libok/um_file/install/robotiq_driver/lib:/home/libok/um_file/install/ur_robot_driver/lib:/home/libok/um_file/install/velocity_controllers/lib:/home/libok/um_file/install/ur_controllers/lib:/home/libok/um_file/install/ur_msgs/lib:/home/libok/um_file/install/ur_dashboard_msgs/lib:/home/libok/um_file/install/tricycle_steering_controller/lib:/home/libok/um_file/install/tricycle_controller/lib:/home/libok/um_file/install/bicycle_steering_controller/lib:/home/libok/um_file/install/ackermann_steering_controller/lib:/home/libok/um_file/install/steering_controllers_library/lib:/home/libok/um_file/install/serial/lib:/home/libok/um_file/install/ros2srrc_data/lib:/home/libok/um_file/install/robotiq_controllers/lib:/home/libok/um_file/install/range_sensor_broadcaster/lib:/home/libok/um_file/install/position_controllers/lib:/home/libok/um_file/install/pose_broadcaster/lib:/home/libok/um_file/install/pid_controller/lib:/home/libok/um_file/install/mecanum_drive_controller/lib:/home/libok/um_file/install/joint_trajectory_controller/lib:/home/libok/um_file/install/joint_state_broadcaster/lib:/home/libok/um_file/install/imu_sensor_broadcaster/lib:/home/libok/um_file/install/gripper_controllers/lib:/home/libok/um_file/install/gpio_controllers/lib:/home/libok/um_file/install/effort_controllers/lib:/home/libok/um_file/install/forward_command_controller/lib:/home/libok/um_file/install/force_torque_sensor_broadcaster/lib:/home/libok/um_file/install/diff_drive_controller/lib:/home/libok/um_file/install/admittance_controller/lib:/usr/lib/x86_64-linux-gnu/gazebo-11/plugins:/opt/ros/humble/opt/rviz_ogre_vendor/lib:/opt/ros/humble/lib/x86_64-linux-gnu:/opt/ros/humble/lib:/home/libok/.mujoco/mujoco210/bin:/usr/lib/nvidia:/home/libok/.mujoco/mujoco210/bin:/usr/lib/nvidia /usr/local/bin/cmake --build /home/libok/um_file/build/robotiq_hardware_tests -- -j18 -l18[0m
[278.418s] [34mcolcon.colcon_core.event_handler.log_command[0m [1;30mDEBUG[0m [32mInvoking command in '/home/libok/um_file/build/robotiq_hardware_tests': CMAKE_PREFIX_PATH=/home/libok/um_file/install/robotiq_driver:/home/libok/um_file/install/serial:/home/libok/um_file/install/ur:/home/libok/um_file/install/ur_calibration:/home/libok/um_file/install/ur_robot_driver:/home/libok/um_file/install/ur_bringup:/home/libok/um_file/install/robotiq_description:/home/libok/um_file/install/ros2_controllers:/home/libok/um_file/install/velocity_controllers:/home/libok/um_file/install/ur_controllers:/home/libok/um_file/install/ur_msgs:/home/libok/um_file/install/ur_moveit_config:/home/libok/um_file/install/ur_dashboard_msgs:/home/libok/um_file/install/tricycle_steering_controller:/home/libok/um_file/install/tricycle_controller:/home/libok/um_file/install/bicycle_steering_controller:/home/libok/um_file/install/ackermann_steering_controller:/home/libok/um_file/install/steering_controllers_library:/home/libok/um_file/install/robotiq_hardware_tests:/home/libok/um_file/install/ros2srrc_robots:/home/libok/um_file/install/ros2srrc_moveit:/home/libok/um_file/install/ros2srrc_launch:/home/libok/um_file/install/ros2srrc_gazebo:/home/libok/um_file/install/ros2srrc_endeffectors:/home/libok/um_file/install/ros2srrc_data:/home/libok/um_file/install/robotiq_controllers:/home/libok/um_file/install/range_sensor_broadcaster:/home/libok/um_file/install/position_controllers:/home/libok/um_file/install/pose_broadcaster:/home/libok/um_file/install/pid_controller:/home/libok/um_file/install/mecanum_drive_controller:/home/libok/um_file/install/joint_trajectory_controller:/home/libok/um_file/install/joint_state_broadcaster:/home/libok/um_file/install/imu_sensor_broadcaster:/home/libok/um_file/install/gripper_controllers:/home/libok/um_file/install/gpio_controllers:/home/libok/um_file/install/effort_controllers:/home/libok/um_file/install/forward_command_controller:/home/libok/um_file/install/force_torque_sensor_broadcaster:/home/libok/um_file/install/diff_drive_controller:/home/libok/um_file/install/admittance_controller:/opt/ros/humble LD_LIBRARY_PATH=/home/libok/um_file/install/robotiq_driver/lib:/home/libok/um_file/install/ur_robot_driver/lib:/home/libok/um_file/install/velocity_controllers/lib:/home/libok/um_file/install/ur_controllers/lib:/home/libok/um_file/install/ur_msgs/lib:/home/libok/um_file/install/ur_dashboard_msgs/lib:/home/libok/um_file/install/tricycle_steering_controller/lib:/home/libok/um_file/install/tricycle_controller/lib:/home/libok/um_file/install/bicycle_steering_controller/lib:/home/libok/um_file/install/ackermann_steering_controller/lib:/home/libok/um_file/install/steering_controllers_library/lib:/home/libok/um_file/install/serial/lib:/home/libok/um_file/install/ros2srrc_data/lib:/home/libok/um_file/install/robotiq_controllers/lib:/home/libok/um_file/install/range_sensor_broadcaster/lib:/home/libok/um_file/install/position_controllers/lib:/home/libok/um_file/install/pose_broadcaster/lib:/home/libok/um_file/install/pid_controller/lib:/home/libok/um_file/install/mecanum_drive_controller/lib:/home/libok/um_file/install/joint_trajectory_controller/lib:/home/libok/um_file/install/joint_state_broadcaster/lib:/home/libok/um_file/install/imu_sensor_broadcaster/lib:/home/libok/um_file/install/gripper_controllers/lib:/home/libok/um_file/install/gpio_controllers/lib:/home/libok/um_file/install/effort_controllers/lib:/home/libok/um_file/install/forward_command_controller/lib:/home/libok/um_file/install/force_torque_sensor_broadcaster/lib:/home/libok/um_file/install/diff_drive_controller/lib:/home/libok/um_file/install/admittance_controller/lib:/usr/lib/x86_64-linux-gnu/gazebo-11/plugins:/opt/ros/humble/opt/rviz_ogre_vendor/lib:/opt/ros/humble/lib/x86_64-linux-gnu:/opt/ros/humble/lib:/home/libok/.mujoco/mujoco210/bin:/usr/lib/nvidia:/home/libok/.mujoco/mujoco210/bin:/usr/lib/nvidia /usr/local/bin/cmake --install /home/libok/um_file/build/robotiq_hardware_tests[0m
[278.439s] [34mcolcon.colcon_core.environment[0m [1;30mLevel 1[0m create_environment_scripts_only(robotiq_hardware_tests)
[278.440s] [34mcolcon.colcon_core.environment[0m [1;30mLevel 1[0m checking '/home/libok/um_file/install/robotiq_hardware_tests' for CMake module files
[278.442s] [34mcolcon.colcon_core.event_handler.log_command[0m [1;30mDEBUG[0m [32mInvoked command in '/home/libok/um_file/build/robotiq_hardware_tests' returned '0': CMAKE_PREFIX_PATH=/home/libok/um_file/install/robotiq_driver:/home/libok/um_file/install/serial:/home/libok/um_file/install/ur:/home/libok/um_file/install/ur_calibration:/home/libok/um_file/install/ur_robot_driver:/home/libok/um_file/install/ur_bringup:/home/libok/um_file/install/robotiq_description:/home/libok/um_file/install/ros2_controllers:/home/libok/um_file/install/velocity_controllers:/home/libok/um_file/install/ur_controllers:/home/libok/um_file/install/ur_msgs:/home/libok/um_file/install/ur_moveit_config:/home/libok/um_file/install/ur_dashboard_msgs:/home/libok/um_file/install/tricycle_steering_controller:/home/libok/um_file/install/tricycle_controller:/home/libok/um_file/install/bicycle_steering_controller:/home/libok/um_file/install/ackermann_steering_controller:/home/libok/um_file/install/steering_controllers_library:/home/libok/um_file/install/robotiq_hardware_tests:/home/libok/um_file/install/ros2srrc_robots:/home/libok/um_file/install/ros2srrc_moveit:/home/libok/um_file/install/ros2srrc_launch:/home/libok/um_file/install/ros2srrc_gazebo:/home/libok/um_file/install/ros2srrc_endeffectors:/home/libok/um_file/install/ros2srrc_data:/home/libok/um_file/install/robotiq_controllers:/home/libok/um_file/install/range_sensor_broadcaster:/home/libok/um_file/install/position_controllers:/home/libok/um_file/install/pose_broadcaster:/home/libok/um_file/install/pid_controller:/home/libok/um_file/install/mecanum_drive_controller:/home/libok/um_file/install/joint_trajectory_controller:/home/libok/um_file/install/joint_state_broadcaster:/home/libok/um_file/install/imu_sensor_broadcaster:/home/libok/um_file/install/gripper_controllers:/home/libok/um_file/install/gpio_controllers:/home/libok/um_file/install/effort_controllers:/home/libok/um_file/install/forward_command_controller:/home/libok/um_file/install/force_torque_sensor_broadcaster:/home/libok/um_file/install/diff_drive_controller:/home/libok/um_file/install/admittance_controller:/opt/ros/humble LD_LIBRARY_PATH=/home/libok/um_file/install/robotiq_driver/lib:/home/libok/um_file/install/ur_robot_driver/lib:/home/libok/um_file/install/velocity_controllers/lib:/home/libok/um_file/install/ur_controllers/lib:/home/libok/um_file/install/ur_msgs/lib:/home/libok/um_file/install/ur_dashboard_msgs/lib:/home/libok/um_file/install/tricycle_steering_controller/lib:/home/libok/um_file/install/tricycle_controller/lib:/home/libok/um_file/install/bicycle_steering_controller/lib:/home/libok/um_file/install/ackermann_steering_controller/lib:/home/libok/um_file/install/steering_controllers_library/lib:/home/libok/um_file/install/serial/lib:/home/libok/um_file/install/ros2srrc_data/lib:/home/libok/um_file/install/robotiq_controllers/lib:/home/libok/um_file/install/range_sensor_broadcaster/lib:/home/libok/um_file/install/position_controllers/lib:/home/libok/um_file/install/pose_broadcaster/lib:/home/libok/um_file/install/pid_controller/lib:/home/libok/um_file/install/mecanum_drive_controller/lib:/home/libok/um_file/install/joint_trajectory_controller/lib:/home/libok/um_file/install/joint_state_broadcaster/lib:/home/libok/um_file/install/imu_sensor_broadcaster/lib:/home/libok/um_file/install/gripper_controllers/lib:/home/libok/um_file/install/gpio_controllers/lib:/home/libok/um_file/install/effort_controllers/lib:/home/libok/um_file/install/forward_command_controller/lib:/home/libok/um_file/install/force_torque_sensor_broadcaster/lib:/home/libok/um_file/install/diff_drive_controller/lib:/home/libok/um_file/install/admittance_controller/lib:/usr/lib/x86_64-linux-gnu/gazebo-11/plugins:/opt/ros/humble/opt/rviz_ogre_vendor/lib:/opt/ros/humble/lib/x86_64-linux-gnu:/opt/ros/humble/lib:/home/libok/.mujoco/mujoco210/bin:/usr/lib/nvidia:/home/libok/.mujoco/mujoco210/bin:/usr/lib/nvidia /usr/local/bin/cmake --install /home/libok/um_file/build/robotiq_hardware_tests[0m
[278.443s] [34mcolcon.colcon_core.environment[0m [1;30mLevel 1[0m checking '/home/libok/um_file/install/robotiq_hardware_tests' for CMake config files
[278.443s] [34mcolcon.colcon_core.shell[0m [1;30mLevel 1[0m create_environment_hook('robotiq_hardware_tests', 'cmake_prefix_path')
[278.444s] [34mcolcon.colcon_core.shell[0m [1;30mINFO[0m Creating environment hook '/home/libok/um_file/install/robotiq_hardware_tests/share/robotiq_hardware_tests/hook/cmake_prefix_path.ps1'
[278.445s] [34mcolcon.colcon_core.shell[0m [1;30mINFO[0m Creating environment descriptor '/home/libok/um_file/install/robotiq_hardware_tests/share/robotiq_hardware_tests/hook/cmake_prefix_path.dsv'
[278.446s] [34mcolcon.colcon_core.shell[0m [1;30mINFO[0m Creating environment hook '/home/libok/um_file/install/robotiq_hardware_tests/share/robotiq_hardware_tests/hook/cmake_prefix_path.sh'
[278.448s] [34mcolcon.colcon_core.environment[0m [1;30mLevel 1[0m checking '/home/libok/um_file/install/robotiq_hardware_tests/bin'
[278.448s] [34mcolcon.colcon_core.environment[0m [1;30mLevel 1[0m checking '/home/libok/um_file/install/robotiq_hardware_tests/lib/pkgconfig/robotiq_hardware_tests.pc'
[278.449s] [34mcolcon.colcon_core.environment[0m [1;30mLevel 1[0m checking '/home/libok/um_file/install/robotiq_hardware_tests/lib/python3.10/site-packages'
[278.450s] [34mcolcon.colcon_core.environment[0m [1;30mLevel 1[0m checking '/home/libok/um_file/install/robotiq_hardware_tests/bin'
[278.451s] [34mcolcon.colcon_core.shell[0m [1;30mINFO[0m Creating package script '/home/libok/um_file/install/robotiq_hardware_tests/share/robotiq_hardware_tests/package.ps1'
[278.452s] [34mcolcon.colcon_core.shell[0m [1;30mINFO[0m Creating package descriptor '/home/libok/um_file/install/robotiq_hardware_tests/share/robotiq_hardware_tests/package.dsv'
[278.453s] [34mcolcon.colcon_core.shell[0m [1;30mINFO[0m Creating package script '/home/libok/um_file/install/robotiq_hardware_tests/share/robotiq_hardware_tests/package.sh'
[278.454s] [34mcolcon.colcon_core.shell[0m [1;30mINFO[0m Creating package script '/home/libok/um_file/install/robotiq_hardware_tests/share/robotiq_hardware_tests/package.bash'
[278.455s] [34mcolcon.colcon_core.shell[0m [1;30mINFO[0m Creating package script '/home/libok/um_file/install/robotiq_hardware_tests/share/robotiq_hardware_tests/package.zsh'
[278.455s] [34mcolcon.colcon_core.environment[0m [1;30mLevel 1[0m create_file_with_runtime_dependencies(/home/libok/um_file/install/robotiq_hardware_tests/share/colcon-core/packages/robotiq_hardware_tests)
[278.456s] [34mcolcon.colcon_core.environment[0m [1;30mLevel 1[0m create_environment_scripts_only(robotiq_hardware_tests)
[278.457s] [34mcolcon.colcon_core.environment[0m [1;30mLevel 1[0m checking '/home/libok/um_file/install/robotiq_hardware_tests' for CMake module files
[278.458s] [34mcolcon.colcon_core.environment[0m [1;30mLevel 1[0m checking '/home/libok/um_file/install/robotiq_hardware_tests' for CMake config files
[278.458s] [34mcolcon.colcon_core.shell[0m [1;30mLevel 1[0m create_environment_hook('robotiq_hardware_tests', 'cmake_prefix_path')
[278.459s] [34mcolcon.colcon_core.shell[0m [1;30mINFO[0m Creating environment hook '/home/libok/um_file/install/robotiq_hardware_tests/share/robotiq_hardware_tests/hook/cmake_prefix_path.ps1'
[278.460s] [34mcolcon.colcon_core.shell[0m [1;30mINFO[0m Creating environment descriptor '/home/libok/um_file/install/robotiq_hardware_tests/share/robotiq_hardware_tests/hook/cmake_prefix_path.dsv'
[278.460s] [34mcolcon.colcon_core.shell[0m [1;30mINFO[0m Creating environment hook '/home/libok/um_file/install/robotiq_hardware_tests/share/robotiq_hardware_tests/hook/cmake_prefix_path.sh'
[278.462s] [34mcolcon.colcon_core.environment[0m [1;30mLevel 1[0m checking '/home/libok/um_file/install/robotiq_hardware_tests/bin'
[278.462s] [34mcolcon.colcon_core.environment[0m [1;30mLevel 1[0m checking '/home/libok/um_file/install/robotiq_hardware_tests/lib/pkgconfig/robotiq_hardware_tests.pc'
[278.462s] [34mcolcon.colcon_core.environment[0m [1;30mLevel 1[0m checking '/home/libok/um_file/install/robotiq_hardware_tests/lib/python3.10/site-packages'
[278.463s] [34mcolcon.colcon_core.environment[0m [1;30mLevel 1[0m checking '/home/libok/um_file/install/robotiq_hardware_tests/bin'
[278.464s] [34mcolcon.colcon_core.shell[0m [1;30mINFO[0m Creating package script '/home/libok/um_file/install/robotiq_hardware_tests/share/robotiq_hardware_tests/package.ps1'
[278.465s] [34mcolcon.colcon_core.shell[0m [1;30mINFO[0m Creating package descriptor '/home/libok/um_file/install/robotiq_hardware_tests/share/robotiq_hardware_tests/package.dsv'
[278.466s] [34mcolcon.colcon_core.shell[0m [1;30mINFO[0m Creating package script '/home/libok/um_file/install/robotiq_hardware_tests/share/robotiq_hardware_tests/package.sh'
[278.467s] [34mcolcon.colcon_core.shell[0m [1;30mINFO[0m Creating package script '/home/libok/um_file/install/robotiq_hardware_tests/share/robotiq_hardware_tests/package.bash'
[278.468s] [34mcolcon.colcon_core.shell[0m [1;30mINFO[0m Creating package script '/home/libok/um_file/install/robotiq_hardware_tests/share/robotiq_hardware_tests/package.zsh'
[278.468s] [34mcolcon.colcon_core.environment[0m [1;30mLevel 1[0m create_file_with_runtime_dependencies(/home/libok/um_file/install/robotiq_hardware_tests/share/colcon-core/packages/robotiq_hardware_tests)
[280.824s] [34mcolcon.colcon_core.event_handler.log_command[0m [1;30mDEBUG[0m [32mInvoked command in '/home/libok/um_file/build/joint_trajectory_controller' returned '0': CMAKE_PREFIX_PATH=${CMAKE_PREFIX_PATH}:/opt/ros/humble /usr/local/bin/cmake --build /home/libok/um_file/build/joint_trajectory_controller -- -j18 -l18[0m
[280.829s] [34mcolcon.colcon_core.event_handler.log_command[0m [1;30mDEBUG[0m [32mInvoking command in '/home/libok/um_file/build/joint_trajectory_controller': CMAKE_PREFIX_PATH=${CMAKE_PREFIX_PATH}:/opt/ros/humble /usr/local/bin/cmake --install /home/libok/um_file/build/joint_trajectory_controller[0m
[280.868s] [34mcolcon.colcon_core.environment[0m [1;30mLevel 1[0m create_environment_scripts_only(joint_trajectory_controller)
[280.869s] [34mcolcon.colcon_core.environment[0m [1;30mLevel 1[0m checking '/home/libok/um_file/install/joint_trajectory_controller' for CMake module files
[280.870s] [34mcolcon.colcon_core.event_handler.log_command[0m [1;30mDEBUG[0m [32mInvoked command in '/home/libok/um_file/build/joint_trajectory_controller' returned '0': CMAKE_PREFIX_PATH=${CMAKE_PREFIX_PATH}:/opt/ros/humble /usr/local/bin/cmake --install /home/libok/um_file/build/joint_trajectory_controller[0m
[280.871s] [34mcolcon.colcon_core.environment[0m [1;30mLevel 1[0m checking '/home/libok/um_file/install/joint_trajectory_controller' for CMake config files
[280.871s] [34mcolcon.colcon_core.shell[0m [1;30mLevel 1[0m create_environment_hook('joint_trajectory_controller', 'cmake_prefix_path')
[280.872s] [34mcolcon.colcon_core.shell[0m [1;30mINFO[0m Creating environment hook '/home/libok/um_file/install/joint_trajectory_controller/share/joint_trajectory_controller/hook/cmake_prefix_path.ps1'
[280.874s] [34mcolcon.colcon_core.shell[0m [1;30mINFO[0m Creating environment descriptor '/home/libok/um_file/install/joint_trajectory_controller/share/joint_trajectory_controller/hook/cmake_prefix_path.dsv'
[280.875s] [34mcolcon.colcon_core.shell[0m [1;30mINFO[0m Creating environment hook '/home/libok/um_file/install/joint_trajectory_controller/share/joint_trajectory_controller/hook/cmake_prefix_path.sh'
[280.876s] [34mcolcon.colcon_core.environment[0m [1;30mLevel 1[0m checking '/home/libok/um_file/install/joint_trajectory_controller/lib'
[280.876s] [34mcolcon.colcon_core.shell[0m [1;30mLevel 1[0m create_environment_hook('joint_trajectory_controller', 'ld_library_path_lib')
[280.877s] [34mcolcon.colcon_core.shell[0m [1;30mINFO[0m Creating environment hook '/home/libok/um_file/install/joint_trajectory_controller/share/joint_trajectory_controller/hook/ld_library_path_lib.ps1'
[280.878s] [34mcolcon.colcon_core.shell[0m [1;30mINFO[0m Creating environment descriptor '/home/libok/um_file/install/joint_trajectory_controller/share/joint_trajectory_controller/hook/ld_library_path_lib.dsv'
[280.879s] [34mcolcon.colcon_core.shell[0m [1;30mINFO[0m Creating environment hook '/home/libok/um_file/install/joint_trajectory_controller/share/joint_trajectory_controller/hook/ld_library_path_lib.sh'
[280.880s] [34mcolcon.colcon_core.environment[0m [1;30mLevel 1[0m checking '/home/libok/um_file/install/joint_trajectory_controller/bin'
[280.880s] [34mcolcon.colcon_core.environment[0m [1;30mLevel 1[0m checking '/home/libok/um_file/install/joint_trajectory_controller/lib/pkgconfig/joint_trajectory_controller.pc'
[280.881s] [34mcolcon.colcon_core.environment[0m [1;30mLevel 1[0m checking '/home/libok/um_file/install/joint_trajectory_controller/lib/python3.10/site-packages'
[280.882s] [34mcolcon.colcon_core.environment[0m [1;30mLevel 1[0m checking '/home/libok/um_file/install/joint_trajectory_controller/bin'
[280.883s] [34mcolcon.colcon_core.shell[0m [1;30mINFO[0m Creating package script '/home/libok/um_file/install/joint_trajectory_controller/share/joint_trajectory_controller/package.ps1'
[280.884s] [34mcolcon.colcon_core.shell[0m [1;30mINFO[0m Creating package descriptor '/home/libok/um_file/install/joint_trajectory_controller/share/joint_trajectory_controller/package.dsv'
[280.886s] [34mcolcon.colcon_core.shell[0m [1;30mINFO[0m Creating package script '/home/libok/um_file/install/joint_trajectory_controller/share/joint_trajectory_controller/package.sh'
[280.887s] [34mcolcon.colcon_core.shell[0m [1;30mINFO[0m Creating package script '/home/libok/um_file/install/joint_trajectory_controller/share/joint_trajectory_controller/package.bash'
[280.888s] [34mcolcon.colcon_core.shell[0m [1;30mINFO[0m Creating package script '/home/libok/um_file/install/joint_trajectory_controller/share/joint_trajectory_controller/package.zsh'
[280.888s] [34mcolcon.colcon_core.environment[0m [1;30mLevel 1[0m create_file_with_runtime_dependencies(/home/libok/um_file/install/joint_trajectory_controller/share/colcon-core/packages/joint_trajectory_controller)
[280.890s] [34mcolcon.colcon_core.environment[0m [1;30mLevel 1[0m create_environment_scripts_only(joint_trajectory_controller)
[280.890s] [34mcolcon.colcon_core.environment[0m [1;30mLevel 1[0m checking '/home/libok/um_file/install/joint_trajectory_controller' for CMake module files
[280.891s] [34mcolcon.colcon_core.environment[0m [1;30mLevel 1[0m checking '/home/libok/um_file/install/joint_trajectory_controller' for CMake config files
[280.891s] [34mcolcon.colcon_core.shell[0m [1;30mLevel 1[0m create_environment_hook('joint_trajectory_controller', 'cmake_prefix_path')
[280.891s] [34mcolcon.colcon_core.shell[0m [1;30mINFO[0m Creating environment hook '/home/libok/um_file/install/joint_trajectory_controller/share/joint_trajectory_controller/hook/cmake_prefix_path.ps1'
[280.892s] [34mcolcon.colcon_core.shell[0m [1;30mINFO[0m Creating environment descriptor '/home/libok/um_file/install/joint_trajectory_controller/share/joint_trajectory_controller/hook/cmake_prefix_path.dsv'
[280.893s] [34mcolcon.colcon_core.shell[0m [1;30mINFO[0m Creating environment hook '/home/libok/um_file/install/joint_trajectory_controller/share/joint_trajectory_controller/hook/cmake_prefix_path.sh'
[280.894s] [34mcolcon.colcon_core.environment[0m [1;30mLevel 1[0m checking '/home/libok/um_file/install/joint_trajectory_controller/lib'
[280.894s] [34mcolcon.colcon_core.shell[0m [1;30mLevel 1[0m create_environment_hook('joint_trajectory_controller', 'ld_library_path_lib')
[280.894s] [34mcolcon.colcon_core.shell[0m [1;30mINFO[0m Creating environment hook '/home/libok/um_file/install/joint_trajectory_controller/share/joint_trajectory_controller/hook/ld_library_path_lib.ps1'
[280.895s] [34mcolcon.colcon_core.shell[0m [1;30mINFO[0m Creating environment descriptor '/home/libok/um_file/install/joint_trajectory_controller/share/joint_trajectory_controller/hook/ld_library_path_lib.dsv'
[280.896s] [34mcolcon.colcon_core.shell[0m [1;30mINFO[0m Creating environment hook '/home/libok/um_file/install/joint_trajectory_controller/share/joint_trajectory_controller/hook/ld_library_path_lib.sh'
[280.896s] [34mcolcon.colcon_core.environment[0m [1;30mLevel 1[0m checking '/home/libok/um_file/install/joint_trajectory_controller/bin'
[280.897s] [34mcolcon.colcon_core.environment[0m [1;30mLevel 1[0m checking '/home/libok/um_file/install/joint_trajectory_controller/lib/pkgconfig/joint_trajectory_controller.pc'
[280.898s] [34mcolcon.colcon_core.environment[0m [1;30mLevel 1[0m checking '/home/libok/um_file/install/joint_trajectory_controller/lib/python3.10/site-packages'
[280.899s] [34mcolcon.colcon_core.environment[0m [1;30mLevel 1[0m checking '/home/libok/um_file/install/joint_trajectory_controller/bin'
[280.900s] [34mcolcon.colcon_core.shell[0m [1;30mINFO[0m Creating package script '/home/libok/um_file/install/joint_trajectory_controller/share/joint_trajectory_controller/package.ps1'
[280.902s] [34mcolcon.colcon_core.shell[0m [1;30mINFO[0m Creating package descriptor '/home/libok/um_file/install/joint_trajectory_controller/share/joint_trajectory_controller/package.dsv'
[280.904s] [34mcolcon.colcon_core.shell[0m [1;30mINFO[0m Creating package script '/home/libok/um_file/install/joint_trajectory_controller/share/joint_trajectory_controller/package.sh'
[280.905s] [34mcolcon.colcon_core.shell[0m [1;30mINFO[0m Creating package script '/home/libok/um_file/install/joint_trajectory_controller/share/joint_trajectory_controller/package.bash'
[280.907s] [34mcolcon.colcon_core.shell[0m [1;30mINFO[0m Creating package script '/home/libok/um_file/install/joint_trajectory_controller/share/joint_trajectory_controller/package.zsh'
[280.908s] [34mcolcon.colcon_core.environment[0m [1;30mLevel 1[0m create_file_with_runtime_dependencies(/home/libok/um_file/install/joint_trajectory_controller/share/colcon-core/packages/joint_trajectory_controller)
[280.909s] [34mcolcon.colcon_ros.task.ament_cmake.build[0m [1;30mINFO[0m Building ROS package in '/home/libok/um_file/Universal_Robots_ROS2_Driver/ur_controllers' with build type 'ament_cmake'
[280.910s] [34mcolcon.colcon_cmake.task.cmake.build[0m [1;30mINFO[0m Building CMake package in '/home/libok/um_file/Universal_Robots_ROS2_Driver/ur_controllers'
[280.911s] [34mcolcon.colcon_core.shell[0m [1;30mINFO[0m Skip shell extension 'powershell' for command environment: Not usable outside of PowerShell
[280.911s] [34mcolcon.colcon_core.shell[0m [1;30mDEBUG[0m [32mSkip shell extension 'dsv' for command environment[0m
[280.961s] [34mcolcon.colcon_core.event_handler.log_command[0m [1;30mDEBUG[0m [32mInvoking command in '/home/libok/um_file/build/ur_controllers': CMAKE_PREFIX_PATH=/home/libok/um_file/install/ur_msgs:/home/libok/um_file/install/ur_dashboard_msgs:/home/libok/um_file/install/joint_trajectory_controller:/home/libok/um_file/install/ur:/home/libok/um_file/install/ur_calibration:/home/libok/um_file/install/ur_robot_driver:/home/libok/um_file/install/ur_bringup:/home/libok/um_file/install/robotiq_description:/home/libok/um_file/install/ros2_controllers:/home/libok/um_file/install/velocity_controllers:/home/libok/um_file/install/ur_controllers:/home/libok/um_file/install/ur_moveit_config:/home/libok/um_file/install/tricycle_steering_controller:/home/libok/um_file/install/tricycle_controller:/home/libok/um_file/install/bicycle_steering_controller:/home/libok/um_file/install/ackermann_steering_controller:/home/libok/um_file/install/steering_controllers_library:/home/libok/um_file/install/robotiq_hardware_tests:/home/libok/um_file/install/robotiq_driver:/home/libok/um_file/install/serial:/home/libok/um_file/install/ros2srrc_robots:/home/libok/um_file/install/ros2srrc_moveit:/home/libok/um_file/install/ros2srrc_launch:/home/libok/um_file/install/ros2srrc_gazebo:/home/libok/um_file/install/ros2srrc_endeffectors:/home/libok/um_file/install/ros2srrc_data:/home/libok/um_file/install/robotiq_controllers:/home/libok/um_file/install/range_sensor_broadcaster:/home/libok/um_file/install/position_controllers:/home/libok/um_file/install/pose_broadcaster:/home/libok/um_file/install/pid_controller:/home/libok/um_file/install/mecanum_drive_controller:/home/libok/um_file/install/joint_state_broadcaster:/home/libok/um_file/install/imu_sensor_broadcaster:/home/libok/um_file/install/gripper_controllers:/home/libok/um_file/install/gpio_controllers:/home/libok/um_file/install/effort_controllers:/home/libok/um_file/install/forward_command_controller:/home/libok/um_file/install/force_torque_sensor_broadcaster:/home/libok/um_file/install/diff_drive_controller:/home/libok/um_file/install/admittance_controller:/opt/ros/humble LD_LIBRARY_PATH=/home/libok/um_file/install/ur_msgs/lib:/home/libok/um_file/install/ur_dashboard_msgs/lib:/home/libok/um_file/install/joint_trajectory_controller/lib:/home/libok/um_file/install/ur_robot_driver/lib:/home/libok/um_file/install/velocity_controllers/lib:/home/libok/um_file/install/ur_controllers/lib:/home/libok/um_file/install/tricycle_steering_controller/lib:/home/libok/um_file/install/tricycle_controller/lib:/home/libok/um_file/install/bicycle_steering_controller/lib:/home/libok/um_file/install/ackermann_steering_controller/lib:/home/libok/um_file/install/steering_controllers_library/lib:/home/libok/um_file/install/robotiq_driver/lib:/home/libok/um_file/install/serial/lib:/home/libok/um_file/install/ros2srrc_data/lib:/home/libok/um_file/install/robotiq_controllers/lib:/home/libok/um_file/install/range_sensor_broadcaster/lib:/home/libok/um_file/install/position_controllers/lib:/home/libok/um_file/install/pose_broadcaster/lib:/home/libok/um_file/install/pid_controller/lib:/home/libok/um_file/install/mecanum_drive_controller/lib:/home/libok/um_file/install/joint_state_broadcaster/lib:/home/libok/um_file/install/imu_sensor_broadcaster/lib:/home/libok/um_file/install/gripper_controllers/lib:/home/libok/um_file/install/gpio_controllers/lib:/home/libok/um_file/install/effort_controllers/lib:/home/libok/um_file/install/forward_command_controller/lib:/home/libok/um_file/install/force_torque_sensor_broadcaster/lib:/home/libok/um_file/install/diff_drive_controller/lib:/home/libok/um_file/install/admittance_controller/lib:/usr/lib/x86_64-linux-gnu/gazebo-11/plugins:/opt/ros/humble/opt/rviz_ogre_vendor/lib:/opt/ros/humble/lib/x86_64-linux-gnu:/opt/ros/humble/lib:/home/libok/.mujoco/mujoco210/bin:/usr/lib/nvidia:/home/libok/.mujoco/mujoco210/bin:/usr/lib/nvidia /usr/local/bin/cmake /home/libok/um_file/Universal_Robots_ROS2_Driver/ur_controllers -DCMAKE_INSTALL_PREFIX=/home/libok/um_file/install/ur_controllers[0m
[282.779s] [34mcolcon.colcon_core.event_handler.log_command[0m [1;30mDEBUG[0m [32mInvoked command in '/home/libok/um_file/build/ros2srrc_execution' returned '1': CMAKE_PREFIX_PATH=/home/libok/um_file/install/ros2srrc_data:/home/libok/um_file/install/ur:/home/libok/um_file/install/ur_calibration:/home/libok/um_file/install/ur_robot_driver:/home/libok/um_file/install/ur_bringup:/home/libok/um_file/install/robotiq_description:/home/libok/um_file/install/ros2_controllers:/home/libok/um_file/install/velocity_controllers:/home/libok/um_file/install/ur_controllers:/home/libok/um_file/install/ur_msgs:/home/libok/um_file/install/ur_moveit_config:/home/libok/um_file/install/ur_dashboard_msgs:/home/libok/um_file/install/tricycle_steering_controller:/home/libok/um_file/install/tricycle_controller:/home/libok/um_file/install/bicycle_steering_controller:/home/libok/um_file/install/ackermann_steering_controller:/home/libok/um_file/install/steering_controllers_library:/home/libok/um_file/install/robotiq_hardware_tests:/home/libok/um_file/install/robotiq_driver:/home/libok/um_file/install/serial:/home/libok/um_file/install/ros2srrc_robots:/home/libok/um_file/install/ros2srrc_moveit:/home/libok/um_file/install/ros2srrc_launch:/home/libok/um_file/install/ros2srrc_gazebo:/home/libok/um_file/install/ros2srrc_endeffectors:/home/libok/um_file/install/robotiq_controllers:/home/libok/um_file/install/range_sensor_broadcaster:/home/libok/um_file/install/position_controllers:/home/libok/um_file/install/pose_broadcaster:/home/libok/um_file/install/pid_controller:/home/libok/um_file/install/mecanum_drive_controller:/home/libok/um_file/install/joint_trajectory_controller:/home/libok/um_file/install/joint_state_broadcaster:/home/libok/um_file/install/imu_sensor_broadcaster:/home/libok/um_file/install/gripper_controllers:/home/libok/um_file/install/gpio_controllers:/home/libok/um_file/install/effort_controllers:/home/libok/um_file/install/forward_command_controller:/home/libok/um_file/install/force_torque_sensor_broadcaster:/home/libok/um_file/install/diff_drive_controller:/home/libok/um_file/install/admittance_controller:/opt/ros/humble LD_LIBRARY_PATH=/home/libok/um_file/install/ros2srrc_data/lib:/home/libok/um_file/install/ur_robot_driver/lib:/home/libok/um_file/install/velocity_controllers/lib:/home/libok/um_file/install/ur_controllers/lib:/home/libok/um_file/install/ur_msgs/lib:/home/libok/um_file/install/ur_dashboard_msgs/lib:/home/libok/um_file/install/tricycle_steering_controller/lib:/home/libok/um_file/install/tricycle_controller/lib:/home/libok/um_file/install/bicycle_steering_controller/lib:/home/libok/um_file/install/ackermann_steering_controller/lib:/home/libok/um_file/install/steering_controllers_library/lib:/home/libok/um_file/install/robotiq_driver/lib:/home/libok/um_file/install/serial/lib:/home/libok/um_file/install/robotiq_controllers/lib:/home/libok/um_file/install/range_sensor_broadcaster/lib:/home/libok/um_file/install/position_controllers/lib:/home/libok/um_file/install/pose_broadcaster/lib:/home/libok/um_file/install/pid_controller/lib:/home/libok/um_file/install/mecanum_drive_controller/lib:/home/libok/um_file/install/joint_trajectory_controller/lib:/home/libok/um_file/install/joint_state_broadcaster/lib:/home/libok/um_file/install/imu_sensor_broadcaster/lib:/home/libok/um_file/install/gripper_controllers/lib:/home/libok/um_file/install/gpio_controllers/lib:/home/libok/um_file/install/effort_controllers/lib:/home/libok/um_file/install/forward_command_controller/lib:/home/libok/um_file/install/force_torque_sensor_broadcaster/lib:/home/libok/um_file/install/diff_drive_controller/lib:/home/libok/um_file/install/admittance_controller/lib:/usr/lib/x86_64-linux-gnu/gazebo-11/plugins:/opt/ros/humble/opt/rviz_ogre_vendor/lib:/opt/ros/humble/lib/x86_64-linux-gnu:/opt/ros/humble/lib:/home/libok/.mujoco/mujoco210/bin:/usr/lib/nvidia:/home/libok/.mujoco/mujoco210/bin:/usr/lib/nvidia /usr/local/bin/cmake /home/libok/um_file/ros2srrc_execution -DCMAKE_INSTALL_PREFIX=/home/libok/um_file/install/ros2srrc_execution[0m
[282.800s] [34mcolcon.colcon_core.environment[0m [1;30mLevel 1[0m create_environment_scripts_only(ros2srrc_execution)
[282.801s] [34mcolcon.colcon_core.environment[0m [1;30mLevel 1[0m checking '/home/libok/um_file/install/ros2srrc_execution' for CMake module files
[282.802s] [34mcolcon.colcon_core.environment[0m [1;30mLevel 1[0m checking '/home/libok/um_file/install/ros2srrc_execution' for CMake config files
[282.802s] [34mcolcon.colcon_core.environment[0m [1;30mLevel 1[0m checking '/home/libok/um_file/install/ros2srrc_execution/bin'
[282.803s] [34mcolcon.colcon_core.environment[0m [1;30mLevel 1[0m checking '/home/libok/um_file/install/ros2srrc_execution/lib/pkgconfig/ros2srrc_execution.pc'
[282.803s] [34mcolcon.colcon_core.environment[0m [1;30mLevel 1[0m checking '/home/libok/um_file/install/ros2srrc_execution/lib/python3.10/site-packages'
[282.804s] [34mcolcon.colcon_core.environment[0m [1;30mLevel 1[0m checking '/home/libok/um_file/install/ros2srrc_execution/bin'
[282.805s] [34mcolcon.colcon_core.shell[0m [1;30mINFO[0m Creating package script '/home/libok/um_file/install/ros2srrc_execution/share/ros2srrc_execution/package.ps1'
[282.806s] [34mcolcon.colcon_core.shell[0m [1;30mINFO[0m Creating package descriptor '/home/libok/um_file/install/ros2srrc_execution/share/ros2srrc_execution/package.dsv'
[282.807s] [34mcolcon.colcon_core.shell[0m [1;30mINFO[0m Creating package script '/home/libok/um_file/install/ros2srrc_execution/share/ros2srrc_execution/package.sh'
[282.808s] [34mcolcon.colcon_core.shell[0m [1;30mINFO[0m Creating package script '/home/libok/um_file/install/ros2srrc_execution/share/ros2srrc_execution/package.bash'
[282.809s] [34mcolcon.colcon_core.shell[0m [1;30mINFO[0m Creating package script '/home/libok/um_file/install/ros2srrc_execution/share/ros2srrc_execution/package.zsh'
[282.810s] [34mcolcon.colcon_core.environment[0m [1;30mLevel 1[0m create_file_with_runtime_dependencies(/home/libok/um_file/install/ros2srrc_execution/share/colcon-core/packages/ros2srrc_execution)
[284.789s] [34mcolcon.colcon_parallel_executor.executor.parallel[0m [1;30mDEBUG[0m [32mclosing loop[0m
[284.789s] [34mcolcon.colcon_parallel_executor.executor.parallel[0m [1;30mDEBUG[0m [32mloop closed[0m
[284.789s] [34mcolcon.colcon_parallel_executor.executor.parallel[0m [1;30mDEBUG[0m [32mrun_until_complete finished with '1'[0m
[284.790s] [34mcolcon.colcon_core.event_reactor[0m [1;30mDEBUG[0m [32mjoining thread[0m
[284.808s] [34mcolcon.colcon_core.plugin_system[0m [1;30mINFO[0m Skipping extension 'colcon_notification.desktop_notification.terminal_notifier': Not used on non-Darwin systems
[284.809s] [34mcolcon.colcon_core.plugin_system[0m [1;30mINFO[0m Skipping extension 'colcon_notification.desktop_notification.win32': Not used on non-Windows systems
[284.809s] [34mcolcon.colcon_notification.desktop_notification[0m [1;30mINFO[0m Sending desktop notification using 'notify2'
[284.848s] [34mcolcon.colcon_core.event_reactor[0m [1;30mDEBUG[0m [32mjoined thread[0m
[284.849s] [34mcolcon.colcon_core.shell[0m [1;30mINFO[0m Creating prefix script '/home/libok/um_file/install/local_setup.ps1'
[284.854s] [34mcolcon.colcon_core.shell[0m [1;30mINFO[0m Creating prefix util module '/home/libok/um_file/install/_local_setup_util_ps1.py'
[284.860s] [34mcolcon.colcon_core.shell[0m [1;30mINFO[0m Creating prefix chain script '/home/libok/um_file/install/setup.ps1'
[284.869s] [34mcolcon.colcon_core.shell[0m [1;30mINFO[0m Creating prefix script '/home/libok/um_file/install/local_setup.sh'
[284.871s] [34mcolcon.colcon_core.shell[0m [1;30mINFO[0m Creating prefix util module '/home/libok/um_file/install/_local_setup_util_sh.py'
[284.874s] [34mcolcon.colcon_core.shell[0m [1;30mINFO[0m Creating prefix chain script '/home/libok/um_file/install/setup.sh'
[284.881s] [34mcolcon.colcon_core.shell[0m [1;30mINFO[0m Creating prefix script '/home/libok/um_file/install/local_setup.bash'
[284.883s] [34mcolcon.colcon_core.shell[0m [1;30mINFO[0m Creating prefix chain script '/home/libok/um_file/install/setup.bash'
[284.890s] [34mcolcon.colcon_core.shell[0m [1;30mINFO[0m Creating prefix script '/home/libok/um_file/install/local_setup.zsh'
[284.892s] [34mcolcon.colcon_core.shell[0m [1;30mINFO[0m Creating prefix chain script '/home/libok/um_file/install/setup.zsh'
