[0.834s] [34mcolcon[0m [1;30mDEBUG[0m [32mCommand line arguments: ['/usr/bin/colcon', 'build', '--packages-select', 'ros2srrc_launch'][0m
[0.835s] [34mcolcon[0m [1;30mDEBUG[0m [32mParsed command line arguments: Namespace(log_base=None, log_level=None, verb_name='build', build_base='build', install_base='install', merge_install=False, symlink_install=False, test_result_base=None, continue_on_error=False, executor='parallel', parallel_workers=18, event_handlers=None, ignore_user_meta=False, metas=['./colcon.meta'], base_paths=['.'], packages_ignore=None, packages_ignore_regex=None, paths=None, packages_up_to=None, packages_up_to_regex=None, packages_above=None, packages_above_and_dependencies=None, packages_above_depth=None, packages_select_by_dep=None, packages_skip_by_dep=None, packages_skip_up_to=None, packages_select_build_failed=False, packages_skip_build_finished=False, packages_select_test_failures=False, packages_skip_test_passed=False, packages_select=['ros2srrc_launch'], packages_skip=None, packages_select_regex=None, packages_skip_regex=None, packages_start=None, packages_end=None, allow_overriding=[], cmake_args=None, cmake_target=None, cmake_target_skip_unavailable=False, cmake_clean_cache=False, cmake_clean_first=False, cmake_force_configure=False, ament_cmake_args=None, catkin_cmake_args=None, catkin_skip_building_tests=False, mixin_files=None, mixin=None, verb_parser=<colcon_mixin.mixin.mixin_argument.MixinArgumentDecorator object at 0x78813c552710>, verb_extension=<colcon_core.verb.build.BuildVerb object at 0x78813c69fd90>, main=<bound method BuildVerb.main of <colcon_core.verb.build.BuildVerb object at 0x78813c69fd90>>, mixin_verb=('build',))[0m
[0.999s] [34mcolcon.colcon_core.package_discovery[0m [1;30mLevel 1[0m discover_packages(colcon_meta) check parameters
[1.000s] [34mcolcon.colcon_core.package_discovery[0m [1;30mLevel 1[0m discover_packages(recursive) check parameters
[1.000s] [34mcolcon.colcon_core.package_discovery[0m [1;30mLevel 1[0m discover_packages(ignore) check parameters
[1.000s] [34mcolcon.colcon_core.package_discovery[0m [1;30mLevel 1[0m discover_packages(path) check parameters
[1.000s] [34mcolcon.colcon_core.package_discovery[0m [1;30mLevel 1[0m discover_packages(colcon_meta) discover
[1.000s] [34mcolcon.colcon_core.package_discovery[0m [1;30mLevel 1[0m discover_packages(recursive) discover
[1.001s] [34mcolcon.colcon_core.package_discovery[0m [1;30mINFO[0m Crawling recursively for packages in '/home/libok/um_file'
[1.001s] [34mcolcon.colcon_core.package_identification[0m [1;30mLevel 1[0m _identify(.) by extensions ['ignore', 'ignore_ament_install']
[1.001s] [34mcolcon.colcon_core.package_identification[0m [1;30mLevel 1[0m _identify(.) by extension 'ignore'
[1.001s] [34mcolcon.colcon_core.package_identification[0m [1;30mLevel 1[0m _identify(.) by extension 'ignore_ament_install'
[1.002s] [34mcolcon.colcon_core.package_identification[0m [1;30mLevel 1[0m _identify(.) by extensions ['colcon_pkg']
[1.002s] [34mcolcon.colcon_core.package_identification[0m [1;30mLevel 1[0m _identify(.) by extension 'colcon_pkg'
[1.002s] [34mcolcon.colcon_core.package_identification[0m [1;30mLevel 1[0m _identify(.) by extensions ['colcon_meta']
[1.002s] [34mcolcon.colcon_core.package_identification[0m [1;30mLevel 1[0m _identify(.) by extension 'colcon_meta'
[1.002s] [34mcolcon.colcon_core.package_identification[0m [1;30mLevel 1[0m _identify(.) by extensions ['ros']
[1.002s] [34mcolcon.colcon_core.package_identification[0m [1;30mLevel 1[0m _identify(.) by extension 'ros'
[1.110s] [34mcolcon.colcon_core.package_identification[0m [1;30mLevel 1[0m _identify(.) by extensions ['cmake', 'python']
[1.111s] [34mcolcon.colcon_core.package_identification[0m [1;30mLevel 1[0m _identify(.) by extension 'cmake'
[1.111s] [34mcolcon.colcon_core.package_identification[0m [1;30mLevel 1[0m _identify(.) by extension 'python'
[1.111s] [34mcolcon.colcon_core.package_identification[0m [1;30mLevel 1[0m _identify(.) by extensions ['python_setup_py']
[1.111s] [34mcolcon.colcon_core.package_identification[0m [1;30mLevel 1[0m _identify(.) by extension 'python_setup_py'
[1.112s] [34mcolcon.colcon_core.package_identification[0m [1;30mLevel 1[0m _identify(Universal_Robots_ROS2_Driver) by extensions ['ignore', 'ignore_ament_install']
[1.112s] [34mcolcon.colcon_core.package_identification[0m [1;30mLevel 1[0m _identify(Universal_Robots_ROS2_Driver) by extension 'ignore'
[1.112s] [34mcolcon.colcon_core.package_identification[0m [1;30mLevel 1[0m _identify(Universal_Robots_ROS2_Driver) by extension 'ignore_ament_install'
[1.112s] [34mcolcon.colcon_core.package_identification[0m [1;30mLevel 1[0m _identify(Universal_Robots_ROS2_Driver) by extensions ['colcon_pkg']
[1.112s] [34mcolcon.colcon_core.package_identification[0m [1;30mLevel 1[0m _identify(Universal_Robots_ROS2_Driver) by extension 'colcon_pkg'
[1.113s] [34mcolcon.colcon_core.package_identification[0m [1;30mLevel 1[0m _identify(Universal_Robots_ROS2_Driver) by extensions ['colcon_meta']
[1.113s] [34mcolcon.colcon_core.package_identification[0m [1;30mLevel 1[0m _identify(Universal_Robots_ROS2_Driver) by extension 'colcon_meta'
[1.113s] [34mcolcon.colcon_core.package_identification[0m [1;30mLevel 1[0m _identify(Universal_Robots_ROS2_Driver) by extensions ['ros']
[1.113s] [34mcolcon.colcon_core.package_identification[0m [1;30mLevel 1[0m _identify(Universal_Robots_ROS2_Driver) by extension 'ros'
[1.113s] [34mcolcon.colcon_core.package_identification[0m [1;30mLevel 1[0m _identify(Universal_Robots_ROS2_Driver) by extensions ['cmake', 'python']
[1.113s] [34mcolcon.colcon_core.package_identification[0m [1;30mLevel 1[0m _identify(Universal_Robots_ROS2_Driver) by extension 'cmake'
[1.113s] [34mcolcon.colcon_core.package_identification[0m [1;30mLevel 1[0m _identify(Universal_Robots_ROS2_Driver) by extension 'python'
[1.114s] [34mcolcon.colcon_core.package_identification[0m [1;30mLevel 1[0m _identify(Universal_Robots_ROS2_Driver) by extensions ['python_setup_py']
[1.114s] [34mcolcon.colcon_core.package_identification[0m [1;30mLevel 1[0m _identify(Universal_Robots_ROS2_Driver) by extension 'python_setup_py'
[1.114s] [34mcolcon.colcon_core.package_identification[0m [1;30mLevel 1[0m _identify(Universal_Robots_ROS2_Driver/ur) by extensions ['ignore', 'ignore_ament_install']
[1.114s] [34mcolcon.colcon_core.package_identification[0m [1;30mLevel 1[0m _identify(Universal_Robots_ROS2_Driver/ur) by extension 'ignore'
[1.114s] [34mcolcon.colcon_core.package_identification[0m [1;30mLevel 1[0m _identify(Universal_Robots_ROS2_Driver/ur) by extension 'ignore_ament_install'
[1.115s] [34mcolcon.colcon_core.package_identification[0m [1;30mLevel 1[0m _identify(Universal_Robots_ROS2_Driver/ur) by extensions ['colcon_pkg']
[1.115s] [34mcolcon.colcon_core.package_identification[0m [1;30mLevel 1[0m _identify(Universal_Robots_ROS2_Driver/ur) by extension 'colcon_pkg'
[1.115s] [34mcolcon.colcon_core.package_identification[0m [1;30mLevel 1[0m _identify(Universal_Robots_ROS2_Driver/ur) by extensions ['colcon_meta']
[1.115s] [34mcolcon.colcon_core.package_identification[0m [1;30mLevel 1[0m _identify(Universal_Robots_ROS2_Driver/ur) by extension 'colcon_meta'
[1.115s] [34mcolcon.colcon_core.package_identification[0m [1;30mLevel 1[0m _identify(Universal_Robots_ROS2_Driver/ur) by extensions ['ros']
[1.115s] [34mcolcon.colcon_core.package_identification[0m [1;30mLevel 1[0m _identify(Universal_Robots_ROS2_Driver/ur) by extension 'ros'
[1.125s] [34mcolcon.colcon_core.package_identification[0m [1;30mDEBUG[0m [32mPackage 'Universal_Robots_ROS2_Driver/ur' with type 'ros.ament_cmake' and name 'ur'[0m
[1.126s] [34mcolcon.colcon_core.package_identification[0m [1;30mLevel 1[0m _identify(Universal_Robots_ROS2_Driver/ur_bringup) by extensions ['ignore', 'ignore_ament_install']
[1.126s] [34mcolcon.colcon_core.package_identification[0m [1;30mLevel 1[0m _identify(Universal_Robots_ROS2_Driver/ur_bringup) by extension 'ignore'
[1.126s] [34mcolcon.colcon_core.package_identification[0m [1;30mLevel 1[0m _identify(Universal_Robots_ROS2_Driver/ur_bringup) by extension 'ignore_ament_install'
[1.127s] [34mcolcon.colcon_core.package_identification[0m [1;30mLevel 1[0m _identify(Universal_Robots_ROS2_Driver/ur_bringup) by extensions ['colcon_pkg']
[1.127s] [34mcolcon.colcon_core.package_identification[0m [1;30mLevel 1[0m _identify(Universal_Robots_ROS2_Driver/ur_bringup) by extension 'colcon_pkg'
[1.127s] [34mcolcon.colcon_core.package_identification[0m [1;30mLevel 1[0m _identify(Universal_Robots_ROS2_Driver/ur_bringup) by extensions ['colcon_meta']
[1.127s] [34mcolcon.colcon_core.package_identification[0m [1;30mLevel 1[0m _identify(Universal_Robots_ROS2_Driver/ur_bringup) by extension 'colcon_meta'
[1.128s] [34mcolcon.colcon_core.package_identification[0m [1;30mLevel 1[0m _identify(Universal_Robots_ROS2_Driver/ur_bringup) by extensions ['ros']
[1.128s] [34mcolcon.colcon_core.package_identification[0m [1;30mLevel 1[0m _identify(Universal_Robots_ROS2_Driver/ur_bringup) by extension 'ros'
[1.132s] [34mcolcon.colcon_core.package_identification[0m [1;30mDEBUG[0m [32mPackage 'Universal_Robots_ROS2_Driver/ur_bringup' with type 'ros.ament_cmake' and name 'ur_bringup'[0m
[1.132s] [34mcolcon.colcon_core.package_identification[0m [1;30mLevel 1[0m _identify(Universal_Robots_ROS2_Driver/ur_calibration) by extensions ['ignore', 'ignore_ament_install']
[1.133s] [34mcolcon.colcon_core.package_identification[0m [1;30mLevel 1[0m _identify(Universal_Robots_ROS2_Driver/ur_calibration) by extension 'ignore'
[1.133s] [34mcolcon.colcon_core.package_identification[0m [1;30mLevel 1[0m _identify(Universal_Robots_ROS2_Driver/ur_calibration) by extension 'ignore_ament_install'
[1.133s] [34mcolcon.colcon_core.package_identification[0m [1;30mLevel 1[0m _identify(Universal_Robots_ROS2_Driver/ur_calibration) by extensions ['colcon_pkg']
[1.133s] [34mcolcon.colcon_core.package_identification[0m [1;30mLevel 1[0m _identify(Universal_Robots_ROS2_Driver/ur_calibration) by extension 'colcon_pkg'
[1.133s] [34mcolcon.colcon_core.package_identification[0m [1;30mLevel 1[0m _identify(Universal_Robots_ROS2_Driver/ur_calibration) by extensions ['colcon_meta']
[1.134s] [34mcolcon.colcon_core.package_identification[0m [1;30mLevel 1[0m _identify(Universal_Robots_ROS2_Driver/ur_calibration) by extension 'colcon_meta'
[1.134s] [34mcolcon.colcon_core.package_identification[0m [1;30mLevel 1[0m _identify(Universal_Robots_ROS2_Driver/ur_calibration) by extensions ['ros']
[1.134s] [34mcolcon.colcon_core.package_identification[0m [1;30mLevel 1[0m _identify(Universal_Robots_ROS2_Driver/ur_calibration) by extension 'ros'
[1.137s] [34mcolcon.colcon_core.package_identification[0m [1;30mDEBUG[0m [32mPackage 'Universal_Robots_ROS2_Driver/ur_calibration' with type 'ros.ament_cmake' and name 'ur_calibration'[0m
[1.138s] [34mcolcon.colcon_core.package_identification[0m [1;30mLevel 1[0m _identify(Universal_Robots_ROS2_Driver/ur_controllers) by extensions ['ignore', 'ignore_ament_install']
[1.138s] [34mcolcon.colcon_core.package_identification[0m [1;30mLevel 1[0m _identify(Universal_Robots_ROS2_Driver/ur_controllers) by extension 'ignore'
[1.138s] [34mcolcon.colcon_core.package_identification[0m [1;30mLevel 1[0m _identify(Universal_Robots_ROS2_Driver/ur_controllers) by extension 'ignore_ament_install'
[1.139s] [34mcolcon.colcon_core.package_identification[0m [1;30mLevel 1[0m _identify(Universal_Robots_ROS2_Driver/ur_controllers) by extensions ['colcon_pkg']
[1.139s] [34mcolcon.colcon_core.package_identification[0m [1;30mLevel 1[0m _identify(Universal_Robots_ROS2_Driver/ur_controllers) by extension 'colcon_pkg'
[1.139s] [34mcolcon.colcon_core.package_identification[0m [1;30mLevel 1[0m _identify(Universal_Robots_ROS2_Driver/ur_controllers) by extensions ['colcon_meta']
[1.139s] [34mcolcon.colcon_core.package_identification[0m [1;30mLevel 1[0m _identify(Universal_Robots_ROS2_Driver/ur_controllers) by extension 'colcon_meta'
[1.139s] [34mcolcon.colcon_core.package_identification[0m [1;30mLevel 1[0m _identify(Universal_Robots_ROS2_Driver/ur_controllers) by extensions ['ros']
[1.139s] [34mcolcon.colcon_core.package_identification[0m [1;30mLevel 1[0m _identify(Universal_Robots_ROS2_Driver/ur_controllers) by extension 'ros'
[1.147s] [34mcolcon.colcon_core.package_identification[0m [1;30mDEBUG[0m [32mPackage 'Universal_Robots_ROS2_Driver/ur_controllers' with type 'ros.ament_cmake' and name 'ur_controllers'[0m
[1.148s] [34mcolcon.colcon_core.package_identification[0m [1;30mLevel 1[0m _identify(Universal_Robots_ROS2_Driver/ur_dashboard_msgs) by extensions ['ignore', 'ignore_ament_install']
[1.148s] [34mcolcon.colcon_core.package_identification[0m [1;30mLevel 1[0m _identify(Universal_Robots_ROS2_Driver/ur_dashboard_msgs) by extension 'ignore'
[1.148s] [34mcolcon.colcon_core.package_identification[0m [1;30mLevel 1[0m _identify(Universal_Robots_ROS2_Driver/ur_dashboard_msgs) by extension 'ignore_ament_install'
[1.148s] [34mcolcon.colcon_core.package_identification[0m [1;30mLevel 1[0m _identify(Universal_Robots_ROS2_Driver/ur_dashboard_msgs) by extensions ['colcon_pkg']
[1.148s] [34mcolcon.colcon_core.package_identification[0m [1;30mLevel 1[0m _identify(Universal_Robots_ROS2_Driver/ur_dashboard_msgs) by extension 'colcon_pkg'
[1.149s] [34mcolcon.colcon_core.package_identification[0m [1;30mLevel 1[0m _identify(Universal_Robots_ROS2_Driver/ur_dashboard_msgs) by extensions ['colcon_meta']
[1.149s] [34mcolcon.colcon_core.package_identification[0m [1;30mLevel 1[0m _identify(Universal_Robots_ROS2_Driver/ur_dashboard_msgs) by extension 'colcon_meta'
[1.149s] [34mcolcon.colcon_core.package_identification[0m [1;30mLevel 1[0m _identify(Universal_Robots_ROS2_Driver/ur_dashboard_msgs) by extensions ['ros']
[1.149s] [34mcolcon.colcon_core.package_identification[0m [1;30mLevel 1[0m _identify(Universal_Robots_ROS2_Driver/ur_dashboard_msgs) by extension 'ros'
[1.152s] [34mcolcon.colcon_core.package_identification[0m [1;30mDEBUG[0m [32mPackage 'Universal_Robots_ROS2_Driver/ur_dashboard_msgs' with type 'ros.ament_cmake' and name 'ur_dashboard_msgs'[0m
[1.152s] [34mcolcon.colcon_core.package_identification[0m [1;30mLevel 1[0m _identify(Universal_Robots_ROS2_Driver/ur_moveit_config) by extensions ['ignore', 'ignore_ament_install']
[1.152s] [34mcolcon.colcon_core.package_identification[0m [1;30mLevel 1[0m _identify(Universal_Robots_ROS2_Driver/ur_moveit_config) by extension 'ignore'
[1.153s] [34mcolcon.colcon_core.package_identification[0m [1;30mLevel 1[0m _identify(Universal_Robots_ROS2_Driver/ur_moveit_config) by extension 'ignore_ament_install'
[1.153s] [34mcolcon.colcon_core.package_identification[0m [1;30mLevel 1[0m _identify(Universal_Robots_ROS2_Driver/ur_moveit_config) by extensions ['colcon_pkg']
[1.153s] [34mcolcon.colcon_core.package_identification[0m [1;30mLevel 1[0m _identify(Universal_Robots_ROS2_Driver/ur_moveit_config) by extension 'colcon_pkg'
[1.153s] [34mcolcon.colcon_core.package_identification[0m [1;30mLevel 1[0m _identify(Universal_Robots_ROS2_Driver/ur_moveit_config) by extensions ['colcon_meta']
[1.153s] [34mcolcon.colcon_core.package_identification[0m [1;30mLevel 1[0m _identify(Universal_Robots_ROS2_Driver/ur_moveit_config) by extension 'colcon_meta'
[1.153s] [34mcolcon.colcon_core.package_identification[0m [1;30mLevel 1[0m _identify(Universal_Robots_ROS2_Driver/ur_moveit_config) by extensions ['ros']
[1.153s] [34mcolcon.colcon_core.package_identification[0m [1;30mLevel 1[0m _identify(Universal_Robots_ROS2_Driver/ur_moveit_config) by extension 'ros'
[1.156s] [34mcolcon.colcon_core.package_identification[0m [1;30mDEBUG[0m [32mPackage 'Universal_Robots_ROS2_Driver/ur_moveit_config' with type 'ros.ament_cmake' and name 'ur_moveit_config'[0m
[1.157s] [34mcolcon.colcon_core.package_identification[0m [1;30mLevel 1[0m _identify(Universal_Robots_ROS2_Driver/ur_robot_driver) by extensions ['ignore', 'ignore_ament_install']
[1.157s] [34mcolcon.colcon_core.package_identification[0m [1;30mLevel 1[0m _identify(Universal_Robots_ROS2_Driver/ur_robot_driver) by extension 'ignore'
[1.157s] [34mcolcon.colcon_core.package_identification[0m [1;30mLevel 1[0m _identify(Universal_Robots_ROS2_Driver/ur_robot_driver) by extension 'ignore_ament_install'
[1.158s] [34mcolcon.colcon_core.package_identification[0m [1;30mLevel 1[0m _identify(Universal_Robots_ROS2_Driver/ur_robot_driver) by extensions ['colcon_pkg']
[1.158s] [34mcolcon.colcon_core.package_identification[0m [1;30mLevel 1[0m _identify(Universal_Robots_ROS2_Driver/ur_robot_driver) by extension 'colcon_pkg'
[1.158s] [34mcolcon.colcon_core.package_identification[0m [1;30mLevel 1[0m _identify(Universal_Robots_ROS2_Driver/ur_robot_driver) by extensions ['colcon_meta']
[1.158s] [34mcolcon.colcon_core.package_identification[0m [1;30mLevel 1[0m _identify(Universal_Robots_ROS2_Driver/ur_robot_driver) by extension 'colcon_meta'
[1.158s] [34mcolcon.colcon_core.package_identification[0m [1;30mLevel 1[0m _identify(Universal_Robots_ROS2_Driver/ur_robot_driver) by extensions ['ros']
[1.158s] [34mcolcon.colcon_core.package_identification[0m [1;30mLevel 1[0m _identify(Universal_Robots_ROS2_Driver/ur_robot_driver) by extension 'ros'
[1.166s] [34mcolcon.colcon_core.package_identification[0m [1;30mDEBUG[0m [32mPackage 'Universal_Robots_ROS2_Driver/ur_robot_driver' with type 'ros.ament_cmake' and name 'ur_robot_driver'[0m
[1.167s] [34mcolcon.colcon_core.package_identification[0m [1;30mLevel 1[0m _identify(build) by extensions ['ignore', 'ignore_ament_install']
[1.167s] [34mcolcon.colcon_core.package_identification[0m [1;30mLevel 1[0m _identify(build) by extension 'ignore'
[1.167s] [34mcolcon.colcon_core.package_identification[0m [1;30mLevel 1[0m _identify(build) ignored
[1.168s] [34mcolcon.colcon_core.package_identification[0m [1;30mLevel 1[0m _identify(include) by extensions ['ignore', 'ignore_ament_install']
[1.168s] [34mcolcon.colcon_core.package_identification[0m [1;30mLevel 1[0m _identify(include) by extension 'ignore'
[1.168s] [34mcolcon.colcon_core.package_identification[0m [1;30mLevel 1[0m _identify(include) by extension 'ignore_ament_install'
[1.168s] [34mcolcon.colcon_core.package_identification[0m [1;30mLevel 1[0m _identify(include) by extensions ['colcon_pkg']
[1.168s] [34mcolcon.colcon_core.package_identification[0m [1;30mLevel 1[0m _identify(include) by extension 'colcon_pkg'
[1.168s] [34mcolcon.colcon_core.package_identification[0m [1;30mLevel 1[0m _identify(include) by extensions ['colcon_meta']
[1.169s] [34mcolcon.colcon_core.package_identification[0m [1;30mLevel 1[0m _identify(include) by extension 'colcon_meta'
[1.169s] [34mcolcon.colcon_core.package_identification[0m [1;30mLevel 1[0m _identify(include) by extensions ['ros']
[1.169s] [34mcolcon.colcon_core.package_identification[0m [1;30mLevel 1[0m _identify(include) by extension 'ros'
[1.169s] [34mcolcon.colcon_core.package_identification[0m [1;30mLevel 1[0m _identify(include) by extensions ['cmake', 'python']
[1.169s] [34mcolcon.colcon_core.package_identification[0m [1;30mLevel 1[0m _identify(include) by extension 'cmake'
[1.169s] [34mcolcon.colcon_core.package_identification[0m [1;30mLevel 1[0m _identify(include) by extension 'python'
[1.169s] [34mcolcon.colcon_core.package_identification[0m [1;30mLevel 1[0m _identify(include) by extensions ['python_setup_py']
[1.169s] [34mcolcon.colcon_core.package_identification[0m [1;30mLevel 1[0m _identify(include) by extension 'python_setup_py'
[1.170s] [34mcolcon.colcon_core.package_identification[0m [1;30mLevel 1[0m _identify(install) by extensions ['ignore', 'ignore_ament_install']
[1.170s] [34mcolcon.colcon_core.package_identification[0m [1;30mLevel 1[0m _identify(install) by extension 'ignore'
[1.170s] [34mcolcon.colcon_core.package_identification[0m [1;30mLevel 1[0m _identify(install) ignored
[1.171s] [34mcolcon.colcon_core.package_identification[0m [1;30mLevel 1[0m _identify(instructions) by extensions ['ignore', 'ignore_ament_install']
[1.171s] [34mcolcon.colcon_core.package_identification[0m [1;30mLevel 1[0m _identify(instructions) by extension 'ignore'
[1.172s] [34mcolcon.colcon_core.package_identification[0m [1;30mLevel 1[0m _identify(instructions) by extension 'ignore_ament_install'
[1.172s] [34mcolcon.colcon_core.package_identification[0m [1;30mLevel 1[0m _identify(instructions) by extensions ['colcon_pkg']
[1.172s] [34mcolcon.colcon_core.package_identification[0m [1;30mLevel 1[0m _identify(instructions) by extension 'colcon_pkg'
[1.173s] [34mcolcon.colcon_core.package_identification[0m [1;30mLevel 1[0m _identify(instructions) by extensions ['colcon_meta']
[1.173s] [34mcolcon.colcon_core.package_identification[0m [1;30mLevel 1[0m _identify(instructions) by extension 'colcon_meta'
[1.173s] [34mcolcon.colcon_core.package_identification[0m [1;30mLevel 1[0m _identify(instructions) by extensions ['ros']
[1.173s] [34mcolcon.colcon_core.package_identification[0m [1;30mLevel 1[0m _identify(instructions) by extension 'ros'
[1.174s] [34mcolcon.colcon_core.package_identification[0m [1;30mLevel 1[0m _identify(instructions) by extensions ['cmake', 'python']
[1.174s] [34mcolcon.colcon_core.package_identification[0m [1;30mLevel 1[0m _identify(instructions) by extension 'cmake'
[1.174s] [34mcolcon.colcon_core.package_identification[0m [1;30mLevel 1[0m _identify(instructions) by extension 'python'
[1.174s] [34mcolcon.colcon_core.package_identification[0m [1;30mLevel 1[0m _identify(instructions) by extensions ['python_setup_py']
[1.174s] [34mcolcon.colcon_core.package_identification[0m [1;30mLevel 1[0m _identify(instructions) by extension 'python_setup_py'
[1.175s] [34mcolcon.colcon_core.package_identification[0m [1;30mLevel 1[0m _identify(log) by extensions ['ignore', 'ignore_ament_install']
[1.175s] [34mcolcon.colcon_core.package_identification[0m [1;30mLevel 1[0m _identify(log) by extension 'ignore'
[1.175s] [34mcolcon.colcon_core.package_identification[0m [1;30mLevel 1[0m _identify(log) ignored
[1.176s] [34mcolcon.colcon_core.package_identification[0m [1;30mLevel 1[0m _identify(media) by extensions ['ignore', 'ignore_ament_install']
[1.176s] [34mcolcon.colcon_core.package_identification[0m [1;30mLevel 1[0m _identify(media) by extension 'ignore'
[1.176s] [34mcolcon.colcon_core.package_identification[0m [1;30mLevel 1[0m _identify(media) by extension 'ignore_ament_install'
[1.177s] [34mcolcon.colcon_core.package_identification[0m [1;30mLevel 1[0m _identify(media) by extensions ['colcon_pkg']
[1.177s] [34mcolcon.colcon_core.package_identification[0m [1;30mLevel 1[0m _identify(media) by extension 'colcon_pkg'
[1.177s] [34mcolcon.colcon_core.package_identification[0m [1;30mLevel 1[0m _identify(media) by extensions ['colcon_meta']
[1.177s] [34mcolcon.colcon_core.package_identification[0m [1;30mLevel 1[0m _identify(media) by extension 'colcon_meta'
[1.177s] [34mcolcon.colcon_core.package_identification[0m [1;30mLevel 1[0m _identify(media) by extensions ['ros']
[1.177s] [34mcolcon.colcon_core.package_identification[0m [1;30mLevel 1[0m _identify(media) by extension 'ros'
[1.178s] [34mcolcon.colcon_core.package_identification[0m [1;30mLevel 1[0m _identify(media) by extensions ['cmake', 'python']
[1.178s] [34mcolcon.colcon_core.package_identification[0m [1;30mLevel 1[0m _identify(media) by extension 'cmake'
[1.178s] [34mcolcon.colcon_core.package_identification[0m [1;30mLevel 1[0m _identify(media) by extension 'python'
[1.178s] [34mcolcon.colcon_core.package_identification[0m [1;30mLevel 1[0m _identify(media) by extensions ['python_setup_py']
[1.178s] [34mcolcon.colcon_core.package_identification[0m [1;30mLevel 1[0m _identify(media) by extension 'python_setup_py'
[1.179s] [34mcolcon.colcon_core.package_identification[0m [1;30mLevel 1[0m _identify(packages) by extensions ['ignore', 'ignore_ament_install']
[1.179s] [34mcolcon.colcon_core.package_identification[0m [1;30mLevel 1[0m _identify(packages) by extension 'ignore'
[1.180s] [34mcolcon.colcon_core.package_identification[0m [1;30mLevel 1[0m _identify(packages) by extension 'ignore_ament_install'
[1.180s] [34mcolcon.colcon_core.package_identification[0m [1;30mLevel 1[0m _identify(packages) by extensions ['colcon_pkg']
[1.180s] [34mcolcon.colcon_core.package_identification[0m [1;30mLevel 1[0m _identify(packages) by extension 'colcon_pkg'
[1.180s] [34mcolcon.colcon_core.package_identification[0m [1;30mLevel 1[0m _identify(packages) by extensions ['colcon_meta']
[1.181s] [34mcolcon.colcon_core.package_identification[0m [1;30mLevel 1[0m _identify(packages) by extension 'colcon_meta'
[1.181s] [34mcolcon.colcon_core.package_identification[0m [1;30mLevel 1[0m _identify(packages) by extensions ['ros']
[1.181s] [34mcolcon.colcon_core.package_identification[0m [1;30mLevel 1[0m _identify(packages) by extension 'ros'
[1.181s] [34mcolcon.colcon_core.package_identification[0m [1;30mLevel 1[0m _identify(packages) by extensions ['cmake', 'python']
[1.181s] [34mcolcon.colcon_core.package_identification[0m [1;30mLevel 1[0m _identify(packages) by extension 'cmake'
[1.181s] [34mcolcon.colcon_core.package_identification[0m [1;30mLevel 1[0m _identify(packages) by extension 'python'
[1.181s] [34mcolcon.colcon_core.package_identification[0m [1;30mLevel 1[0m _identify(packages) by extensions ['python_setup_py']
[1.181s] [34mcolcon.colcon_core.package_identification[0m [1;30mLevel 1[0m _identify(packages) by extension 'python_setup_py'
[1.182s] [34mcolcon.colcon_core.package_identification[0m [1;30mLevel 1[0m _identify(packages/ros2srrc_ar4) by extensions ['ignore', 'ignore_ament_install']
[1.182s] [34mcolcon.colcon_core.package_identification[0m [1;30mLevel 1[0m _identify(packages/ros2srrc_ar4) by extension 'ignore'
[1.182s] [34mcolcon.colcon_core.package_identification[0m [1;30mLevel 1[0m _identify(packages/ros2srrc_ar4) by extension 'ignore_ament_install'
[1.182s] [34mcolcon.colcon_core.package_identification[0m [1;30mLevel 1[0m _identify(packages/ros2srrc_ar4) by extensions ['colcon_pkg']
[1.183s] [34mcolcon.colcon_core.package_identification[0m [1;30mLevel 1[0m _identify(packages/ros2srrc_ar4) by extension 'colcon_pkg'
[1.183s] [34mcolcon.colcon_core.package_identification[0m [1;30mLevel 1[0m _identify(packages/ros2srrc_ar4) by extensions ['colcon_meta']
[1.183s] [34mcolcon.colcon_core.package_identification[0m [1;30mLevel 1[0m _identify(packages/ros2srrc_ar4) by extension 'colcon_meta'
[1.183s] [34mcolcon.colcon_core.package_identification[0m [1;30mLevel 1[0m _identify(packages/ros2srrc_ar4) by extensions ['ros']
[1.183s] [34mcolcon.colcon_core.package_identification[0m [1;30mLevel 1[0m _identify(packages/ros2srrc_ar4) by extension 'ros'
[1.185s] [34mcolcon.colcon_core.package_identification[0m [1;30mDEBUG[0m [32mPackage 'packages/ros2srrc_ar4' with type 'ros.ament_cmake' and name 'ros2srrc_ar4'[0m
[1.185s] [34mcolcon.colcon_core.package_identification[0m [1;30mLevel 1[0m _identify(packages/ros2srrc_iiwa) by extensions ['ignore', 'ignore_ament_install']
[1.185s] [34mcolcon.colcon_core.package_identification[0m [1;30mLevel 1[0m _identify(packages/ros2srrc_iiwa) by extension 'ignore'
[1.185s] [34mcolcon.colcon_core.package_identification[0m [1;30mLevel 1[0m _identify(packages/ros2srrc_iiwa) by extension 'ignore_ament_install'
[1.186s] [34mcolcon.colcon_core.package_identification[0m [1;30mLevel 1[0m _identify(packages/ros2srrc_iiwa) by extensions ['colcon_pkg']
[1.186s] [34mcolcon.colcon_core.package_identification[0m [1;30mLevel 1[0m _identify(packages/ros2srrc_iiwa) by extension 'colcon_pkg'
[1.186s] [34mcolcon.colcon_core.package_identification[0m [1;30mLevel 1[0m _identify(packages/ros2srrc_iiwa) by extensions ['colcon_meta']
[1.186s] [34mcolcon.colcon_core.package_identification[0m [1;30mLevel 1[0m _identify(packages/ros2srrc_iiwa) by extension 'colcon_meta'
[1.186s] [34mcolcon.colcon_core.package_identification[0m [1;30mLevel 1[0m _identify(packages/ros2srrc_iiwa) by extensions ['ros']
[1.186s] [34mcolcon.colcon_core.package_identification[0m [1;30mLevel 1[0m _identify(packages/ros2srrc_iiwa) by extension 'ros'
[1.188s] [34mcolcon.colcon_core.package_identification[0m [1;30mDEBUG[0m [32mPackage 'packages/ros2srrc_iiwa' with type 'ros.ament_cmake' and name 'ros2srrc_iiwa'[0m
[1.189s] [34mcolcon.colcon_core.package_identification[0m [1;30mLevel 1[0m _identify(packages/ros2srrc_irb120) by extensions ['ignore', 'ignore_ament_install']
[1.189s] [34mcolcon.colcon_core.package_identification[0m [1;30mLevel 1[0m _identify(packages/ros2srrc_irb120) by extension 'ignore'
[1.189s] [34mcolcon.colcon_core.package_identification[0m [1;30mLevel 1[0m _identify(packages/ros2srrc_irb120) by extension 'ignore_ament_install'
[1.189s] [34mcolcon.colcon_core.package_identification[0m [1;30mLevel 1[0m _identify(packages/ros2srrc_irb120) by extensions ['colcon_pkg']
[1.190s] [34mcolcon.colcon_core.package_identification[0m [1;30mLevel 1[0m _identify(packages/ros2srrc_irb120) by extension 'colcon_pkg'
[1.190s] [34mcolcon.colcon_core.package_identification[0m [1;30mLevel 1[0m _identify(packages/ros2srrc_irb120) by extensions ['colcon_meta']
[1.190s] [34mcolcon.colcon_core.package_identification[0m [1;30mLevel 1[0m _identify(packages/ros2srrc_irb120) by extension 'colcon_meta'
[1.190s] [34mcolcon.colcon_core.package_identification[0m [1;30mLevel 1[0m _identify(packages/ros2srrc_irb120) by extensions ['ros']
[1.190s] [34mcolcon.colcon_core.package_identification[0m [1;30mLevel 1[0m _identify(packages/ros2srrc_irb120) by extension 'ros'
[1.192s] [34mcolcon.colcon_core.package_identification[0m [1;30mDEBUG[0m [32mPackage 'packages/ros2srrc_irb120' with type 'ros.ament_cmake' and name 'ros2srrc_irb120'[0m
[1.192s] [34mcolcon.colcon_core.package_identification[0m [1;30mLevel 1[0m _identify(packages/ros2srrc_irb1200) by extensions ['ignore', 'ignore_ament_install']
[1.192s] [34mcolcon.colcon_core.package_identification[0m [1;30mLevel 1[0m _identify(packages/ros2srrc_irb1200) by extension 'ignore'
[1.193s] [34mcolcon.colcon_core.package_identification[0m [1;30mLevel 1[0m _identify(packages/ros2srrc_irb1200) by extension 'ignore_ament_install'
[1.193s] [34mcolcon.colcon_core.package_identification[0m [1;30mLevel 1[0m _identify(packages/ros2srrc_irb1200) by extensions ['colcon_pkg']
[1.193s] [34mcolcon.colcon_core.package_identification[0m [1;30mLevel 1[0m _identify(packages/ros2srrc_irb1200) by extension 'colcon_pkg'
[1.193s] [34mcolcon.colcon_core.package_identification[0m [1;30mLevel 1[0m _identify(packages/ros2srrc_irb1200) by extensions ['colcon_meta']
[1.193s] [34mcolcon.colcon_core.package_identification[0m [1;30mLevel 1[0m _identify(packages/ros2srrc_irb1200) by extension 'colcon_meta'
[1.194s] [34mcolcon.colcon_core.package_identification[0m [1;30mLevel 1[0m _identify(packages/ros2srrc_irb1200) by extensions ['ros']
[1.194s] [34mcolcon.colcon_core.package_identification[0m [1;30mLevel 1[0m _identify(packages/ros2srrc_irb1200) by extension 'ros'
[1.196s] [34mcolcon.colcon_core.package_identification[0m [1;30mDEBUG[0m [32mPackage 'packages/ros2srrc_irb1200' with type 'ros.ament_cmake' and name 'ros2srrc_irb1200'[0m
[1.196s] [34mcolcon.colcon_core.package_identification[0m [1;30mLevel 1[0m _identify(packages/ros2srrc_irb1600) by extensions ['ignore', 'ignore_ament_install']
[1.196s] [34mcolcon.colcon_core.package_identification[0m [1;30mLevel 1[0m _identify(packages/ros2srrc_irb1600) by extension 'ignore'
[1.197s] [34mcolcon.colcon_core.package_identification[0m [1;30mLevel 1[0m _identify(packages/ros2srrc_irb1600) by extension 'ignore_ament_install'
[1.197s] [34mcolcon.colcon_core.package_identification[0m [1;30mLevel 1[0m _identify(packages/ros2srrc_irb1600) by extensions ['colcon_pkg']
[1.197s] [34mcolcon.colcon_core.package_identification[0m [1;30mLevel 1[0m _identify(packages/ros2srrc_irb1600) by extension 'colcon_pkg'
[1.197s] [34mcolcon.colcon_core.package_identification[0m [1;30mLevel 1[0m _identify(packages/ros2srrc_irb1600) by extensions ['colcon_meta']
[1.197s] [34mcolcon.colcon_core.package_identification[0m [1;30mLevel 1[0m _identify(packages/ros2srrc_irb1600) by extension 'colcon_meta'
[1.197s] [34mcolcon.colcon_core.package_identification[0m [1;30mLevel 1[0m _identify(packages/ros2srrc_irb1600) by extensions ['ros']
[1.197s] [34mcolcon.colcon_core.package_identification[0m [1;30mLevel 1[0m _identify(packages/ros2srrc_irb1600) by extension 'ros'
[1.199s] [34mcolcon.colcon_core.package_identification[0m [1;30mDEBUG[0m [32mPackage 'packages/ros2srrc_irb1600' with type 'ros.ament_cmake' and name 'ros2srrc_irb1600'[0m
[1.199s] [34mcolcon.colcon_core.package_identification[0m [1;30mLevel 1[0m _identify(packages/ros2srrc_irb6640) by extensions ['ignore', 'ignore_ament_install']
[1.200s] [34mcolcon.colcon_core.package_identification[0m [1;30mLevel 1[0m _identify(packages/ros2srrc_irb6640) by extension 'ignore'
[1.200s] [34mcolcon.colcon_core.package_identification[0m [1;30mLevel 1[0m _identify(packages/ros2srrc_irb6640) by extension 'ignore_ament_install'
[1.200s] [34mcolcon.colcon_core.package_identification[0m [1;30mLevel 1[0m _identify(packages/ros2srrc_irb6640) by extensions ['colcon_pkg']
[1.200s] [34mcolcon.colcon_core.package_identification[0m [1;30mLevel 1[0m _identify(packages/ros2srrc_irb6640) by extension 'colcon_pkg'
[1.200s] [34mcolcon.colcon_core.package_identification[0m [1;30mLevel 1[0m _identify(packages/ros2srrc_irb6640) by extensions ['colcon_meta']
[1.200s] [34mcolcon.colcon_core.package_identification[0m [1;30mLevel 1[0m _identify(packages/ros2srrc_irb6640) by extension 'colcon_meta'
[1.200s] [34mcolcon.colcon_core.package_identification[0m [1;30mLevel 1[0m _identify(packages/ros2srrc_irb6640) by extensions ['ros']
[1.200s] [34mcolcon.colcon_core.package_identification[0m [1;30mLevel 1[0m _identify(packages/ros2srrc_irb6640) by extension 'ros'
[1.202s] [34mcolcon.colcon_core.package_identification[0m [1;30mDEBUG[0m [32mPackage 'packages/ros2srrc_irb6640' with type 'ros.ament_cmake' and name 'ros2srrc_irb6640'[0m
[1.203s] [34mcolcon.colcon_core.package_identification[0m [1;30mLevel 1[0m _identify(packages/ros2srrc_rx160) by extensions ['ignore', 'ignore_ament_install']
[1.204s] [34mcolcon.colcon_core.package_identification[0m [1;30mLevel 1[0m _identify(packages/ros2srrc_rx160) by extension 'ignore'
[1.204s] [34mcolcon.colcon_core.package_identification[0m [1;30mLevel 1[0m _identify(packages/ros2srrc_rx160) by extension 'ignore_ament_install'
[1.204s] [34mcolcon.colcon_core.package_identification[0m [1;30mLevel 1[0m _identify(packages/ros2srrc_rx160) by extensions ['colcon_pkg']
[1.204s] [34mcolcon.colcon_core.package_identification[0m [1;30mLevel 1[0m _identify(packages/ros2srrc_rx160) by extension 'colcon_pkg'
[1.204s] [34mcolcon.colcon_core.package_identification[0m [1;30mLevel 1[0m _identify(packages/ros2srrc_rx160) by extensions ['colcon_meta']
[1.205s] [34mcolcon.colcon_core.package_identification[0m [1;30mLevel 1[0m _identify(packages/ros2srrc_rx160) by extension 'colcon_meta'
[1.205s] [34mcolcon.colcon_core.package_identification[0m [1;30mLevel 1[0m _identify(packages/ros2srrc_rx160) by extensions ['ros']
[1.205s] [34mcolcon.colcon_core.package_identification[0m [1;30mLevel 1[0m _identify(packages/ros2srrc_rx160) by extension 'ros'
[1.207s] [34mcolcon.colcon_core.package_identification[0m [1;30mDEBUG[0m [32mPackage 'packages/ros2srrc_rx160' with type 'ros.ament_cmake' and name 'ros2srrc_rx160'[0m
[1.208s] [34mcolcon.colcon_core.package_identification[0m [1;30mLevel 1[0m _identify(packages/ros2srrc_ur10) by extensions ['ignore', 'ignore_ament_install']
[1.208s] [34mcolcon.colcon_core.package_identification[0m [1;30mLevel 1[0m _identify(packages/ros2srrc_ur10) by extension 'ignore'
[1.208s] [34mcolcon.colcon_core.package_identification[0m [1;30mLevel 1[0m _identify(packages/ros2srrc_ur10) by extension 'ignore_ament_install'
[1.209s] [34mcolcon.colcon_core.package_identification[0m [1;30mLevel 1[0m _identify(packages/ros2srrc_ur10) by extensions ['colcon_pkg']
[1.209s] [34mcolcon.colcon_core.package_identification[0m [1;30mLevel 1[0m _identify(packages/ros2srrc_ur10) by extension 'colcon_pkg'
[1.209s] [34mcolcon.colcon_core.package_identification[0m [1;30mLevel 1[0m _identify(packages/ros2srrc_ur10) by extensions ['colcon_meta']
[1.209s] [34mcolcon.colcon_core.package_identification[0m [1;30mLevel 1[0m _identify(packages/ros2srrc_ur10) by extension 'colcon_meta'
[1.210s] [34mcolcon.colcon_core.package_identification[0m [1;30mLevel 1[0m _identify(packages/ros2srrc_ur10) by extensions ['ros']
[1.210s] [34mcolcon.colcon_core.package_identification[0m [1;30mLevel 1[0m _identify(packages/ros2srrc_ur10) by extension 'ros'
[1.213s] [34mcolcon.colcon_core.package_identification[0m [1;30mDEBUG[0m [32mPackage 'packages/ros2srrc_ur10' with type 'ros.ament_cmake' and name 'ros2srrc_ur10'[0m
[1.213s] [34mcolcon.colcon_core.package_identification[0m [1;30mLevel 1[0m _identify(packages/ros2srrc_ur10e) by extensions ['ignore', 'ignore_ament_install']
[1.214s] [34mcolcon.colcon_core.package_identification[0m [1;30mLevel 1[0m _identify(packages/ros2srrc_ur10e) by extension 'ignore'
[1.214s] [34mcolcon.colcon_core.package_identification[0m [1;30mLevel 1[0m _identify(packages/ros2srrc_ur10e) by extension 'ignore_ament_install'
[1.214s] [34mcolcon.colcon_core.package_identification[0m [1;30mLevel 1[0m _identify(packages/ros2srrc_ur10e) by extensions ['colcon_pkg']
[1.214s] [34mcolcon.colcon_core.package_identification[0m [1;30mLevel 1[0m _identify(packages/ros2srrc_ur10e) by extension 'colcon_pkg'
[1.215s] [34mcolcon.colcon_core.package_identification[0m [1;30mLevel 1[0m _identify(packages/ros2srrc_ur10e) by extensions ['colcon_meta']
[1.215s] [34mcolcon.colcon_core.package_identification[0m [1;30mLevel 1[0m _identify(packages/ros2srrc_ur10e) by extension 'colcon_meta'
[1.215s] [34mcolcon.colcon_core.package_identification[0m [1;30mLevel 1[0m _identify(packages/ros2srrc_ur10e) by extensions ['ros']
[1.215s] [34mcolcon.colcon_core.package_identification[0m [1;30mLevel 1[0m _identify(packages/ros2srrc_ur10e) by extension 'ros'
[1.218s] [34mcolcon.colcon_core.package_identification[0m [1;30mDEBUG[0m [32mPackage 'packages/ros2srrc_ur10e' with type 'ros.ament_cmake' and name 'ros2srrc_ur10e'[0m
[1.219s] [34mcolcon.colcon_core.package_identification[0m [1;30mLevel 1[0m _identify(packages/ros2srrc_ur16e) by extensions ['ignore', 'ignore_ament_install']
[1.219s] [34mcolcon.colcon_core.package_identification[0m [1;30mLevel 1[0m _identify(packages/ros2srrc_ur16e) by extension 'ignore'
[1.220s] [34mcolcon.colcon_core.package_identification[0m [1;30mLevel 1[0m _identify(packages/ros2srrc_ur16e) by extension 'ignore_ament_install'
[1.220s] [34mcolcon.colcon_core.package_identification[0m [1;30mLevel 1[0m _identify(packages/ros2srrc_ur16e) by extensions ['colcon_pkg']
[1.220s] [34mcolcon.colcon_core.package_identification[0m [1;30mLevel 1[0m _identify(packages/ros2srrc_ur16e) by extension 'colcon_pkg'
[1.220s] [34mcolcon.colcon_core.package_identification[0m [1;30mLevel 1[0m _identify(packages/ros2srrc_ur16e) by extensions ['colcon_meta']
[1.220s] [34mcolcon.colcon_core.package_identification[0m [1;30mLevel 1[0m _identify(packages/ros2srrc_ur16e) by extension 'colcon_meta'
[1.220s] [34mcolcon.colcon_core.package_identification[0m [1;30mLevel 1[0m _identify(packages/ros2srrc_ur16e) by extensions ['ros']
[1.221s] [34mcolcon.colcon_core.package_identification[0m [1;30mLevel 1[0m _identify(packages/ros2srrc_ur16e) by extension 'ros'
[1.222s] [34mcolcon.colcon_core.package_identification[0m [1;30mDEBUG[0m [32mPackage 'packages/ros2srrc_ur16e' with type 'ros.ament_cmake' and name 'ros2srrc_ur16e'[0m
[1.223s] [34mcolcon.colcon_core.package_identification[0m [1;30mLevel 1[0m _identify(packages/ros2srrc_ur20) by extensions ['ignore', 'ignore_ament_install']
[1.223s] [34mcolcon.colcon_core.package_identification[0m [1;30mLevel 1[0m _identify(packages/ros2srrc_ur20) by extension 'ignore'
[1.223s] [34mcolcon.colcon_core.package_identification[0m [1;30mLevel 1[0m _identify(packages/ros2srrc_ur20) by extension 'ignore_ament_install'
[1.224s] [34mcolcon.colcon_core.package_identification[0m [1;30mLevel 1[0m _identify(packages/ros2srrc_ur20) by extensions ['colcon_pkg']
[1.224s] [34mcolcon.colcon_core.package_identification[0m [1;30mLevel 1[0m _identify(packages/ros2srrc_ur20) by extension 'colcon_pkg'
[1.224s] [34mcolcon.colcon_core.package_identification[0m [1;30mLevel 1[0m _identify(packages/ros2srrc_ur20) by extensions ['colcon_meta']
[1.224s] [34mcolcon.colcon_core.package_identification[0m [1;30mLevel 1[0m _identify(packages/ros2srrc_ur20) by extension 'colcon_meta'
[1.224s] [34mcolcon.colcon_core.package_identification[0m [1;30mLevel 1[0m _identify(packages/ros2srrc_ur20) by extensions ['ros']
[1.224s] [34mcolcon.colcon_core.package_identification[0m [1;30mLevel 1[0m _identify(packages/ros2srrc_ur20) by extension 'ros'
[1.226s] [34mcolcon.colcon_core.package_identification[0m [1;30mDEBUG[0m [32mPackage 'packages/ros2srrc_ur20' with type 'ros.ament_cmake' and name 'ros2srrc_ur20'[0m
[1.226s] [34mcolcon.colcon_core.package_identification[0m [1;30mLevel 1[0m _identify(packages/ros2srrc_ur3) by extensions ['ignore', 'ignore_ament_install']
[1.226s] [34mcolcon.colcon_core.package_identification[0m [1;30mLevel 1[0m _identify(packages/ros2srrc_ur3) by extension 'ignore'
[1.227s] [34mcolcon.colcon_core.package_identification[0m [1;30mLevel 1[0m _identify(packages/ros2srrc_ur3) by extension 'ignore_ament_install'
[1.227s] [34mcolcon.colcon_core.package_identification[0m [1;30mLevel 1[0m _identify(packages/ros2srrc_ur3) by extensions ['colcon_pkg']
[1.227s] [34mcolcon.colcon_core.package_identification[0m [1;30mLevel 1[0m _identify(packages/ros2srrc_ur3) by extension 'colcon_pkg'
[1.227s] [34mcolcon.colcon_core.package_identification[0m [1;30mLevel 1[0m _identify(packages/ros2srrc_ur3) by extensions ['colcon_meta']
[1.227s] [34mcolcon.colcon_core.package_identification[0m [1;30mLevel 1[0m _identify(packages/ros2srrc_ur3) by extension 'colcon_meta'
[1.227s] [34mcolcon.colcon_core.package_identification[0m [1;30mLevel 1[0m _identify(packages/ros2srrc_ur3) by extensions ['ros']
[1.227s] [34mcolcon.colcon_core.package_identification[0m [1;30mLevel 1[0m _identify(packages/ros2srrc_ur3) by extension 'ros'
[1.229s] [34mcolcon.colcon_core.package_identification[0m [1;30mDEBUG[0m [32mPackage 'packages/ros2srrc_ur3' with type 'ros.ament_cmake' and name 'ros2srrc_ur3'[0m
[1.229s] [34mcolcon.colcon_core.package_identification[0m [1;30mLevel 1[0m _identify(packages/ros2srrc_ur3e) by extensions ['ignore', 'ignore_ament_install']
[1.229s] [34mcolcon.colcon_core.package_identification[0m [1;30mLevel 1[0m _identify(packages/ros2srrc_ur3e) by extension 'ignore'
[1.230s] [34mcolcon.colcon_core.package_identification[0m [1;30mLevel 1[0m _identify(packages/ros2srrc_ur3e) by extension 'ignore_ament_install'
[1.230s] [34mcolcon.colcon_core.package_identification[0m [1;30mLevel 1[0m _identify(packages/ros2srrc_ur3e) by extensions ['colcon_pkg']
[1.230s] [34mcolcon.colcon_core.package_identification[0m [1;30mLevel 1[0m _identify(packages/ros2srrc_ur3e) by extension 'colcon_pkg'
[1.230s] [34mcolcon.colcon_core.package_identification[0m [1;30mLevel 1[0m _identify(packages/ros2srrc_ur3e) by extensions ['colcon_meta']
[1.230s] [34mcolcon.colcon_core.package_identification[0m [1;30mLevel 1[0m _identify(packages/ros2srrc_ur3e) by extension 'colcon_meta'
[1.230s] [34mcolcon.colcon_core.package_identification[0m [1;30mLevel 1[0m _identify(packages/ros2srrc_ur3e) by extensions ['ros']
[1.230s] [34mcolcon.colcon_core.package_identification[0m [1;30mLevel 1[0m _identify(packages/ros2srrc_ur3e) by extension 'ros'
[1.232s] [34mcolcon.colcon_core.package_identification[0m [1;30mDEBUG[0m [32mPackage 'packages/ros2srrc_ur3e' with type 'ros.ament_cmake' and name 'ros2srrc_ur3e'[0m
[1.232s] [34mcolcon.colcon_core.package_identification[0m [1;30mLevel 1[0m _identify(packages/ros2srrc_ur5) by extensions ['ignore', 'ignore_ament_install']
[1.233s] [34mcolcon.colcon_core.package_identification[0m [1;30mLevel 1[0m _identify(packages/ros2srrc_ur5) by extension 'ignore'
[1.233s] [34mcolcon.colcon_core.package_identification[0m [1;30mLevel 1[0m _identify(packages/ros2srrc_ur5) by extension 'ignore_ament_install'
[1.233s] [34mcolcon.colcon_core.package_identification[0m [1;30mLevel 1[0m _identify(packages/ros2srrc_ur5) by extensions ['colcon_pkg']
[1.233s] [34mcolcon.colcon_core.package_identification[0m [1;30mLevel 1[0m _identify(packages/ros2srrc_ur5) by extension 'colcon_pkg'
[1.233s] [34mcolcon.colcon_core.package_identification[0m [1;30mLevel 1[0m _identify(packages/ros2srrc_ur5) by extensions ['colcon_meta']
[1.233s] [34mcolcon.colcon_core.package_identification[0m [1;30mLevel 1[0m _identify(packages/ros2srrc_ur5) by extension 'colcon_meta'
[1.233s] [34mcolcon.colcon_core.package_identification[0m [1;30mLevel 1[0m _identify(packages/ros2srrc_ur5) by extensions ['ros']
[1.234s] [34mcolcon.colcon_core.package_identification[0m [1;30mLevel 1[0m _identify(packages/ros2srrc_ur5) by extension 'ros'
[1.235s] [34mcolcon.colcon_core.package_identification[0m [1;30mDEBUG[0m [32mPackage 'packages/ros2srrc_ur5' with type 'ros.ament_cmake' and name 'ros2srrc_ur5'[0m
[1.236s] [34mcolcon.colcon_core.package_identification[0m [1;30mLevel 1[0m _identify(packages/ros2srrc_ur5e) by extensions ['ignore', 'ignore_ament_install']
[1.236s] [34mcolcon.colcon_core.package_identification[0m [1;30mLevel 1[0m _identify(packages/ros2srrc_ur5e) by extension 'ignore'
[1.236s] [34mcolcon.colcon_core.package_identification[0m [1;30mLevel 1[0m _identify(packages/ros2srrc_ur5e) by extension 'ignore_ament_install'
[1.236s] [34mcolcon.colcon_core.package_identification[0m [1;30mLevel 1[0m _identify(packages/ros2srrc_ur5e) by extensions ['colcon_pkg']
[1.236s] [34mcolcon.colcon_core.package_identification[0m [1;30mLevel 1[0m _identify(packages/ros2srrc_ur5e) by extension 'colcon_pkg'
[1.236s] [34mcolcon.colcon_core.package_identification[0m [1;30mLevel 1[0m _identify(packages/ros2srrc_ur5e) by extensions ['colcon_meta']
[1.236s] [34mcolcon.colcon_core.package_identification[0m [1;30mLevel 1[0m _identify(packages/ros2srrc_ur5e) by extension 'colcon_meta'
[1.236s] [34mcolcon.colcon_core.package_identification[0m [1;30mLevel 1[0m _identify(packages/ros2srrc_ur5e) by extensions ['ros']
[1.237s] [34mcolcon.colcon_core.package_identification[0m [1;30mLevel 1[0m _identify(packages/ros2srrc_ur5e) by extension 'ros'
[1.238s] [34mcolcon.colcon_core.package_identification[0m [1;30mDEBUG[0m [32mPackage 'packages/ros2srrc_ur5e' with type 'ros.ament_cmake' and name 'ros2srrc_ur5e'[0m
[1.239s] [34mcolcon.colcon_core.package_identification[0m [1;30mLevel 1[0m _identify(ros2_controllers) by extensions ['ignore', 'ignore_ament_install']
[1.239s] [34mcolcon.colcon_core.package_identification[0m [1;30mLevel 1[0m _identify(ros2_controllers) by extension 'ignore'
[1.239s] [34mcolcon.colcon_core.package_identification[0m [1;30mLevel 1[0m _identify(ros2_controllers) by extension 'ignore_ament_install'
[1.239s] [34mcolcon.colcon_core.package_identification[0m [1;30mLevel 1[0m _identify(ros2_controllers) by extensions ['colcon_pkg']
[1.239s] [34mcolcon.colcon_core.package_identification[0m [1;30mLevel 1[0m _identify(ros2_controllers) by extension 'colcon_pkg'
[1.239s] [34mcolcon.colcon_core.package_identification[0m [1;30mLevel 1[0m _identify(ros2_controllers) by extensions ['colcon_meta']
[1.239s] [34mcolcon.colcon_core.package_identification[0m [1;30mLevel 1[0m _identify(ros2_controllers) by extension 'colcon_meta'
[1.240s] [34mcolcon.colcon_core.package_identification[0m [1;30mLevel 1[0m _identify(ros2_controllers) by extensions ['ros']
[1.240s] [34mcolcon.colcon_core.package_identification[0m [1;30mLevel 1[0m _identify(ros2_controllers) by extension 'ros'
[1.240s] [34mcolcon.colcon_core.package_identification[0m [1;30mLevel 1[0m _identify(ros2_controllers) by extensions ['cmake', 'python']
[1.240s] [34mcolcon.colcon_core.package_identification[0m [1;30mLevel 1[0m _identify(ros2_controllers) by extension 'cmake'
[1.240s] [34mcolcon.colcon_core.package_identification[0m [1;30mLevel 1[0m _identify(ros2_controllers) by extension 'python'
[1.240s] [34mcolcon.colcon_core.package_identification[0m [1;30mLevel 1[0m _identify(ros2_controllers) by extensions ['python_setup_py']
[1.240s] [34mcolcon.colcon_core.package_identification[0m [1;30mLevel 1[0m _identify(ros2_controllers) by extension 'python_setup_py'
[1.241s] [34mcolcon.colcon_core.package_identification[0m [1;30mLevel 1[0m _identify(ros2_controllers/ackermann_steering_controller) by extensions ['ignore', 'ignore_ament_install']
[1.241s] [34mcolcon.colcon_core.package_identification[0m [1;30mLevel 1[0m _identify(ros2_controllers/ackermann_steering_controller) by extension 'ignore'
[1.241s] [34mcolcon.colcon_core.package_identification[0m [1;30mLevel 1[0m _identify(ros2_controllers/ackermann_steering_controller) by extension 'ignore_ament_install'
[1.241s] [34mcolcon.colcon_core.package_identification[0m [1;30mLevel 1[0m _identify(ros2_controllers/ackermann_steering_controller) by extensions ['colcon_pkg']
[1.241s] [34mcolcon.colcon_core.package_identification[0m [1;30mLevel 1[0m _identify(ros2_controllers/ackermann_steering_controller) by extension 'colcon_pkg'
[1.242s] [34mcolcon.colcon_core.package_identification[0m [1;30mLevel 1[0m _identify(ros2_controllers/ackermann_steering_controller) by extensions ['colcon_meta']
[1.242s] [34mcolcon.colcon_core.package_identification[0m [1;30mLevel 1[0m _identify(ros2_controllers/ackermann_steering_controller) by extension 'colcon_meta'
[1.242s] [34mcolcon.colcon_core.package_identification[0m [1;30mLevel 1[0m _identify(ros2_controllers/ackermann_steering_controller) by extensions ['ros']
[1.242s] [34mcolcon.colcon_core.package_identification[0m [1;30mLevel 1[0m _identify(ros2_controllers/ackermann_steering_controller) by extension 'ros'
[1.247s] [34mcolcon.colcon_core.package_identification[0m [1;30mDEBUG[0m [32mPackage 'ros2_controllers/ackermann_steering_controller' with type 'ros.ament_cmake' and name 'ackermann_steering_controller'[0m
[1.247s] [34mcolcon.colcon_core.package_identification[0m [1;30mLevel 1[0m _identify(ros2_controllers/admittance_controller) by extensions ['ignore', 'ignore_ament_install']
[1.248s] [34mcolcon.colcon_core.package_identification[0m [1;30mLevel 1[0m _identify(ros2_controllers/admittance_controller) by extension 'ignore'
[1.248s] [34mcolcon.colcon_core.package_identification[0m [1;30mLevel 1[0m _identify(ros2_controllers/admittance_controller) by extension 'ignore_ament_install'
[1.248s] [34mcolcon.colcon_core.package_identification[0m [1;30mLevel 1[0m _identify(ros2_controllers/admittance_controller) by extensions ['colcon_pkg']
[1.248s] [34mcolcon.colcon_core.package_identification[0m [1;30mLevel 1[0m _identify(ros2_controllers/admittance_controller) by extension 'colcon_pkg'
[1.248s] [34mcolcon.colcon_core.package_identification[0m [1;30mLevel 1[0m _identify(ros2_controllers/admittance_controller) by extensions ['colcon_meta']
[1.248s] [34mcolcon.colcon_core.package_identification[0m [1;30mLevel 1[0m _identify(ros2_controllers/admittance_controller) by extension 'colcon_meta'
[1.248s] [34mcolcon.colcon_core.package_identification[0m [1;30mLevel 1[0m _identify(ros2_controllers/admittance_controller) by extensions ['ros']
[1.248s] [34mcolcon.colcon_core.package_identification[0m [1;30mLevel 1[0m _identify(ros2_controllers/admittance_controller) by extension 'ros'
[1.255s] [34mcolcon.colcon_core.package_identification[0m [1;30mDEBUG[0m [32mPackage 'ros2_controllers/admittance_controller' with type 'ros.ament_cmake' and name 'admittance_controller'[0m
[1.255s] [34mcolcon.colcon_core.package_identification[0m [1;30mLevel 1[0m _identify(ros2_controllers/bicycle_steering_controller) by extensions ['ignore', 'ignore_ament_install']
[1.256s] [34mcolcon.colcon_core.package_identification[0m [1;30mLevel 1[0m _identify(ros2_controllers/bicycle_steering_controller) by extension 'ignore'
[1.256s] [34mcolcon.colcon_core.package_identification[0m [1;30mLevel 1[0m _identify(ros2_controllers/bicycle_steering_controller) by extension 'ignore_ament_install'
[1.256s] [34mcolcon.colcon_core.package_identification[0m [1;30mLevel 1[0m _identify(ros2_controllers/bicycle_steering_controller) by extensions ['colcon_pkg']
[1.256s] [34mcolcon.colcon_core.package_identification[0m [1;30mLevel 1[0m _identify(ros2_controllers/bicycle_steering_controller) by extension 'colcon_pkg'
[1.256s] [34mcolcon.colcon_core.package_identification[0m [1;30mLevel 1[0m _identify(ros2_controllers/bicycle_steering_controller) by extensions ['colcon_meta']
[1.256s] [34mcolcon.colcon_core.package_identification[0m [1;30mLevel 1[0m _identify(ros2_controllers/bicycle_steering_controller) by extension 'colcon_meta'
[1.257s] [34mcolcon.colcon_core.package_identification[0m [1;30mLevel 1[0m _identify(ros2_controllers/bicycle_steering_controller) by extensions ['ros']
[1.257s] [34mcolcon.colcon_core.package_identification[0m [1;30mLevel 1[0m _identify(ros2_controllers/bicycle_steering_controller) by extension 'ros'
[1.261s] [34mcolcon.colcon_core.package_identification[0m [1;30mDEBUG[0m [32mPackage 'ros2_controllers/bicycle_steering_controller' with type 'ros.ament_cmake' and name 'bicycle_steering_controller'[0m
[1.261s] [34mcolcon.colcon_core.package_identification[0m [1;30mLevel 1[0m _identify(ros2_controllers/diff_drive_controller) by extensions ['ignore', 'ignore_ament_install']
[1.262s] [34mcolcon.colcon_core.package_identification[0m [1;30mLevel 1[0m _identify(ros2_controllers/diff_drive_controller) by extension 'ignore'
[1.262s] [34mcolcon.colcon_core.package_identification[0m [1;30mLevel 1[0m _identify(ros2_controllers/diff_drive_controller) by extension 'ignore_ament_install'
[1.262s] [34mcolcon.colcon_core.package_identification[0m [1;30mLevel 1[0m _identify(ros2_controllers/diff_drive_controller) by extensions ['colcon_pkg']
[1.262s] [34mcolcon.colcon_core.package_identification[0m [1;30mLevel 1[0m _identify(ros2_controllers/diff_drive_controller) by extension 'colcon_pkg'
[1.262s] [34mcolcon.colcon_core.package_identification[0m [1;30mLevel 1[0m _identify(ros2_controllers/diff_drive_controller) by extensions ['colcon_meta']
[1.262s] [34mcolcon.colcon_core.package_identification[0m [1;30mLevel 1[0m _identify(ros2_controllers/diff_drive_controller) by extension 'colcon_meta'
[1.263s] [34mcolcon.colcon_core.package_identification[0m [1;30mLevel 1[0m _identify(ros2_controllers/diff_drive_controller) by extensions ['ros']
[1.263s] [34mcolcon.colcon_core.package_identification[0m [1;30mLevel 1[0m _identify(ros2_controllers/diff_drive_controller) by extension 'ros'
[1.267s] [34mcolcon.colcon_core.package_identification[0m [1;30mDEBUG[0m [32mPackage 'ros2_controllers/diff_drive_controller' with type 'ros.ament_cmake' and name 'diff_drive_controller'[0m
[1.268s] [34mcolcon.colcon_core.package_identification[0m [1;30mLevel 1[0m _identify(ros2_controllers/doc) by extensions ['ignore', 'ignore_ament_install']
[1.268s] [34mcolcon.colcon_core.package_identification[0m [1;30mLevel 1[0m _identify(ros2_controllers/doc) by extension 'ignore'
[1.268s] [34mcolcon.colcon_core.package_identification[0m [1;30mLevel 1[0m _identify(ros2_controllers/doc) by extension 'ignore_ament_install'
[1.268s] [34mcolcon.colcon_core.package_identification[0m [1;30mLevel 1[0m _identify(ros2_controllers/doc) by extensions ['colcon_pkg']
[1.269s] [34mcolcon.colcon_core.package_identification[0m [1;30mLevel 1[0m _identify(ros2_controllers/doc) by extension 'colcon_pkg'
[1.269s] [34mcolcon.colcon_core.package_identification[0m [1;30mLevel 1[0m _identify(ros2_controllers/doc) by extensions ['colcon_meta']
[1.269s] [34mcolcon.colcon_core.package_identification[0m [1;30mLevel 1[0m _identify(ros2_controllers/doc) by extension 'colcon_meta'
[1.269s] [34mcolcon.colcon_core.package_identification[0m [1;30mLevel 1[0m _identify(ros2_controllers/doc) by extensions ['ros']
[1.269s] [34mcolcon.colcon_core.package_identification[0m [1;30mLevel 1[0m _identify(ros2_controllers/doc) by extension 'ros'
[1.269s] [34mcolcon.colcon_core.package_identification[0m [1;30mLevel 1[0m _identify(ros2_controllers/doc) by extensions ['cmake', 'python']
[1.269s] [34mcolcon.colcon_core.package_identification[0m [1;30mLevel 1[0m _identify(ros2_controllers/doc) by extension 'cmake'
[1.269s] [34mcolcon.colcon_core.package_identification[0m [1;30mLevel 1[0m _identify(ros2_controllers/doc) by extension 'python'
[1.270s] [34mcolcon.colcon_core.package_identification[0m [1;30mLevel 1[0m _identify(ros2_controllers/doc) by extensions ['python_setup_py']
[1.270s] [34mcolcon.colcon_core.package_identification[0m [1;30mLevel 1[0m _identify(ros2_controllers/doc) by extension 'python_setup_py'
[1.270s] [34mcolcon.colcon_core.package_identification[0m [1;30mLevel 1[0m _identify(ros2_controllers/doc/images) by extensions ['ignore', 'ignore_ament_install']
[1.270s] [34mcolcon.colcon_core.package_identification[0m [1;30mLevel 1[0m _identify(ros2_controllers/doc/images) by extension 'ignore'
[1.270s] [34mcolcon.colcon_core.package_identification[0m [1;30mLevel 1[0m _identify(ros2_controllers/doc/images) by extension 'ignore_ament_install'
[1.270s] [34mcolcon.colcon_core.package_identification[0m [1;30mLevel 1[0m _identify(ros2_controllers/doc/images) by extensions ['colcon_pkg']
[1.271s] [34mcolcon.colcon_core.package_identification[0m [1;30mLevel 1[0m _identify(ros2_controllers/doc/images) by extension 'colcon_pkg'
[1.271s] [34mcolcon.colcon_core.package_identification[0m [1;30mLevel 1[0m _identify(ros2_controllers/doc/images) by extensions ['colcon_meta']
[1.271s] [34mcolcon.colcon_core.package_identification[0m [1;30mLevel 1[0m _identify(ros2_controllers/doc/images) by extension 'colcon_meta'
[1.271s] [34mcolcon.colcon_core.package_identification[0m [1;30mLevel 1[0m _identify(ros2_controllers/doc/images) by extensions ['ros']
[1.271s] [34mcolcon.colcon_core.package_identification[0m [1;30mLevel 1[0m _identify(ros2_controllers/doc/images) by extension 'ros'
[1.271s] [34mcolcon.colcon_core.package_identification[0m [1;30mLevel 1[0m _identify(ros2_controllers/doc/images) by extensions ['cmake', 'python']
[1.271s] [34mcolcon.colcon_core.package_identification[0m [1;30mLevel 1[0m _identify(ros2_controllers/doc/images) by extension 'cmake'
[1.271s] [34mcolcon.colcon_core.package_identification[0m [1;30mLevel 1[0m _identify(ros2_controllers/doc/images) by extension 'python'
[1.271s] [34mcolcon.colcon_core.package_identification[0m [1;30mLevel 1[0m _identify(ros2_controllers/doc/images) by extensions ['python_setup_py']
[1.272s] [34mcolcon.colcon_core.package_identification[0m [1;30mLevel 1[0m _identify(ros2_controllers/doc/images) by extension 'python_setup_py'
[1.272s] [34mcolcon.colcon_core.package_identification[0m [1;30mLevel 1[0m _identify(ros2_controllers/effort_controllers) by extensions ['ignore', 'ignore_ament_install']
[1.272s] [34mcolcon.colcon_core.package_identification[0m [1;30mLevel 1[0m _identify(ros2_controllers/effort_controllers) by extension 'ignore'
[1.272s] [34mcolcon.colcon_core.package_identification[0m [1;30mLevel 1[0m _identify(ros2_controllers/effort_controllers) by extension 'ignore_ament_install'
[1.272s] [34mcolcon.colcon_core.package_identification[0m [1;30mLevel 1[0m _identify(ros2_controllers/effort_controllers) by extensions ['colcon_pkg']
[1.272s] [34mcolcon.colcon_core.package_identification[0m [1;30mLevel 1[0m _identify(ros2_controllers/effort_controllers) by extension 'colcon_pkg'
[1.273s] [34mcolcon.colcon_core.package_identification[0m [1;30mLevel 1[0m _identify(ros2_controllers/effort_controllers) by extensions ['colcon_meta']
[1.273s] [34mcolcon.colcon_core.package_identification[0m [1;30mLevel 1[0m _identify(ros2_controllers/effort_controllers) by extension 'colcon_meta'
[1.273s] [34mcolcon.colcon_core.package_identification[0m [1;30mLevel 1[0m _identify(ros2_controllers/effort_controllers) by extensions ['ros']
[1.273s] [34mcolcon.colcon_core.package_identification[0m [1;30mLevel 1[0m _identify(ros2_controllers/effort_controllers) by extension 'ros'
[1.276s] [34mcolcon.colcon_core.package_identification[0m [1;30mDEBUG[0m [32mPackage 'ros2_controllers/effort_controllers' with type 'ros.ament_cmake' and name 'effort_controllers'[0m
[1.277s] [34mcolcon.colcon_core.package_identification[0m [1;30mLevel 1[0m _identify(ros2_controllers/force_torque_sensor_broadcaster) by extensions ['ignore', 'ignore_ament_install']
[1.277s] [34mcolcon.colcon_core.package_identification[0m [1;30mLevel 1[0m _identify(ros2_controllers/force_torque_sensor_broadcaster) by extension 'ignore'
[1.277s] [34mcolcon.colcon_core.package_identification[0m [1;30mLevel 1[0m _identify(ros2_controllers/force_torque_sensor_broadcaster) by extension 'ignore_ament_install'
[1.277s] [34mcolcon.colcon_core.package_identification[0m [1;30mLevel 1[0m _identify(ros2_controllers/force_torque_sensor_broadcaster) by extensions ['colcon_pkg']
[1.277s] [34mcolcon.colcon_core.package_identification[0m [1;30mLevel 1[0m _identify(ros2_controllers/force_torque_sensor_broadcaster) by extension 'colcon_pkg'
[1.277s] [34mcolcon.colcon_core.package_identification[0m [1;30mLevel 1[0m _identify(ros2_controllers/force_torque_sensor_broadcaster) by extensions ['colcon_meta']
[1.277s] [34mcolcon.colcon_core.package_identification[0m [1;30mLevel 1[0m _identify(ros2_controllers/force_torque_sensor_broadcaster) by extension 'colcon_meta'
[1.278s] [34mcolcon.colcon_core.package_identification[0m [1;30mLevel 1[0m _identify(ros2_controllers/force_torque_sensor_broadcaster) by extensions ['ros']
[1.278s] [34mcolcon.colcon_core.package_identification[0m [1;30mLevel 1[0m _identify(ros2_controllers/force_torque_sensor_broadcaster) by extension 'ros'
[1.282s] [34mcolcon.colcon_core.package_identification[0m [1;30mDEBUG[0m [32mPackage 'ros2_controllers/force_torque_sensor_broadcaster' with type 'ros.ament_cmake' and name 'force_torque_sensor_broadcaster'[0m
[1.283s] [34mcolcon.colcon_core.package_identification[0m [1;30mLevel 1[0m _identify(ros2_controllers/forward_command_controller) by extensions ['ignore', 'ignore_ament_install']
[1.283s] [34mcolcon.colcon_core.package_identification[0m [1;30mLevel 1[0m _identify(ros2_controllers/forward_command_controller) by extension 'ignore'
[1.283s] [34mcolcon.colcon_core.package_identification[0m [1;30mLevel 1[0m _identify(ros2_controllers/forward_command_controller) by extension 'ignore_ament_install'
[1.284s] [34mcolcon.colcon_core.package_identification[0m [1;30mLevel 1[0m _identify(ros2_controllers/forward_command_controller) by extensions ['colcon_pkg']
[1.284s] [34mcolcon.colcon_core.package_identification[0m [1;30mLevel 1[0m _identify(ros2_controllers/forward_command_controller) by extension 'colcon_pkg'
[1.284s] [34mcolcon.colcon_core.package_identification[0m [1;30mLevel 1[0m _identify(ros2_controllers/forward_command_controller) by extensions ['colcon_meta']
[1.284s] [34mcolcon.colcon_core.package_identification[0m [1;30mLevel 1[0m _identify(ros2_controllers/forward_command_controller) by extension 'colcon_meta'
[1.284s] [34mcolcon.colcon_core.package_identification[0m [1;30mLevel 1[0m _identify(ros2_controllers/forward_command_controller) by extensions ['ros']
[1.284s] [34mcolcon.colcon_core.package_identification[0m [1;30mLevel 1[0m _identify(ros2_controllers/forward_command_controller) by extension 'ros'
[1.288s] [34mcolcon.colcon_core.package_identification[0m [1;30mDEBUG[0m [32mPackage 'ros2_controllers/forward_command_controller' with type 'ros.ament_cmake' and name 'forward_command_controller'[0m
[1.288s] [34mcolcon.colcon_core.package_identification[0m [1;30mLevel 1[0m _identify(ros2_controllers/gpio_controllers) by extensions ['ignore', 'ignore_ament_install']
[1.288s] [34mcolcon.colcon_core.package_identification[0m [1;30mLevel 1[0m _identify(ros2_controllers/gpio_controllers) by extension 'ignore'
[1.289s] [34mcolcon.colcon_core.package_identification[0m [1;30mLevel 1[0m _identify(ros2_controllers/gpio_controllers) by extension 'ignore_ament_install'
[1.289s] [34mcolcon.colcon_core.package_identification[0m [1;30mLevel 1[0m _identify(ros2_controllers/gpio_controllers) by extensions ['colcon_pkg']
[1.289s] [34mcolcon.colcon_core.package_identification[0m [1;30mLevel 1[0m _identify(ros2_controllers/gpio_controllers) by extension 'colcon_pkg'
[1.289s] [34mcolcon.colcon_core.package_identification[0m [1;30mLevel 1[0m _identify(ros2_controllers/gpio_controllers) by extensions ['colcon_meta']
[1.289s] [34mcolcon.colcon_core.package_identification[0m [1;30mLevel 1[0m _identify(ros2_controllers/gpio_controllers) by extension 'colcon_meta'
[1.289s] [34mcolcon.colcon_core.package_identification[0m [1;30mLevel 1[0m _identify(ros2_controllers/gpio_controllers) by extensions ['ros']
[1.289s] [34mcolcon.colcon_core.package_identification[0m [1;30mLevel 1[0m _identify(ros2_controllers/gpio_controllers) by extension 'ros'
[1.293s] [34mcolcon.colcon_core.package_identification[0m [1;30mDEBUG[0m [32mPackage 'ros2_controllers/gpio_controllers' with type 'ros.ament_cmake' and name 'gpio_controllers'[0m
[1.294s] [34mcolcon.colcon_core.package_identification[0m [1;30mLevel 1[0m _identify(ros2_controllers/gripper_controllers) by extensions ['ignore', 'ignore_ament_install']
[1.295s] [34mcolcon.colcon_core.package_identification[0m [1;30mLevel 1[0m _identify(ros2_controllers/gripper_controllers) by extension 'ignore'
[1.295s] [34mcolcon.colcon_core.package_identification[0m [1;30mLevel 1[0m _identify(ros2_controllers/gripper_controllers) by extension 'ignore_ament_install'
[1.295s] [34mcolcon.colcon_core.package_identification[0m [1;30mLevel 1[0m _identify(ros2_controllers/gripper_controllers) by extensions ['colcon_pkg']
[1.295s] [34mcolcon.colcon_core.package_identification[0m [1;30mLevel 1[0m _identify(ros2_controllers/gripper_controllers) by extension 'colcon_pkg'
[1.295s] [34mcolcon.colcon_core.package_identification[0m [1;30mLevel 1[0m _identify(ros2_controllers/gripper_controllers) by extensions ['colcon_meta']
[1.295s] [34mcolcon.colcon_core.package_identification[0m [1;30mLevel 1[0m _identify(ros2_controllers/gripper_controllers) by extension 'colcon_meta'
[1.296s] [34mcolcon.colcon_core.package_identification[0m [1;30mLevel 1[0m _identify(ros2_controllers/gripper_controllers) by extensions ['ros']
[1.296s] [34mcolcon.colcon_core.package_identification[0m [1;30mLevel 1[0m _identify(ros2_controllers/gripper_controllers) by extension 'ros'
[1.300s] [34mcolcon.colcon_core.package_identification[0m [1;30mDEBUG[0m [32mPackage 'ros2_controllers/gripper_controllers' with type 'ros.ament_cmake' and name 'gripper_controllers'[0m
[1.300s] [34mcolcon.colcon_core.package_identification[0m [1;30mLevel 1[0m _identify(ros2_controllers/imu_sensor_broadcaster) by extensions ['ignore', 'ignore_ament_install']
[1.301s] [34mcolcon.colcon_core.package_identification[0m [1;30mLevel 1[0m _identify(ros2_controllers/imu_sensor_broadcaster) by extension 'ignore'
[1.301s] [34mcolcon.colcon_core.package_identification[0m [1;30mLevel 1[0m _identify(ros2_controllers/imu_sensor_broadcaster) by extension 'ignore_ament_install'
[1.301s] [34mcolcon.colcon_core.package_identification[0m [1;30mLevel 1[0m _identify(ros2_controllers/imu_sensor_broadcaster) by extensions ['colcon_pkg']
[1.301s] [34mcolcon.colcon_core.package_identification[0m [1;30mLevel 1[0m _identify(ros2_controllers/imu_sensor_broadcaster) by extension 'colcon_pkg'
[1.301s] [34mcolcon.colcon_core.package_identification[0m [1;30mLevel 1[0m _identify(ros2_controllers/imu_sensor_broadcaster) by extensions ['colcon_meta']
[1.301s] [34mcolcon.colcon_core.package_identification[0m [1;30mLevel 1[0m _identify(ros2_controllers/imu_sensor_broadcaster) by extension 'colcon_meta'
[1.301s] [34mcolcon.colcon_core.package_identification[0m [1;30mLevel 1[0m _identify(ros2_controllers/imu_sensor_broadcaster) by extensions ['ros']
[1.302s] [34mcolcon.colcon_core.package_identification[0m [1;30mLevel 1[0m _identify(ros2_controllers/imu_sensor_broadcaster) by extension 'ros'
[1.306s] [34mcolcon.colcon_core.package_identification[0m [1;30mDEBUG[0m [32mPackage 'ros2_controllers/imu_sensor_broadcaster' with type 'ros.ament_cmake' and name 'imu_sensor_broadcaster'[0m
[1.306s] [34mcolcon.colcon_core.package_identification[0m [1;30mLevel 1[0m _identify(ros2_controllers/joint_state_broadcaster) by extensions ['ignore', 'ignore_ament_install']
[1.306s] [34mcolcon.colcon_core.package_identification[0m [1;30mLevel 1[0m _identify(ros2_controllers/joint_state_broadcaster) by extension 'ignore'
[1.307s] [34mcolcon.colcon_core.package_identification[0m [1;30mLevel 1[0m _identify(ros2_controllers/joint_state_broadcaster) by extension 'ignore_ament_install'
[1.307s] [34mcolcon.colcon_core.package_identification[0m [1;30mLevel 1[0m _identify(ros2_controllers/joint_state_broadcaster) by extensions ['colcon_pkg']
[1.307s] [34mcolcon.colcon_core.package_identification[0m [1;30mLevel 1[0m _identify(ros2_controllers/joint_state_broadcaster) by extension 'colcon_pkg'
[1.307s] [34mcolcon.colcon_core.package_identification[0m [1;30mLevel 1[0m _identify(ros2_controllers/joint_state_broadcaster) by extensions ['colcon_meta']
[1.307s] [34mcolcon.colcon_core.package_identification[0m [1;30mLevel 1[0m _identify(ros2_controllers/joint_state_broadcaster) by extension 'colcon_meta'
[1.307s] [34mcolcon.colcon_core.package_identification[0m [1;30mLevel 1[0m _identify(ros2_controllers/joint_state_broadcaster) by extensions ['ros']
[1.307s] [34mcolcon.colcon_core.package_identification[0m [1;30mLevel 1[0m _identify(ros2_controllers/joint_state_broadcaster) by extension 'ros'
[1.312s] [34mcolcon.colcon_core.package_identification[0m [1;30mDEBUG[0m [32mPackage 'ros2_controllers/joint_state_broadcaster' with type 'ros.ament_cmake' and name 'joint_state_broadcaster'[0m
[1.312s] [34mcolcon.colcon_core.package_identification[0m [1;30mLevel 1[0m _identify(ros2_controllers/joint_trajectory_controller) by extensions ['ignore', 'ignore_ament_install']
[1.313s] [34mcolcon.colcon_core.package_identification[0m [1;30mLevel 1[0m _identify(ros2_controllers/joint_trajectory_controller) by extension 'ignore'
[1.313s] [34mcolcon.colcon_core.package_identification[0m [1;30mLevel 1[0m _identify(ros2_controllers/joint_trajectory_controller) by extension 'ignore_ament_install'
[1.313s] [34mcolcon.colcon_core.package_identification[0m [1;30mLevel 1[0m _identify(ros2_controllers/joint_trajectory_controller) by extensions ['colcon_pkg']
[1.313s] [34mcolcon.colcon_core.package_identification[0m [1;30mLevel 1[0m _identify(ros2_controllers/joint_trajectory_controller) by extension 'colcon_pkg'
[1.313s] [34mcolcon.colcon_core.package_identification[0m [1;30mLevel 1[0m _identify(ros2_controllers/joint_trajectory_controller) by extensions ['colcon_meta']
[1.313s] [34mcolcon.colcon_core.package_identification[0m [1;30mLevel 1[0m _identify(ros2_controllers/joint_trajectory_controller) by extension 'colcon_meta'
[1.313s] [34mcolcon.colcon_core.package_identification[0m [1;30mLevel 1[0m _identify(ros2_controllers/joint_trajectory_controller) by extensions ['ros']
[1.314s] [34mcolcon.colcon_core.package_identification[0m [1;30mLevel 1[0m _identify(ros2_controllers/joint_trajectory_controller) by extension 'ros'
[1.319s] [34mcolcon.colcon_core.package_identification[0m [1;30mDEBUG[0m [32mPackage 'ros2_controllers/joint_trajectory_controller' with type 'ros.ament_cmake' and name 'joint_trajectory_controller'[0m
[1.319s] [34mcolcon.colcon_core.package_identification[0m [1;30mLevel 1[0m _identify(ros2_controllers/mecanum_drive_controller) by extensions ['ignore', 'ignore_ament_install']
[1.319s] [34mcolcon.colcon_core.package_identification[0m [1;30mLevel 1[0m _identify(ros2_controllers/mecanum_drive_controller) by extension 'ignore'
[1.319s] [34mcolcon.colcon_core.package_identification[0m [1;30mLevel 1[0m _identify(ros2_controllers/mecanum_drive_controller) by extension 'ignore_ament_install'
[1.320s] [34mcolcon.colcon_core.package_identification[0m [1;30mLevel 1[0m _identify(ros2_controllers/mecanum_drive_controller) by extensions ['colcon_pkg']
[1.320s] [34mcolcon.colcon_core.package_identification[0m [1;30mLevel 1[0m _identify(ros2_controllers/mecanum_drive_controller) by extension 'colcon_pkg'
[1.320s] [34mcolcon.colcon_core.package_identification[0m [1;30mLevel 1[0m _identify(ros2_controllers/mecanum_drive_controller) by extensions ['colcon_meta']
[1.320s] [34mcolcon.colcon_core.package_identification[0m [1;30mLevel 1[0m _identify(ros2_controllers/mecanum_drive_controller) by extension 'colcon_meta'
[1.320s] [34mcolcon.colcon_core.package_identification[0m [1;30mLevel 1[0m _identify(ros2_controllers/mecanum_drive_controller) by extensions ['ros']
[1.320s] [34mcolcon.colcon_core.package_identification[0m [1;30mLevel 1[0m _identify(ros2_controllers/mecanum_drive_controller) by extension 'ros'
[1.326s] [34mcolcon.colcon_core.package_identification[0m [1;30mDEBUG[0m [32mPackage 'ros2_controllers/mecanum_drive_controller' with type 'ros.ament_cmake' and name 'mecanum_drive_controller'[0m
[1.326s] [34mcolcon.colcon_core.package_identification[0m [1;30mLevel 1[0m _identify(ros2_controllers/pid_controller) by extensions ['ignore', 'ignore_ament_install']
[1.326s] [34mcolcon.colcon_core.package_identification[0m [1;30mLevel 1[0m _identify(ros2_controllers/pid_controller) by extension 'ignore'
[1.327s] [34mcolcon.colcon_core.package_identification[0m [1;30mLevel 1[0m _identify(ros2_controllers/pid_controller) by extension 'ignore_ament_install'
[1.327s] [34mcolcon.colcon_core.package_identification[0m [1;30mLevel 1[0m _identify(ros2_controllers/pid_controller) by extensions ['colcon_pkg']
[1.327s] [34mcolcon.colcon_core.package_identification[0m [1;30mLevel 1[0m _identify(ros2_controllers/pid_controller) by extension 'colcon_pkg'
[1.327s] [34mcolcon.colcon_core.package_identification[0m [1;30mLevel 1[0m _identify(ros2_controllers/pid_controller) by extensions ['colcon_meta']
[1.327s] [34mcolcon.colcon_core.package_identification[0m [1;30mLevel 1[0m _identify(ros2_controllers/pid_controller) by extension 'colcon_meta'
[1.327s] [34mcolcon.colcon_core.package_identification[0m [1;30mLevel 1[0m _identify(ros2_controllers/pid_controller) by extensions ['ros']
[1.327s] [34mcolcon.colcon_core.package_identification[0m [1;30mLevel 1[0m _identify(ros2_controllers/pid_controller) by extension 'ros'
[1.332s] [34mcolcon.colcon_core.package_identification[0m [1;30mDEBUG[0m [32mPackage 'ros2_controllers/pid_controller' with type 'ros.ament_cmake' and name 'pid_controller'[0m
[1.332s] [34mcolcon.colcon_core.package_identification[0m [1;30mLevel 1[0m _identify(ros2_controllers/pose_broadcaster) by extensions ['ignore', 'ignore_ament_install']
[1.333s] [34mcolcon.colcon_core.package_identification[0m [1;30mLevel 1[0m _identify(ros2_controllers/pose_broadcaster) by extension 'ignore'
[1.333s] [34mcolcon.colcon_core.package_identification[0m [1;30mLevel 1[0m _identify(ros2_controllers/pose_broadcaster) by extension 'ignore_ament_install'
[1.334s] [34mcolcon.colcon_core.package_identification[0m [1;30mLevel 1[0m _identify(ros2_controllers/pose_broadcaster) by extensions ['colcon_pkg']
[1.334s] [34mcolcon.colcon_core.package_identification[0m [1;30mLevel 1[0m _identify(ros2_controllers/pose_broadcaster) by extension 'colcon_pkg'
[1.334s] [34mcolcon.colcon_core.package_identification[0m [1;30mLevel 1[0m _identify(ros2_controllers/pose_broadcaster) by extensions ['colcon_meta']
[1.334s] [34mcolcon.colcon_core.package_identification[0m [1;30mLevel 1[0m _identify(ros2_controllers/pose_broadcaster) by extension 'colcon_meta'
[1.334s] [34mcolcon.colcon_core.package_identification[0m [1;30mLevel 1[0m _identify(ros2_controllers/pose_broadcaster) by extensions ['ros']
[1.334s] [34mcolcon.colcon_core.package_identification[0m [1;30mLevel 1[0m _identify(ros2_controllers/pose_broadcaster) by extension 'ros'
[1.339s] [34mcolcon.colcon_core.package_identification[0m [1;30mDEBUG[0m [32mPackage 'ros2_controllers/pose_broadcaster' with type 'ros.ament_cmake' and name 'pose_broadcaster'[0m
[1.340s] [34mcolcon.colcon_core.package_identification[0m [1;30mLevel 1[0m _identify(ros2_controllers/position_controllers) by extensions ['ignore', 'ignore_ament_install']
[1.340s] [34mcolcon.colcon_core.package_identification[0m [1;30mLevel 1[0m _identify(ros2_controllers/position_controllers) by extension 'ignore'
[1.340s] [34mcolcon.colcon_core.package_identification[0m [1;30mLevel 1[0m _identify(ros2_controllers/position_controllers) by extension 'ignore_ament_install'
[1.340s] [34mcolcon.colcon_core.package_identification[0m [1;30mLevel 1[0m _identify(ros2_controllers/position_controllers) by extensions ['colcon_pkg']
[1.340s] [34mcolcon.colcon_core.package_identification[0m [1;30mLevel 1[0m _identify(ros2_controllers/position_controllers) by extension 'colcon_pkg'
[1.340s] [34mcolcon.colcon_core.package_identification[0m [1;30mLevel 1[0m _identify(ros2_controllers/position_controllers) by extensions ['colcon_meta']
[1.341s] [34mcolcon.colcon_core.package_identification[0m [1;30mLevel 1[0m _identify(ros2_controllers/position_controllers) by extension 'colcon_meta'
[1.341s] [34mcolcon.colcon_core.package_identification[0m [1;30mLevel 1[0m _identify(ros2_controllers/position_controllers) by extensions ['ros']
[1.341s] [34mcolcon.colcon_core.package_identification[0m [1;30mLevel 1[0m _identify(ros2_controllers/position_controllers) by extension 'ros'
[1.347s] [34mcolcon.colcon_core.package_identification[0m [1;30mDEBUG[0m [32mPackage 'ros2_controllers/position_controllers' with type 'ros.ament_cmake' and name 'position_controllers'[0m
[1.348s] [34mcolcon.colcon_core.package_identification[0m [1;30mLevel 1[0m _identify(ros2_controllers/range_sensor_broadcaster) by extensions ['ignore', 'ignore_ament_install']
[1.348s] [34mcolcon.colcon_core.package_identification[0m [1;30mLevel 1[0m _identify(ros2_controllers/range_sensor_broadcaster) by extension 'ignore'
[1.348s] [34mcolcon.colcon_core.package_identification[0m [1;30mLevel 1[0m _identify(ros2_controllers/range_sensor_broadcaster) by extension 'ignore_ament_install'
[1.349s] [34mcolcon.colcon_core.package_identification[0m [1;30mLevel 1[0m _identify(ros2_controllers/range_sensor_broadcaster) by extensions ['colcon_pkg']
[1.349s] [34mcolcon.colcon_core.package_identification[0m [1;30mLevel 1[0m _identify(ros2_controllers/range_sensor_broadcaster) by extension 'colcon_pkg'
[1.349s] [34mcolcon.colcon_core.package_identification[0m [1;30mLevel 1[0m _identify(ros2_controllers/range_sensor_broadcaster) by extensions ['colcon_meta']
[1.349s] [34mcolcon.colcon_core.package_identification[0m [1;30mLevel 1[0m _identify(ros2_controllers/range_sensor_broadcaster) by extension 'colcon_meta'
[1.349s] [34mcolcon.colcon_core.package_identification[0m [1;30mLevel 1[0m _identify(ros2_controllers/range_sensor_broadcaster) by extensions ['ros']
[1.350s] [34mcolcon.colcon_core.package_identification[0m [1;30mLevel 1[0m _identify(ros2_controllers/range_sensor_broadcaster) by extension 'ros'
[1.355s] [34mcolcon.colcon_core.package_identification[0m [1;30mDEBUG[0m [32mPackage 'ros2_controllers/range_sensor_broadcaster' with type 'ros.ament_cmake' and name 'range_sensor_broadcaster'[0m
[1.356s] [34mcolcon.colcon_core.package_identification[0m [1;30mLevel 1[0m _identify(ros2_controllers/ros2_controllers) by extensions ['ignore', 'ignore_ament_install']
[1.356s] [34mcolcon.colcon_core.package_identification[0m [1;30mLevel 1[0m _identify(ros2_controllers/ros2_controllers) by extension 'ignore'
[1.356s] [34mcolcon.colcon_core.package_identification[0m [1;30mLevel 1[0m _identify(ros2_controllers/ros2_controllers) by extension 'ignore_ament_install'
[1.356s] [34mcolcon.colcon_core.package_identification[0m [1;30mLevel 1[0m _identify(ros2_controllers/ros2_controllers) by extensions ['colcon_pkg']
[1.356s] [34mcolcon.colcon_core.package_identification[0m [1;30mLevel 1[0m _identify(ros2_controllers/ros2_controllers) by extension 'colcon_pkg'
[1.357s] [34mcolcon.colcon_core.package_identification[0m [1;30mLevel 1[0m _identify(ros2_controllers/ros2_controllers) by extensions ['colcon_meta']
[1.357s] [34mcolcon.colcon_core.package_identification[0m [1;30mLevel 1[0m _identify(ros2_controllers/ros2_controllers) by extension 'colcon_meta'
[1.357s] [34mcolcon.colcon_core.package_identification[0m [1;30mLevel 1[0m _identify(ros2_controllers/ros2_controllers) by extensions ['ros']
[1.357s] [34mcolcon.colcon_core.package_identification[0m [1;30mLevel 1[0m _identify(ros2_controllers/ros2_controllers) by extension 'ros'
[1.359s] [34mcolcon.colcon_core.package_identification[0m [1;30mDEBUG[0m [32mPackage 'ros2_controllers/ros2_controllers' with type 'ros.ament_cmake' and name 'ros2_controllers'[0m
[1.360s] [34mcolcon.colcon_core.package_identification[0m [1;30mLevel 1[0m _identify(ros2_controllers/ros2_controllers_test_nodes) by extensions ['ignore', 'ignore_ament_install']
[1.360s] [34mcolcon.colcon_core.package_identification[0m [1;30mLevel 1[0m _identify(ros2_controllers/ros2_controllers_test_nodes) by extension 'ignore'
[1.360s] [34mcolcon.colcon_core.package_identification[0m [1;30mLevel 1[0m _identify(ros2_controllers/ros2_controllers_test_nodes) ignored
[1.361s] [34mcolcon.colcon_core.package_identification[0m [1;30mLevel 1[0m _identify(ros2_controllers/rqt_joint_trajectory_controller) by extensions ['ignore', 'ignore_ament_install']
[1.361s] [34mcolcon.colcon_core.package_identification[0m [1;30mLevel 1[0m _identify(ros2_controllers/rqt_joint_trajectory_controller) by extension 'ignore'
[1.361s] [34mcolcon.colcon_core.package_identification[0m [1;30mLevel 1[0m _identify(ros2_controllers/rqt_joint_trajectory_controller) ignored
[1.361s] [34mcolcon.colcon_core.package_identification[0m [1;30mLevel 1[0m _identify(ros2_controllers/steering_controllers_library) by extensions ['ignore', 'ignore_ament_install']
[1.361s] [34mcolcon.colcon_core.package_identification[0m [1;30mLevel 1[0m _identify(ros2_controllers/steering_controllers_library) by extension 'ignore'
[1.362s] [34mcolcon.colcon_core.package_identification[0m [1;30mLevel 1[0m _identify(ros2_controllers/steering_controllers_library) by extension 'ignore_ament_install'
[1.362s] [34mcolcon.colcon_core.package_identification[0m [1;30mLevel 1[0m _identify(ros2_controllers/steering_controllers_library) by extensions ['colcon_pkg']
[1.362s] [34mcolcon.colcon_core.package_identification[0m [1;30mLevel 1[0m _identify(ros2_controllers/steering_controllers_library) by extension 'colcon_pkg'
[1.362s] [34mcolcon.colcon_core.package_identification[0m [1;30mLevel 1[0m _identify(ros2_controllers/steering_controllers_library) by extensions ['colcon_meta']
[1.362s] [34mcolcon.colcon_core.package_identification[0m [1;30mLevel 1[0m _identify(ros2_controllers/steering_controllers_library) by extension 'colcon_meta'
[1.362s] [34mcolcon.colcon_core.package_identification[0m [1;30mLevel 1[0m _identify(ros2_controllers/steering_controllers_library) by extensions ['ros']
[1.362s] [34mcolcon.colcon_core.package_identification[0m [1;30mLevel 1[0m _identify(ros2_controllers/steering_controllers_library) by extension 'ros'
[1.391s] [34mcolcon.colcon_core.package_identification[0m [1;30mDEBUG[0m [32mPackage 'ros2_controllers/steering_controllers_library' with type 'ros.ament_cmake' and name 'steering_controllers_library'[0m
[1.391s] [34mcolcon.colcon_core.package_identification[0m [1;30mLevel 1[0m _identify(ros2_controllers/tricycle_controller) by extensions ['ignore', 'ignore_ament_install']
[1.392s] [34mcolcon.colcon_core.package_identification[0m [1;30mLevel 1[0m _identify(ros2_controllers/tricycle_controller) by extension 'ignore'
[1.392s] [34mcolcon.colcon_core.package_identification[0m [1;30mLevel 1[0m _identify(ros2_controllers/tricycle_controller) by extension 'ignore_ament_install'
[1.392s] [34mcolcon.colcon_core.package_identification[0m [1;30mLevel 1[0m _identify(ros2_controllers/tricycle_controller) by extensions ['colcon_pkg']
[1.392s] [34mcolcon.colcon_core.package_identification[0m [1;30mLevel 1[0m _identify(ros2_controllers/tricycle_controller) by extension 'colcon_pkg'
[1.392s] [34mcolcon.colcon_core.package_identification[0m [1;30mLevel 1[0m _identify(ros2_controllers/tricycle_controller) by extensions ['colcon_meta']
[1.392s] [34mcolcon.colcon_core.package_identification[0m [1;30mLevel 1[0m _identify(ros2_controllers/tricycle_controller) by extension 'colcon_meta'
[1.392s] [34mcolcon.colcon_core.package_identification[0m [1;30mLevel 1[0m _identify(ros2_controllers/tricycle_controller) by extensions ['ros']
[1.393s] [34mcolcon.colcon_core.package_identification[0m [1;30mLevel 1[0m _identify(ros2_controllers/tricycle_controller) by extension 'ros'
[1.398s] [34mcolcon.colcon_core.package_identification[0m [1;30mDEBUG[0m [32mPackage 'ros2_controllers/tricycle_controller' with type 'ros.ament_cmake' and name 'tricycle_controller'[0m
[1.398s] [34mcolcon.colcon_core.package_identification[0m [1;30mLevel 1[0m _identify(ros2_controllers/tricycle_steering_controller) by extensions ['ignore', 'ignore_ament_install']
[1.398s] [34mcolcon.colcon_core.package_identification[0m [1;30mLevel 1[0m _identify(ros2_controllers/tricycle_steering_controller) by extension 'ignore'
[1.399s] [34mcolcon.colcon_core.package_identification[0m [1;30mLevel 1[0m _identify(ros2_controllers/tricycle_steering_controller) by extension 'ignore_ament_install'
[1.399s] [34mcolcon.colcon_core.package_identification[0m [1;30mLevel 1[0m _identify(ros2_controllers/tricycle_steering_controller) by extensions ['colcon_pkg']
[1.399s] [34mcolcon.colcon_core.package_identification[0m [1;30mLevel 1[0m _identify(ros2_controllers/tricycle_steering_controller) by extension 'colcon_pkg'
[1.399s] [34mcolcon.colcon_core.package_identification[0m [1;30mLevel 1[0m _identify(ros2_controllers/tricycle_steering_controller) by extensions ['colcon_meta']
[1.399s] [34mcolcon.colcon_core.package_identification[0m [1;30mLevel 1[0m _identify(ros2_controllers/tricycle_steering_controller) by extension 'colcon_meta'
[1.399s] [34mcolcon.colcon_core.package_identification[0m [1;30mLevel 1[0m _identify(ros2_controllers/tricycle_steering_controller) by extensions ['ros']
[1.399s] [34mcolcon.colcon_core.package_identification[0m [1;30mLevel 1[0m _identify(ros2_controllers/tricycle_steering_controller) by extension 'ros'
[1.404s] [34mcolcon.colcon_core.package_identification[0m [1;30mDEBUG[0m [32mPackage 'ros2_controllers/tricycle_steering_controller' with type 'ros.ament_cmake' and name 'tricycle_steering_controller'[0m
[1.404s] [34mcolcon.colcon_core.package_identification[0m [1;30mLevel 1[0m _identify(ros2_controllers/velocity_controllers) by extensions ['ignore', 'ignore_ament_install']
[1.404s] [34mcolcon.colcon_core.package_identification[0m [1;30mLevel 1[0m _identify(ros2_controllers/velocity_controllers) by extension 'ignore'
[1.405s] [34mcolcon.colcon_core.package_identification[0m [1;30mLevel 1[0m _identify(ros2_controllers/velocity_controllers) by extension 'ignore_ament_install'
[1.405s] [34mcolcon.colcon_core.package_identification[0m [1;30mLevel 1[0m _identify(ros2_controllers/velocity_controllers) by extensions ['colcon_pkg']
[1.405s] [34mcolcon.colcon_core.package_identification[0m [1;30mLevel 1[0m _identify(ros2_controllers/velocity_controllers) by extension 'colcon_pkg'
[1.405s] [34mcolcon.colcon_core.package_identification[0m [1;30mLevel 1[0m _identify(ros2_controllers/velocity_controllers) by extensions ['colcon_meta']
[1.405s] [34mcolcon.colcon_core.package_identification[0m [1;30mLevel 1[0m _identify(ros2_controllers/velocity_controllers) by extension 'colcon_meta'
[1.405s] [34mcolcon.colcon_core.package_identification[0m [1;30mLevel 1[0m _identify(ros2_controllers/velocity_controllers) by extensions ['ros']
[1.405s] [34mcolcon.colcon_core.package_identification[0m [1;30mLevel 1[0m _identify(ros2_controllers/velocity_controllers) by extension 'ros'
[1.408s] [34mcolcon.colcon_core.package_identification[0m [1;30mDEBUG[0m [32mPackage 'ros2_controllers/velocity_controllers' with type 'ros.ament_cmake' and name 'velocity_controllers'[0m
[1.409s] [34mcolcon.colcon_core.package_identification[0m [1;30mLevel 1[0m _identify(ros2_robotiq_gripper) by extensions ['ignore', 'ignore_ament_install']
[1.409s] [34mcolcon.colcon_core.package_identification[0m [1;30mLevel 1[0m _identify(ros2_robotiq_gripper) by extension 'ignore'
[1.409s] [34mcolcon.colcon_core.package_identification[0m [1;30mLevel 1[0m _identify(ros2_robotiq_gripper) by extension 'ignore_ament_install'
[1.409s] [34mcolcon.colcon_core.package_identification[0m [1;30mLevel 1[0m _identify(ros2_robotiq_gripper) by extensions ['colcon_pkg']
[1.409s] [34mcolcon.colcon_core.package_identification[0m [1;30mLevel 1[0m _identify(ros2_robotiq_gripper) by extension 'colcon_pkg'
[1.410s] [34mcolcon.colcon_core.package_identification[0m [1;30mLevel 1[0m _identify(ros2_robotiq_gripper) by extensions ['colcon_meta']
[1.410s] [34mcolcon.colcon_core.package_identification[0m [1;30mLevel 1[0m _identify(ros2_robotiq_gripper) by extension 'colcon_meta'
[1.410s] [34mcolcon.colcon_core.package_identification[0m [1;30mLevel 1[0m _identify(ros2_robotiq_gripper) by extensions ['ros']
[1.410s] [34mcolcon.colcon_core.package_identification[0m [1;30mLevel 1[0m _identify(ros2_robotiq_gripper) by extension 'ros'
[1.410s] [34mcolcon.colcon_core.package_identification[0m [1;30mLevel 1[0m _identify(ros2_robotiq_gripper) by extensions ['cmake', 'python']
[1.410s] [34mcolcon.colcon_core.package_identification[0m [1;30mLevel 1[0m _identify(ros2_robotiq_gripper) by extension 'cmake'
[1.410s] [34mcolcon.colcon_core.package_identification[0m [1;30mLevel 1[0m _identify(ros2_robotiq_gripper) by extension 'python'
[1.411s] [34mcolcon.colcon_core.package_identification[0m [1;30mLevel 1[0m _identify(ros2_robotiq_gripper) by extensions ['python_setup_py']
[1.411s] [34mcolcon.colcon_core.package_identification[0m [1;30mLevel 1[0m _identify(ros2_robotiq_gripper) by extension 'python_setup_py'
[1.411s] [34mcolcon.colcon_core.package_identification[0m [1;30mLevel 1[0m _identify(ros2_robotiq_gripper/robotiq_controllers) by extensions ['ignore', 'ignore_ament_install']
[1.411s] [34mcolcon.colcon_core.package_identification[0m [1;30mLevel 1[0m _identify(ros2_robotiq_gripper/robotiq_controllers) by extension 'ignore'
[1.411s] [34mcolcon.colcon_core.package_identification[0m [1;30mLevel 1[0m _identify(ros2_robotiq_gripper/robotiq_controllers) by extension 'ignore_ament_install'
[1.412s] [34mcolcon.colcon_core.package_identification[0m [1;30mLevel 1[0m _identify(ros2_robotiq_gripper/robotiq_controllers) by extensions ['colcon_pkg']
[1.412s] [34mcolcon.colcon_core.package_identification[0m [1;30mLevel 1[0m _identify(ros2_robotiq_gripper/robotiq_controllers) by extension 'colcon_pkg'
[1.412s] [34mcolcon.colcon_core.package_identification[0m [1;30mLevel 1[0m _identify(ros2_robotiq_gripper/robotiq_controllers) by extensions ['colcon_meta']
[1.412s] [34mcolcon.colcon_core.package_identification[0m [1;30mLevel 1[0m _identify(ros2_robotiq_gripper/robotiq_controllers) by extension 'colcon_meta'
[1.412s] [34mcolcon.colcon_core.package_identification[0m [1;30mLevel 1[0m _identify(ros2_robotiq_gripper/robotiq_controllers) by extensions ['ros']
[1.412s] [34mcolcon.colcon_core.package_identification[0m [1;30mLevel 1[0m _identify(ros2_robotiq_gripper/robotiq_controllers) by extension 'ros'
[1.414s] [34mcolcon.colcon_core.package_identification[0m [1;30mDEBUG[0m [32mPackage 'ros2_robotiq_gripper/robotiq_controllers' with type 'ros.ament_cmake' and name 'robotiq_controllers'[0m
[1.415s] [34mcolcon.colcon_core.package_identification[0m [1;30mLevel 1[0m _identify(ros2_robotiq_gripper/robotiq_description) by extensions ['ignore', 'ignore_ament_install']
[1.415s] [34mcolcon.colcon_core.package_identification[0m [1;30mLevel 1[0m _identify(ros2_robotiq_gripper/robotiq_description) by extension 'ignore'
[1.415s] [34mcolcon.colcon_core.package_identification[0m [1;30mLevel 1[0m _identify(ros2_robotiq_gripper/robotiq_description) by extension 'ignore_ament_install'
[1.415s] [34mcolcon.colcon_core.package_identification[0m [1;30mLevel 1[0m _identify(ros2_robotiq_gripper/robotiq_description) by extensions ['colcon_pkg']
[1.416s] [34mcolcon.colcon_core.package_identification[0m [1;30mLevel 1[0m _identify(ros2_robotiq_gripper/robotiq_description) by extension 'colcon_pkg'
[1.416s] [34mcolcon.colcon_core.package_identification[0m [1;30mLevel 1[0m _identify(ros2_robotiq_gripper/robotiq_description) by extensions ['colcon_meta']
[1.416s] [34mcolcon.colcon_core.package_identification[0m [1;30mLevel 1[0m _identify(ros2_robotiq_gripper/robotiq_description) by extension 'colcon_meta'
[1.416s] [34mcolcon.colcon_core.package_identification[0m [1;30mLevel 1[0m _identify(ros2_robotiq_gripper/robotiq_description) by extensions ['ros']
[1.416s] [34mcolcon.colcon_core.package_identification[0m [1;30mLevel 1[0m _identify(ros2_robotiq_gripper/robotiq_description) by extension 'ros'
[1.418s] [34mcolcon.colcon_core.package_identification[0m [1;30mDEBUG[0m [32mPackage 'ros2_robotiq_gripper/robotiq_description' with type 'ros.ament_cmake' and name 'robotiq_description'[0m
[1.419s] [34mcolcon.colcon_core.package_identification[0m [1;30mLevel 1[0m _identify(ros2_robotiq_gripper/robotiq_driver) by extensions ['ignore', 'ignore_ament_install']
[1.419s] [34mcolcon.colcon_core.package_identification[0m [1;30mLevel 1[0m _identify(ros2_robotiq_gripper/robotiq_driver) by extension 'ignore'
[1.419s] [34mcolcon.colcon_core.package_identification[0m [1;30mLevel 1[0m _identify(ros2_robotiq_gripper/robotiq_driver) by extension 'ignore_ament_install'
[1.419s] [34mcolcon.colcon_core.package_identification[0m [1;30mLevel 1[0m _identify(ros2_robotiq_gripper/robotiq_driver) by extensions ['colcon_pkg']
[1.419s] [34mcolcon.colcon_core.package_identification[0m [1;30mLevel 1[0m _identify(ros2_robotiq_gripper/robotiq_driver) by extension 'colcon_pkg'
[1.420s] [34mcolcon.colcon_core.package_identification[0m [1;30mLevel 1[0m _identify(ros2_robotiq_gripper/robotiq_driver) by extensions ['colcon_meta']
[1.420s] [34mcolcon.colcon_core.package_identification[0m [1;30mLevel 1[0m _identify(ros2_robotiq_gripper/robotiq_driver) by extension 'colcon_meta'
[1.420s] [34mcolcon.colcon_core.package_identification[0m [1;30mLevel 1[0m _identify(ros2_robotiq_gripper/robotiq_driver) by extensions ['ros']
[1.420s] [34mcolcon.colcon_core.package_identification[0m [1;30mLevel 1[0m _identify(ros2_robotiq_gripper/robotiq_driver) by extension 'ros'
[1.423s] [34mcolcon.colcon_core.package_identification[0m [1;30mDEBUG[0m [32mPackage 'ros2_robotiq_gripper/robotiq_driver' with type 'ros.ament_cmake' and name 'robotiq_driver'[0m
[1.423s] [34mcolcon.colcon_core.package_identification[0m [1;30mLevel 1[0m _identify(ros2_robotiq_gripper/robotiq_hardware_tests) by extensions ['ignore', 'ignore_ament_install']
[1.424s] [34mcolcon.colcon_core.package_identification[0m [1;30mLevel 1[0m _identify(ros2_robotiq_gripper/robotiq_hardware_tests) by extension 'ignore'
[1.424s] [34mcolcon.colcon_core.package_identification[0m [1;30mLevel 1[0m _identify(ros2_robotiq_gripper/robotiq_hardware_tests) by extension 'ignore_ament_install'
[1.424s] [34mcolcon.colcon_core.package_identification[0m [1;30mLevel 1[0m _identify(ros2_robotiq_gripper/robotiq_hardware_tests) by extensions ['colcon_pkg']
[1.424s] [34mcolcon.colcon_core.package_identification[0m [1;30mLevel 1[0m _identify(ros2_robotiq_gripper/robotiq_hardware_tests) by extension 'colcon_pkg'
[1.424s] [34mcolcon.colcon_core.package_identification[0m [1;30mLevel 1[0m _identify(ros2_robotiq_gripper/robotiq_hardware_tests) by extensions ['colcon_meta']
[1.424s] [34mcolcon.colcon_core.package_identification[0m [1;30mLevel 1[0m _identify(ros2_robotiq_gripper/robotiq_hardware_tests) by extension 'colcon_meta'
[1.424s] [34mcolcon.colcon_core.package_identification[0m [1;30mLevel 1[0m _identify(ros2_robotiq_gripper/robotiq_hardware_tests) by extensions ['ros']
[1.425s] [34mcolcon.colcon_core.package_identification[0m [1;30mLevel 1[0m _identify(ros2_robotiq_gripper/robotiq_hardware_tests) by extension 'ros'
[1.427s] [34mcolcon.colcon_core.package_identification[0m [1;30mDEBUG[0m [32mPackage 'ros2_robotiq_gripper/robotiq_hardware_tests' with type 'ros.ament_cmake' and name 'robotiq_hardware_tests'[0m
[1.427s] [34mcolcon.colcon_core.package_identification[0m [1;30mLevel 1[0m _identify(ros2srrc_data) by extensions ['ignore', 'ignore_ament_install']
[1.428s] [34mcolcon.colcon_core.package_identification[0m [1;30mLevel 1[0m _identify(ros2srrc_data) by extension 'ignore'
[1.428s] [34mcolcon.colcon_core.package_identification[0m [1;30mLevel 1[0m _identify(ros2srrc_data) by extension 'ignore_ament_install'
[1.428s] [34mcolcon.colcon_core.package_identification[0m [1;30mLevel 1[0m _identify(ros2srrc_data) by extensions ['colcon_pkg']
[1.428s] [34mcolcon.colcon_core.package_identification[0m [1;30mLevel 1[0m _identify(ros2srrc_data) by extension 'colcon_pkg'
[1.428s] [34mcolcon.colcon_core.package_identification[0m [1;30mLevel 1[0m _identify(ros2srrc_data) by extensions ['colcon_meta']
[1.428s] [34mcolcon.colcon_core.package_identification[0m [1;30mLevel 1[0m _identify(ros2srrc_data) by extension 'colcon_meta'
[1.428s] [34mcolcon.colcon_core.package_identification[0m [1;30mLevel 1[0m _identify(ros2srrc_data) by extensions ['ros']
[1.429s] [34mcolcon.colcon_core.package_identification[0m [1;30mLevel 1[0m _identify(ros2srrc_data) by extension 'ros'
[1.431s] [34mcolcon.colcon_core.package_identification[0m [1;30mDEBUG[0m [32mPackage 'ros2srrc_data' with type 'ros.ament_cmake' and name 'ros2srrc_data'[0m
[1.431s] [34mcolcon.colcon_core.package_identification[0m [1;30mLevel 1[0m _identify(ros2srrc_endeffectors) by extensions ['ignore', 'ignore_ament_install']
[1.432s] [34mcolcon.colcon_core.package_identification[0m [1;30mLevel 1[0m _identify(ros2srrc_endeffectors) by extension 'ignore'
[1.432s] [34mcolcon.colcon_core.package_identification[0m [1;30mLevel 1[0m _identify(ros2srrc_endeffectors) by extension 'ignore_ament_install'
[1.432s] [34mcolcon.colcon_core.package_identification[0m [1;30mLevel 1[0m _identify(ros2srrc_endeffectors) by extensions ['colcon_pkg']
[1.432s] [34mcolcon.colcon_core.package_identification[0m [1;30mLevel 1[0m _identify(ros2srrc_endeffectors) by extension 'colcon_pkg'
[1.432s] [34mcolcon.colcon_core.package_identification[0m [1;30mLevel 1[0m _identify(ros2srrc_endeffectors) by extensions ['colcon_meta']
[1.432s] [34mcolcon.colcon_core.package_identification[0m [1;30mLevel 1[0m _identify(ros2srrc_endeffectors) by extension 'colcon_meta'
[1.433s] [34mcolcon.colcon_core.package_identification[0m [1;30mLevel 1[0m _identify(ros2srrc_endeffectors) by extensions ['ros']
[1.433s] [34mcolcon.colcon_core.package_identification[0m [1;30mLevel 1[0m _identify(ros2srrc_endeffectors) by extension 'ros'
[1.434s] [34mcolcon.colcon_core.package_identification[0m [1;30mDEBUG[0m [32mPackage 'ros2srrc_endeffectors' with type 'ros.ament_cmake' and name 'ros2srrc_endeffectors'[0m
[1.435s] [34mcolcon.colcon_core.package_identification[0m [1;30mLevel 1[0m _identify(ros2srrc_execution) by extensions ['ignore', 'ignore_ament_install']
[1.435s] [34mcolcon.colcon_core.package_identification[0m [1;30mLevel 1[0m _identify(ros2srrc_execution) by extension 'ignore'
[1.435s] [34mcolcon.colcon_core.package_identification[0m [1;30mLevel 1[0m _identify(ros2srrc_execution) by extension 'ignore_ament_install'
[1.435s] [34mcolcon.colcon_core.package_identification[0m [1;30mLevel 1[0m _identify(ros2srrc_execution) by extensions ['colcon_pkg']
[1.435s] [34mcolcon.colcon_core.package_identification[0m [1;30mLevel 1[0m _identify(ros2srrc_execution) by extension 'colcon_pkg'
[1.435s] [34mcolcon.colcon_core.package_identification[0m [1;30mLevel 1[0m _identify(ros2srrc_execution) by extensions ['colcon_meta']
[1.435s] [34mcolcon.colcon_core.package_identification[0m [1;30mLevel 1[0m _identify(ros2srrc_execution) by extension 'colcon_meta'
[1.436s] [34mcolcon.colcon_core.package_identification[0m [1;30mLevel 1[0m _identify(ros2srrc_execution) by extensions ['ros']
[1.436s] [34mcolcon.colcon_core.package_identification[0m [1;30mLevel 1[0m _identify(ros2srrc_execution) by extension 'ros'
[1.440s] [34mcolcon.colcon_core.package_identification[0m [1;30mDEBUG[0m [32mPackage 'ros2srrc_execution' with type 'ros.ament_cmake' and name 'ros2srrc_execution'[0m
[1.441s] [34mcolcon.colcon_core.package_identification[0m [1;30mLevel 1[0m _identify(ros2srrc_gazebo) by extensions ['ignore', 'ignore_ament_install']
[1.441s] [34mcolcon.colcon_core.package_identification[0m [1;30mLevel 1[0m _identify(ros2srrc_gazebo) by extension 'ignore'
[1.441s] [34mcolcon.colcon_core.package_identification[0m [1;30mLevel 1[0m _identify(ros2srrc_gazebo) by extension 'ignore_ament_install'
[1.441s] [34mcolcon.colcon_core.package_identification[0m [1;30mLevel 1[0m _identify(ros2srrc_gazebo) by extensions ['colcon_pkg']
[1.441s] [34mcolcon.colcon_core.package_identification[0m [1;30mLevel 1[0m _identify(ros2srrc_gazebo) by extension 'colcon_pkg'
[1.442s] [34mcolcon.colcon_core.package_identification[0m [1;30mLevel 1[0m _identify(ros2srrc_gazebo) by extensions ['colcon_meta']
[1.442s] [34mcolcon.colcon_core.package_identification[0m [1;30mLevel 1[0m _identify(ros2srrc_gazebo) by extension 'colcon_meta'
[1.442s] [34mcolcon.colcon_core.package_identification[0m [1;30mLevel 1[0m _identify(ros2srrc_gazebo) by extensions ['ros']
[1.442s] [34mcolcon.colcon_core.package_identification[0m [1;30mLevel 1[0m _identify(ros2srrc_gazebo) by extension 'ros'
[1.443s] [34mcolcon.colcon_core.package_identification[0m [1;30mDEBUG[0m [32mPackage 'ros2srrc_gazebo' with type 'ros.ament_cmake' and name 'ros2srrc_gazebo'[0m
[1.444s] [34mcolcon.colcon_core.package_identification[0m [1;30mLevel 1[0m _identify(ros2srrc_launch) by extensions ['ignore', 'ignore_ament_install']
[1.444s] [34mcolcon.colcon_core.package_identification[0m [1;30mLevel 1[0m _identify(ros2srrc_launch) by extension 'ignore'
[1.444s] [34mcolcon.colcon_core.package_identification[0m [1;30mLevel 1[0m _identify(ros2srrc_launch) by extension 'ignore_ament_install'
[1.444s] [34mcolcon.colcon_core.package_identification[0m [1;30mLevel 1[0m _identify(ros2srrc_launch) by extensions ['colcon_pkg']
[1.444s] [34mcolcon.colcon_core.package_identification[0m [1;30mLevel 1[0m _identify(ros2srrc_launch) by extension 'colcon_pkg'
[1.444s] [34mcolcon.colcon_core.package_identification[0m [1;30mLevel 1[0m _identify(ros2srrc_launch) by extensions ['colcon_meta']
[1.444s] [34mcolcon.colcon_core.package_identification[0m [1;30mLevel 1[0m _identify(ros2srrc_launch) by extension 'colcon_meta'
[1.445s] [34mcolcon.colcon_core.package_identification[0m [1;30mLevel 1[0m _identify(ros2srrc_launch) by extensions ['ros']
[1.445s] [34mcolcon.colcon_core.package_identification[0m [1;30mLevel 1[0m _identify(ros2srrc_launch) by extension 'ros'
[1.446s] [34mcolcon.colcon_core.package_identification[0m [1;30mDEBUG[0m [32mPackage 'ros2srrc_launch' with type 'ros.ament_cmake' and name 'ros2srrc_launch'[0m
[1.446s] [34mcolcon.colcon_core.package_identification[0m [1;30mLevel 1[0m _identify(ros2srrc_moveit) by extensions ['ignore', 'ignore_ament_install']
[1.447s] [34mcolcon.colcon_core.package_identification[0m [1;30mLevel 1[0m _identify(ros2srrc_moveit) by extension 'ignore'
[1.447s] [34mcolcon.colcon_core.package_identification[0m [1;30mLevel 1[0m _identify(ros2srrc_moveit) by extension 'ignore_ament_install'
[1.447s] [34mcolcon.colcon_core.package_identification[0m [1;30mLevel 1[0m _identify(ros2srrc_moveit) by extensions ['colcon_pkg']
[1.447s] [34mcolcon.colcon_core.package_identification[0m [1;30mLevel 1[0m _identify(ros2srrc_moveit) by extension 'colcon_pkg'
[1.447s] [34mcolcon.colcon_core.package_identification[0m [1;30mLevel 1[0m _identify(ros2srrc_moveit) by extensions ['colcon_meta']
[1.447s] [34mcolcon.colcon_core.package_identification[0m [1;30mLevel 1[0m _identify(ros2srrc_moveit) by extension 'colcon_meta'
[1.447s] [34mcolcon.colcon_core.package_identification[0m [1;30mLevel 1[0m _identify(ros2srrc_moveit) by extensions ['ros']
[1.447s] [34mcolcon.colcon_core.package_identification[0m [1;30mLevel 1[0m _identify(ros2srrc_moveit) by extension 'ros'
[1.449s] [34mcolcon.colcon_core.package_identification[0m [1;30mDEBUG[0m [32mPackage 'ros2srrc_moveit' with type 'ros.ament_cmake' and name 'ros2srrc_moveit'[0m
[1.450s] [34mcolcon.colcon_core.package_identification[0m [1;30mLevel 1[0m _identify(ros2srrc_robots) by extensions ['ignore', 'ignore_ament_install']
[1.450s] [34mcolcon.colcon_core.package_identification[0m [1;30mLevel 1[0m _identify(ros2srrc_robots) by extension 'ignore'
[1.450s] [34mcolcon.colcon_core.package_identification[0m [1;30mLevel 1[0m _identify(ros2srrc_robots) by extension 'ignore_ament_install'
[1.450s] [34mcolcon.colcon_core.package_identification[0m [1;30mLevel 1[0m _identify(ros2srrc_robots) by extensions ['colcon_pkg']
[1.451s] [34mcolcon.colcon_core.package_identification[0m [1;30mLevel 1[0m _identify(ros2srrc_robots) by extension 'colcon_pkg'
[1.451s] [34mcolcon.colcon_core.package_identification[0m [1;30mLevel 1[0m _identify(ros2srrc_robots) by extensions ['colcon_meta']
[1.451s] [34mcolcon.colcon_core.package_identification[0m [1;30mLevel 1[0m _identify(ros2srrc_robots) by extension 'colcon_meta'
[1.451s] [34mcolcon.colcon_core.package_identification[0m [1;30mLevel 1[0m _identify(ros2srrc_robots) by extensions ['ros']
[1.451s] [34mcolcon.colcon_core.package_identification[0m [1;30mLevel 1[0m _identify(ros2srrc_robots) by extension 'ros'
[1.454s] [34mcolcon.colcon_core.package_identification[0m [1;30mDEBUG[0m [32mPackage 'ros2srrc_robots' with type 'ros.ament_cmake' and name 'ros2srrc_robots'[0m
[1.454s] [34mcolcon.colcon_core.package_identification[0m [1;30mLevel 1[0m _identify(serial) by extensions ['ignore', 'ignore_ament_install']
[1.455s] [34mcolcon.colcon_core.package_identification[0m [1;30mLevel 1[0m _identify(serial) by extension 'ignore'
[1.455s] [34mcolcon.colcon_core.package_identification[0m [1;30mLevel 1[0m _identify(serial) by extension 'ignore_ament_install'
[1.455s] [34mcolcon.colcon_core.package_identification[0m [1;30mLevel 1[0m _identify(serial) by extensions ['colcon_pkg']
[1.455s] [34mcolcon.colcon_core.package_identification[0m [1;30mLevel 1[0m _identify(serial) by extension 'colcon_pkg'
[1.455s] [34mcolcon.colcon_core.package_identification[0m [1;30mLevel 1[0m _identify(serial) by extensions ['colcon_meta']
[1.455s] [34mcolcon.colcon_core.package_identification[0m [1;30mLevel 1[0m _identify(serial) by extension 'colcon_meta'
[1.456s] [34mcolcon.colcon_core.package_identification[0m [1;30mLevel 1[0m _identify(serial) by extensions ['ros']
[1.456s] [34mcolcon.colcon_core.package_identification[0m [1;30mLevel 1[0m _identify(serial) by extension 'ros'
[1.457s] [34mcolcon.colcon_core.package_identification[0m [1;30mDEBUG[0m [32mPackage 'serial' with type 'ros.ament_cmake' and name 'serial'[0m
[1.458s] [34mcolcon.colcon_core.package_identification[0m [1;30mLevel 1[0m _identify(ur_msgs) by extensions ['ignore', 'ignore_ament_install']
[1.458s] [34mcolcon.colcon_core.package_identification[0m [1;30mLevel 1[0m _identify(ur_msgs) by extension 'ignore'
[1.458s] [34mcolcon.colcon_core.package_identification[0m [1;30mLevel 1[0m _identify(ur_msgs) by extension 'ignore_ament_install'
[1.458s] [34mcolcon.colcon_core.package_identification[0m [1;30mLevel 1[0m _identify(ur_msgs) by extensions ['colcon_pkg']
[1.458s] [34mcolcon.colcon_core.package_identification[0m [1;30mLevel 1[0m _identify(ur_msgs) by extension 'colcon_pkg'
[1.458s] [34mcolcon.colcon_core.package_identification[0m [1;30mLevel 1[0m _identify(ur_msgs) by extensions ['colcon_meta']
[1.458s] [34mcolcon.colcon_core.package_identification[0m [1;30mLevel 1[0m _identify(ur_msgs) by extension 'colcon_meta'
[1.459s] [34mcolcon.colcon_core.package_identification[0m [1;30mLevel 1[0m _identify(ur_msgs) by extensions ['ros']
[1.459s] [34mcolcon.colcon_core.package_identification[0m [1;30mLevel 1[0m _identify(ur_msgs) by extension 'ros'
[1.462s] [34mcolcon.colcon_core.package_identification[0m [1;30mDEBUG[0m [32mPackage 'ur_msgs' with type 'ros.ament_cmake' and name 'ur_msgs'[0m
[1.462s] [34mcolcon.colcon_core.package_discovery[0m [1;30mLevel 1[0m discover_packages(recursive) using defaults
[1.462s] [34mcolcon.colcon_core.package_discovery[0m [1;30mLevel 1[0m discover_packages(ignore) discover
[1.462s] [34mcolcon.colcon_core.package_discovery[0m [1;30mLevel 1[0m discover_packages(ignore) using defaults
[1.462s] [34mcolcon.colcon_core.package_discovery[0m [1;30mLevel 1[0m discover_packages(path) discover
[1.462s] [34mcolcon.colcon_core.package_discovery[0m [1;30mLevel 1[0m discover_packages(path) using defaults
[1.566s] [34mcolcon.colcon_core.package_selection[0m [1;30mINFO[0m Skipping not selected package 'admittance_controller' in 'ros2_controllers/admittance_controller'
[1.567s] [34mcolcon.colcon_core.package_selection[0m [1;30mINFO[0m Skipping not selected package 'diff_drive_controller' in 'ros2_controllers/diff_drive_controller'
[1.567s] [34mcolcon.colcon_core.package_selection[0m [1;30mINFO[0m Skipping not selected package 'force_torque_sensor_broadcaster' in 'ros2_controllers/force_torque_sensor_broadcaster'
[1.567s] [34mcolcon.colcon_core.package_selection[0m [1;30mINFO[0m Skipping not selected package 'forward_command_controller' in 'ros2_controllers/forward_command_controller'
[1.567s] [34mcolcon.colcon_core.package_selection[0m [1;30mINFO[0m Skipping not selected package 'gpio_controllers' in 'ros2_controllers/gpio_controllers'
[1.567s] [34mcolcon.colcon_core.package_selection[0m [1;30mINFO[0m Skipping not selected package 'gripper_controllers' in 'ros2_controllers/gripper_controllers'
[1.567s] [34mcolcon.colcon_core.package_selection[0m [1;30mINFO[0m Skipping not selected package 'imu_sensor_broadcaster' in 'ros2_controllers/imu_sensor_broadcaster'
[1.567s] [34mcolcon.colcon_core.package_selection[0m [1;30mINFO[0m Skipping not selected package 'joint_state_broadcaster' in 'ros2_controllers/joint_state_broadcaster'
[1.567s] [34mcolcon.colcon_core.package_selection[0m [1;30mINFO[0m Skipping not selected package 'joint_trajectory_controller' in 'ros2_controllers/joint_trajectory_controller'
[1.567s] [34mcolcon.colcon_core.package_selection[0m [1;30mINFO[0m Skipping not selected package 'mecanum_drive_controller' in 'ros2_controllers/mecanum_drive_controller'
[1.568s] [34mcolcon.colcon_core.package_selection[0m [1;30mINFO[0m Skipping not selected package 'pid_controller' in 'ros2_controllers/pid_controller'
[1.568s] [34mcolcon.colcon_core.package_selection[0m [1;30mINFO[0m Skipping not selected package 'pose_broadcaster' in 'ros2_controllers/pose_broadcaster'
[1.568s] [34mcolcon.colcon_core.package_selection[0m [1;30mINFO[0m Skipping not selected package 'range_sensor_broadcaster' in 'ros2_controllers/range_sensor_broadcaster'
[1.568s] [34mcolcon.colcon_core.package_selection[0m [1;30mINFO[0m Skipping not selected package 'robotiq_controllers' in 'ros2_robotiq_gripper/robotiq_controllers'
[1.568s] [34mcolcon.colcon_core.package_selection[0m [1;30mINFO[0m Skipping not selected package 'ros2srrc_ar4' in 'packages/ros2srrc_ar4'
[1.568s] [34mcolcon.colcon_core.package_selection[0m [1;30mINFO[0m Skipping not selected package 'ros2srrc_data' in 'ros2srrc_data'
[1.568s] [34mcolcon.colcon_core.package_selection[0m [1;30mINFO[0m Skipping not selected package 'ros2srrc_endeffectors' in 'ros2srrc_endeffectors'
[1.568s] [34mcolcon.colcon_core.package_selection[0m [1;30mINFO[0m Skipping not selected package 'ros2srrc_gazebo' in 'ros2srrc_gazebo'
[1.568s] [34mcolcon.colcon_core.package_selection[0m [1;30mINFO[0m Skipping not selected package 'ros2srrc_iiwa' in 'packages/ros2srrc_iiwa'
[1.568s] [34mcolcon.colcon_core.package_selection[0m [1;30mINFO[0m Skipping not selected package 'ros2srrc_irb120' in 'packages/ros2srrc_irb120'
[1.569s] [34mcolcon.colcon_core.package_selection[0m [1;30mINFO[0m Skipping not selected package 'ros2srrc_irb1200' in 'packages/ros2srrc_irb1200'
[1.569s] [34mcolcon.colcon_core.package_selection[0m [1;30mINFO[0m Skipping not selected package 'ros2srrc_irb1600' in 'packages/ros2srrc_irb1600'
[1.569s] [34mcolcon.colcon_core.package_selection[0m [1;30mINFO[0m Skipping not selected package 'ros2srrc_irb6640' in 'packages/ros2srrc_irb6640'
[1.569s] [34mcolcon.colcon_core.package_selection[0m [1;30mINFO[0m Skipping not selected package 'ros2srrc_moveit' in 'ros2srrc_moveit'
[1.569s] [34mcolcon.colcon_core.package_selection[0m [1;30mINFO[0m Skipping not selected package 'ros2srrc_robots' in 'ros2srrc_robots'
[1.569s] [34mcolcon.colcon_core.package_selection[0m [1;30mINFO[0m Skipping not selected package 'ros2srrc_rx160' in 'packages/ros2srrc_rx160'
[1.569s] [34mcolcon.colcon_core.package_selection[0m [1;30mINFO[0m Skipping not selected package 'ros2srrc_ur10' in 'packages/ros2srrc_ur10'
[1.569s] [34mcolcon.colcon_core.package_selection[0m [1;30mINFO[0m Skipping not selected package 'ros2srrc_ur10e' in 'packages/ros2srrc_ur10e'
[1.569s] [34mcolcon.colcon_core.package_selection[0m [1;30mINFO[0m Skipping not selected package 'ros2srrc_ur16e' in 'packages/ros2srrc_ur16e'
[1.569s] [34mcolcon.colcon_core.package_selection[0m [1;30mINFO[0m Skipping not selected package 'ros2srrc_ur20' in 'packages/ros2srrc_ur20'
[1.570s] [34mcolcon.colcon_core.package_selection[0m [1;30mINFO[0m Skipping not selected package 'ros2srrc_ur3' in 'packages/ros2srrc_ur3'
[1.570s] [34mcolcon.colcon_core.package_selection[0m [1;30mINFO[0m Skipping not selected package 'ros2srrc_ur3e' in 'packages/ros2srrc_ur3e'
[1.570s] [34mcolcon.colcon_core.package_selection[0m [1;30mINFO[0m Skipping not selected package 'ros2srrc_ur5' in 'packages/ros2srrc_ur5'
[1.570s] [34mcolcon.colcon_core.package_selection[0m [1;30mINFO[0m Skipping not selected package 'ros2srrc_ur5e' in 'packages/ros2srrc_ur5e'
[1.570s] [34mcolcon.colcon_core.package_selection[0m [1;30mINFO[0m Skipping not selected package 'serial' in 'serial'
[1.570s] [34mcolcon.colcon_core.package_selection[0m [1;30mINFO[0m Skipping not selected package 'steering_controllers_library' in 'ros2_controllers/steering_controllers_library'
[1.570s] [34mcolcon.colcon_core.package_selection[0m [1;30mINFO[0m Skipping not selected package 'tricycle_controller' in 'ros2_controllers/tricycle_controller'
[1.570s] [34mcolcon.colcon_core.package_selection[0m [1;30mINFO[0m Skipping not selected package 'ur_dashboard_msgs' in 'Universal_Robots_ROS2_Driver/ur_dashboard_msgs'
[1.570s] [34mcolcon.colcon_core.package_selection[0m [1;30mINFO[0m Skipping not selected package 'ur_moveit_config' in 'Universal_Robots_ROS2_Driver/ur_moveit_config'
[1.570s] [34mcolcon.colcon_core.package_selection[0m [1;30mINFO[0m Skipping not selected package 'ur_msgs' in 'ur_msgs'
[1.570s] [34mcolcon.colcon_core.package_selection[0m [1;30mINFO[0m Skipping not selected package 'ackermann_steering_controller' in 'ros2_controllers/ackermann_steering_controller'
[1.571s] [34mcolcon.colcon_core.package_selection[0m [1;30mINFO[0m Skipping not selected package 'bicycle_steering_controller' in 'ros2_controllers/bicycle_steering_controller'
[1.571s] [34mcolcon.colcon_core.package_selection[0m [1;30mINFO[0m Skipping not selected package 'effort_controllers' in 'ros2_controllers/effort_controllers'
[1.571s] [34mcolcon.colcon_core.package_selection[0m [1;30mINFO[0m Skipping not selected package 'position_controllers' in 'ros2_controllers/position_controllers'
[1.571s] [34mcolcon.colcon_core.package_selection[0m [1;30mINFO[0m Skipping not selected package 'robotiq_driver' in 'ros2_robotiq_gripper/robotiq_driver'
[1.571s] [34mcolcon.colcon_core.package_selection[0m [1;30mINFO[0m Skipping not selected package 'ros2srrc_execution' in 'ros2srrc_execution'
[1.571s] [34mcolcon.colcon_core.package_selection[0m [1;30mINFO[0m Skipping not selected package 'tricycle_steering_controller' in 'ros2_controllers/tricycle_steering_controller'
[1.571s] [34mcolcon.colcon_core.package_selection[0m [1;30mINFO[0m Skipping not selected package 'ur_controllers' in 'Universal_Robots_ROS2_Driver/ur_controllers'
[1.571s] [34mcolcon.colcon_core.package_selection[0m [1;30mINFO[0m Skipping not selected package 'velocity_controllers' in 'ros2_controllers/velocity_controllers'
[1.571s] [34mcolcon.colcon_core.package_selection[0m [1;30mINFO[0m Skipping not selected package 'robotiq_hardware_tests' in 'ros2_robotiq_gripper/robotiq_hardware_tests'
[1.571s] [34mcolcon.colcon_core.package_selection[0m [1;30mINFO[0m Skipping not selected package 'ros2_controllers' in 'ros2_controllers/ros2_controllers'
[1.572s] [34mcolcon.colcon_core.package_selection[0m [1;30mINFO[0m Skipping not selected package 'ur_bringup' in 'Universal_Robots_ROS2_Driver/ur_bringup'
[1.572s] [34mcolcon.colcon_core.package_selection[0m [1;30mINFO[0m Skipping not selected package 'ur_robot_driver' in 'Universal_Robots_ROS2_Driver/ur_robot_driver'
[1.572s] [34mcolcon.colcon_core.package_selection[0m [1;30mINFO[0m Skipping not selected package 'robotiq_description' in 'ros2_robotiq_gripper/robotiq_description'
[1.572s] [34mcolcon.colcon_core.package_selection[0m [1;30mINFO[0m Skipping not selected package 'ur_calibration' in 'Universal_Robots_ROS2_Driver/ur_calibration'
[1.572s] [34mcolcon.colcon_core.package_selection[0m [1;30mINFO[0m Skipping not selected package 'ur' in 'Universal_Robots_ROS2_Driver/ur'
[1.574s] [34mcolcon.colcon_core.package_discovery[0m [1;30mLevel 1[0m discover_packages(prefix_path) check parameters
[1.574s] [34mcolcon.colcon_core.package_discovery[0m [1;30mLevel 1[0m discover_packages(prefix_path) discover
[1.578s] [34mcolcon.colcon_ros.prefix_path.ament[0m [1;30mWARNING[0m [33mThe path '/home/libok/um_file/install/ur' in the environment variable AMENT_PREFIX_PATH doesn't exist[0m
[1.578s] [34mcolcon.colcon_ros.prefix_path.ament[0m [1;30mWARNING[0m [33mThe path '/home/libok/um_file/install/ur_calibration' in the environment variable AMENT_PREFIX_PATH doesn't exist[0m
[1.578s] [34mcolcon.colcon_ros.prefix_path.ament[0m [1;30mWARNING[0m [33mThe path '/home/libok/um_file/install/ur_robot_driver' in the environment variable AMENT_PREFIX_PATH doesn't exist[0m
[1.578s] [34mcolcon.colcon_ros.prefix_path.ament[0m [1;30mWARNING[0m [33mThe path '/home/libok/um_file/install/ur_bringup' in the environment variable AMENT_PREFIX_PATH doesn't exist[0m
[1.579s] [34mcolcon.colcon_ros.prefix_path.ament[0m [1;30mWARNING[0m [33mThe path '/home/libok/um_file/install/robotiq_description' in the environment variable AMENT_PREFIX_PATH doesn't exist[0m
[1.579s] [34mcolcon.colcon_ros.prefix_path.ament[0m [1;30mWARNING[0m [33mThe path '/home/libok/um_file/install/ros2_controllers' in the environment variable AMENT_PREFIX_PATH doesn't exist[0m
[1.579s] [34mcolcon.colcon_ros.prefix_path.ament[0m [1;30mWARNING[0m [33mThe path '/home/libok/um_file/install/ur_controllers' in the environment variable AMENT_PREFIX_PATH doesn't exist[0m
[1.579s] [34mcolcon.colcon_ros.prefix_path.ament[0m [1;30mWARNING[0m [33mThe path '/home/libok/um_file/install/tricycle_steering_controller' in the environment variable AMENT_PREFIX_PATH doesn't exist[0m
[1.580s] [34mcolcon.colcon_ros.prefix_path.ament[0m [1;30mWARNING[0m [33mThe path '/home/libok/um_file/install/position_controllers' in the environment variable AMENT_PREFIX_PATH doesn't exist[0m
[1.581s] [34mcolcon.colcon_ros.prefix_path.ament[0m [1;30mWARNING[0m [33mThe path '/home/libok/um_file/install/effort_controllers' in the environment variable AMENT_PREFIX_PATH doesn't exist[0m
[1.582s] [34mcolcon.colcon_ros.prefix_path.catkin[0m [1;30mWARNING[0m [33mThe path '/home/libok/um_file/install/ur' in the environment variable CMAKE_PREFIX_PATH doesn't exist[0m
[1.582s] [34mcolcon.colcon_ros.prefix_path.catkin[0m [1;30mWARNING[0m [33mThe path '/home/libok/um_file/install/ur_calibration' in the environment variable CMAKE_PREFIX_PATH doesn't exist[0m
[1.582s] [34mcolcon.colcon_ros.prefix_path.catkin[0m [1;30mWARNING[0m [33mThe path '/home/libok/um_file/install/ur_robot_driver' in the environment variable CMAKE_PREFIX_PATH doesn't exist[0m
[1.582s] [34mcolcon.colcon_ros.prefix_path.catkin[0m [1;30mWARNING[0m [33mThe path '/home/libok/um_file/install/ur_bringup' in the environment variable CMAKE_PREFIX_PATH doesn't exist[0m
[1.582s] [34mcolcon.colcon_ros.prefix_path.catkin[0m [1;30mWARNING[0m [33mThe path '/home/libok/um_file/install/robotiq_description' in the environment variable CMAKE_PREFIX_PATH doesn't exist[0m
[1.582s] [34mcolcon.colcon_ros.prefix_path.catkin[0m [1;30mWARNING[0m [33mThe path '/home/libok/um_file/install/ros2_controllers' in the environment variable CMAKE_PREFIX_PATH doesn't exist[0m
[1.582s] [34mcolcon.colcon_ros.prefix_path.catkin[0m [1;30mWARNING[0m [33mThe path '/home/libok/um_file/install/ur_controllers' in the environment variable CMAKE_PREFIX_PATH doesn't exist[0m
[1.583s] [34mcolcon.colcon_ros.prefix_path.catkin[0m [1;30mWARNING[0m [33mThe path '/home/libok/um_file/install/tricycle_steering_controller' in the environment variable CMAKE_PREFIX_PATH doesn't exist[0m
[1.583s] [34mcolcon.colcon_ros.prefix_path.catkin[0m [1;30mWARNING[0m [33mThe path '/home/libok/um_file/install/position_controllers' in the environment variable CMAKE_PREFIX_PATH doesn't exist[0m
[1.583s] [34mcolcon.colcon_ros.prefix_path.catkin[0m [1;30mWARNING[0m [33mThe path '/home/libok/um_file/install/effort_controllers' in the environment variable CMAKE_PREFIX_PATH doesn't exist[0m
[1.588s] [34mcolcon.colcon_installed_package_information.package_discovery[0m [1;30mDEBUG[0m [32mFound 47 installed packages in /home/libok/um_file/install[0m
[1.593s] [34mcolcon.colcon_installed_package_information.package_discovery[0m [1;30mDEBUG[0m [32mFound 417 installed packages in /opt/ros/humble[0m
[1.601s] [34mcolcon.colcon_core.package_discovery[0m [1;30mLevel 1[0m discover_packages(prefix_path) using defaults
[1.741s] [34mcolcon.colcon_core.verb[0m [1;30mLevel 5[0m set package 'ros2srrc_launch' build argument 'cmake_args' from command line to 'None'
[1.741s] [34mcolcon.colcon_core.verb[0m [1;30mLevel 5[0m set package 'ros2srrc_launch' build argument 'cmake_target' from command line to 'None'
[1.741s] [34mcolcon.colcon_core.verb[0m [1;30mLevel 5[0m set package 'ros2srrc_launch' build argument 'cmake_target_skip_unavailable' from command line to 'False'
[1.741s] [34mcolcon.colcon_core.verb[0m [1;30mLevel 5[0m set package 'ros2srrc_launch' build argument 'cmake_clean_cache' from command line to 'False'
[1.741s] [34mcolcon.colcon_core.verb[0m [1;30mLevel 5[0m set package 'ros2srrc_launch' build argument 'cmake_clean_first' from command line to 'False'
[1.741s] [34mcolcon.colcon_core.verb[0m [1;30mLevel 5[0m set package 'ros2srrc_launch' build argument 'cmake_force_configure' from command line to 'False'
[1.742s] [34mcolcon.colcon_core.verb[0m [1;30mLevel 5[0m set package 'ros2srrc_launch' build argument 'ament_cmake_args' from command line to 'None'
[1.742s] [34mcolcon.colcon_core.verb[0m [1;30mLevel 5[0m set package 'ros2srrc_launch' build argument 'catkin_cmake_args' from command line to 'None'
[1.742s] [34mcolcon.colcon_core.verb[0m [1;30mLevel 5[0m set package 'ros2srrc_launch' build argument 'catkin_skip_building_tests' from command line to 'False'
[1.742s] [34mcolcon.colcon_core.verb[0m [1;30mDEBUG[0m [32mBuilding package 'ros2srrc_launch' with the following arguments: {'ament_cmake_args': None, 'build_base': '/home/libok/um_file/build/ros2srrc_launch', 'catkin_cmake_args': None, 'catkin_skip_building_tests': False, 'cmake_args': None, 'cmake_clean_cache': False, 'cmake_clean_first': False, 'cmake_force_configure': False, 'cmake_target': None, 'cmake_target_skip_unavailable': False, 'install_base': '/home/libok/um_file/install/ros2srrc_launch', 'merge_install': False, 'path': '/home/libok/um_file/ros2srrc_launch', 'symlink_install': False, 'test_result_base': None}[0m
[1.742s] [34mcolcon.colcon_core.executor[0m [1;30mINFO[0m Executing jobs using 'parallel' executor
[1.745s] [34mcolcon.colcon_parallel_executor.executor.parallel[0m [1;30mDEBUG[0m [32mrun_until_complete[0m
[1.746s] [34mcolcon.colcon_ros.task.ament_cmake.build[0m [1;30mINFO[0m Building ROS package in '/home/libok/um_file/ros2srrc_launch' with build type 'ament_cmake'
[1.746s] [34mcolcon.colcon_cmake.task.cmake.build[0m [1;30mINFO[0m Building CMake package in '/home/libok/um_file/ros2srrc_launch'
[1.760s] [34mcolcon.colcon_core.plugin_system[0m [1;30mINFO[0m Skipping extension 'colcon_core.shell.bat': Not used on non-Windows systems
[1.761s] [34mcolcon.colcon_core.shell[0m [1;30mINFO[0m Skip shell extension 'powershell' for command environment: Not usable outside of PowerShell
[1.761s] [34mcolcon.colcon_core.shell[0m [1;30mDEBUG[0m [32mSkip shell extension 'dsv' for command environment[0m
[1.802s] [34mcolcon.colcon_core.event_handler.log_command[0m [1;30mDEBUG[0m [32mInvoking command in '/home/libok/um_file/build/ros2srrc_launch': CMAKE_PREFIX_PATH=${CMAKE_PREFIX_PATH}:/opt/ros/humble /usr/local/bin/cmake --build /home/libok/um_file/build/ros2srrc_launch -- -j18 -l18[0m
[1.871s] [34mcolcon.colcon_core.event_handler.log_command[0m [1;30mDEBUG[0m [32mInvoked command in '/home/libok/um_file/build/ros2srrc_launch' returned '0': CMAKE_PREFIX_PATH=${CMAKE_PREFIX_PATH}:/opt/ros/humble /usr/local/bin/cmake --build /home/libok/um_file/build/ros2srrc_launch -- -j18 -l18[0m
[1.890s] [34mcolcon.colcon_core.event_handler.log_command[0m [1;30mDEBUG[0m [32mInvoking command in '/home/libok/um_file/build/ros2srrc_launch': CMAKE_PREFIX_PATH=${CMAKE_PREFIX_PATH}:/opt/ros/humble /usr/local/bin/cmake --install /home/libok/um_file/build/ros2srrc_launch[0m
[1.904s] [34mcolcon.colcon_core.environment[0m [1;30mLevel 1[0m create_environment_scripts_only(ros2srrc_launch)
[1.915s] [34mcolcon.colcon_core.event_handler.log_command[0m [1;30mDEBUG[0m [32mInvoked command in '/home/libok/um_file/build/ros2srrc_launch' returned '0': CMAKE_PREFIX_PATH=${CMAKE_PREFIX_PATH}:/opt/ros/humble /usr/local/bin/cmake --install /home/libok/um_file/build/ros2srrc_launch[0m
[1.918s] [34mcolcon.colcon_core.environment[0m [1;30mLevel 1[0m checking '/home/libok/um_file/install/ros2srrc_launch' for CMake module files
[1.919s] [34mcolcon.colcon_core.environment[0m [1;30mLevel 1[0m checking '/home/libok/um_file/install/ros2srrc_launch' for CMake config files
[1.919s] [34mcolcon.colcon_core.shell[0m [1;30mLevel 1[0m create_environment_hook('ros2srrc_launch', 'cmake_prefix_path')
[1.920s] [34mcolcon.colcon_core.shell[0m [1;30mINFO[0m Creating environment hook '/home/libok/um_file/install/ros2srrc_launch/share/ros2srrc_launch/hook/cmake_prefix_path.ps1'
[1.922s] [34mcolcon.colcon_core.shell[0m [1;30mINFO[0m Creating environment descriptor '/home/libok/um_file/install/ros2srrc_launch/share/ros2srrc_launch/hook/cmake_prefix_path.dsv'
[1.923s] [34mcolcon.colcon_core.shell[0m [1;30mINFO[0m Creating environment hook '/home/libok/um_file/install/ros2srrc_launch/share/ros2srrc_launch/hook/cmake_prefix_path.sh'
[1.925s] [34mcolcon.colcon_core.environment[0m [1;30mLevel 1[0m checking '/home/libok/um_file/install/ros2srrc_launch/bin'
[1.926s] [34mcolcon.colcon_core.environment[0m [1;30mLevel 1[0m checking '/home/libok/um_file/install/ros2srrc_launch/lib/pkgconfig/ros2srrc_launch.pc'
[1.926s] [34mcolcon.colcon_core.environment[0m [1;30mLevel 1[0m checking '/home/libok/um_file/install/ros2srrc_launch/lib/python3.10/site-packages'
[1.927s] [34mcolcon.colcon_core.environment[0m [1;30mLevel 1[0m checking '/home/libok/um_file/install/ros2srrc_launch/bin'
[1.928s] [34mcolcon.colcon_core.shell[0m [1;30mINFO[0m Creating package script '/home/libok/um_file/install/ros2srrc_launch/share/ros2srrc_launch/package.ps1'
[1.930s] [34mcolcon.colcon_core.shell[0m [1;30mINFO[0m Creating package descriptor '/home/libok/um_file/install/ros2srrc_launch/share/ros2srrc_launch/package.dsv'
[1.931s] [34mcolcon.colcon_core.shell[0m [1;30mINFO[0m Creating package script '/home/libok/um_file/install/ros2srrc_launch/share/ros2srrc_launch/package.sh'
[1.933s] [34mcolcon.colcon_core.shell[0m [1;30mINFO[0m Creating package script '/home/libok/um_file/install/ros2srrc_launch/share/ros2srrc_launch/package.bash'
[1.935s] [34mcolcon.colcon_core.shell[0m [1;30mINFO[0m Creating package script '/home/libok/um_file/install/ros2srrc_launch/share/ros2srrc_launch/package.zsh'
[1.936s] [34mcolcon.colcon_core.environment[0m [1;30mLevel 1[0m create_file_with_runtime_dependencies(/home/libok/um_file/install/ros2srrc_launch/share/colcon-core/packages/ros2srrc_launch)
[1.938s] [34mcolcon.colcon_core.environment[0m [1;30mLevel 1[0m create_environment_scripts_only(ros2srrc_launch)
[1.938s] [34mcolcon.colcon_core.environment[0m [1;30mLevel 1[0m checking '/home/libok/um_file/install/ros2srrc_launch' for CMake module files
[1.940s] [34mcolcon.colcon_core.environment[0m [1;30mLevel 1[0m checking '/home/libok/um_file/install/ros2srrc_launch' for CMake config files
[1.940s] [34mcolcon.colcon_core.shell[0m [1;30mLevel 1[0m create_environment_hook('ros2srrc_launch', 'cmake_prefix_path')
[1.941s] [34mcolcon.colcon_core.shell[0m [1;30mINFO[0m Creating environment hook '/home/libok/um_file/install/ros2srrc_launch/share/ros2srrc_launch/hook/cmake_prefix_path.ps1'
[1.942s] [34mcolcon.colcon_core.shell[0m [1;30mINFO[0m Creating environment descriptor '/home/libok/um_file/install/ros2srrc_launch/share/ros2srrc_launch/hook/cmake_prefix_path.dsv'
[1.943s] [34mcolcon.colcon_core.shell[0m [1;30mINFO[0m Creating environment hook '/home/libok/um_file/install/ros2srrc_launch/share/ros2srrc_launch/hook/cmake_prefix_path.sh'
[1.944s] [34mcolcon.colcon_core.environment[0m [1;30mLevel 1[0m checking '/home/libok/um_file/install/ros2srrc_launch/bin'
[1.944s] [34mcolcon.colcon_core.environment[0m [1;30mLevel 1[0m checking '/home/libok/um_file/install/ros2srrc_launch/lib/pkgconfig/ros2srrc_launch.pc'
[1.945s] [34mcolcon.colcon_core.environment[0m [1;30mLevel 1[0m checking '/home/libok/um_file/install/ros2srrc_launch/lib/python3.10/site-packages'
[1.946s] [34mcolcon.colcon_core.environment[0m [1;30mLevel 1[0m checking '/home/libok/um_file/install/ros2srrc_launch/bin'
[1.946s] [34mcolcon.colcon_core.shell[0m [1;30mINFO[0m Creating package script '/home/libok/um_file/install/ros2srrc_launch/share/ros2srrc_launch/package.ps1'
[1.948s] [34mcolcon.colcon_core.shell[0m [1;30mINFO[0m Creating package descriptor '/home/libok/um_file/install/ros2srrc_launch/share/ros2srrc_launch/package.dsv'
[1.949s] [34mcolcon.colcon_core.shell[0m [1;30mINFO[0m Creating package script '/home/libok/um_file/install/ros2srrc_launch/share/ros2srrc_launch/package.sh'
[1.951s] [34mcolcon.colcon_core.shell[0m [1;30mINFO[0m Creating package script '/home/libok/um_file/install/ros2srrc_launch/share/ros2srrc_launch/package.bash'
[1.952s] [34mcolcon.colcon_core.shell[0m [1;30mINFO[0m Creating package script '/home/libok/um_file/install/ros2srrc_launch/share/ros2srrc_launch/package.zsh'
[1.953s] [34mcolcon.colcon_core.environment[0m [1;30mLevel 1[0m create_file_with_runtime_dependencies(/home/libok/um_file/install/ros2srrc_launch/share/colcon-core/packages/ros2srrc_launch)
[1.953s] [34mcolcon.colcon_parallel_executor.executor.parallel[0m [1;30mDEBUG[0m [32mclosing loop[0m
[1.954s] [34mcolcon.colcon_parallel_executor.executor.parallel[0m [1;30mDEBUG[0m [32mloop closed[0m
[1.955s] [34mcolcon.colcon_parallel_executor.executor.parallel[0m [1;30mDEBUG[0m [32mrun_until_complete finished with '0'[0m
[1.955s] [34mcolcon.colcon_core.event_reactor[0m [1;30mDEBUG[0m [32mjoining thread[0m
[1.971s] [34mcolcon.colcon_core.plugin_system[0m [1;30mINFO[0m Skipping extension 'colcon_notification.desktop_notification.terminal_notifier': Not used on non-Darwin systems
[1.971s] [34mcolcon.colcon_core.plugin_system[0m [1;30mINFO[0m Skipping extension 'colcon_notification.desktop_notification.win32': Not used on non-Windows systems
[1.972s] [34mcolcon.colcon_notification.desktop_notification[0m [1;30mINFO[0m Sending desktop notification using 'notify2'
[2.026s] [34mcolcon.colcon_core.event_reactor[0m [1;30mDEBUG[0m [32mjoined thread[0m
[2.027s] [34mcolcon.colcon_core.shell[0m [1;30mINFO[0m Creating prefix script '/home/libok/um_file/install/local_setup.ps1'
[2.031s] [34mcolcon.colcon_core.shell[0m [1;30mINFO[0m Creating prefix util module '/home/libok/um_file/install/_local_setup_util_ps1.py'
[2.036s] [34mcolcon.colcon_core.shell[0m [1;30mINFO[0m Creating prefix chain script '/home/libok/um_file/install/setup.ps1'
[2.041s] [34mcolcon.colcon_core.shell[0m [1;30mINFO[0m Creating prefix script '/home/libok/um_file/install/local_setup.sh'
[2.043s] [34mcolcon.colcon_core.shell[0m [1;30mINFO[0m Creating prefix util module '/home/libok/um_file/install/_local_setup_util_sh.py'
[2.044s] [34mcolcon.colcon_core.shell[0m [1;30mINFO[0m Creating prefix chain script '/home/libok/um_file/install/setup.sh'
[2.049s] [34mcolcon.colcon_core.shell[0m [1;30mINFO[0m Creating prefix script '/home/libok/um_file/install/local_setup.bash'
[2.051s] [34mcolcon.colcon_core.shell[0m [1;30mINFO[0m Creating prefix chain script '/home/libok/um_file/install/setup.bash'
[2.056s] [34mcolcon.colcon_core.shell[0m [1;30mINFO[0m Creating prefix script '/home/libok/um_file/install/local_setup.zsh'
[2.057s] [34mcolcon.colcon_core.shell[0m [1;30mINFO[0m Creating prefix chain script '/home/libok/um_file/install/setup.zsh'
