[0.150s] [34mcolcon[0m [1;30mDEBUG[0m [32mCommand line arguments: ['/usr/bin/colcon', 'build', '--packages-select', 'ros2srrc_launch'][0m
[0.151s] [34mcolcon[0m [1;30mDEBUG[0m [32mParsed command line arguments: Namespace(log_base=None, log_level=None, verb_name='build', build_base='build', install_base='install', merge_install=False, symlink_install=False, test_result_base=None, continue_on_error=False, executor='parallel', parallel_workers=18, event_handlers=None, ignore_user_meta=False, metas=['./colcon.meta'], base_paths=['.'], packages_ignore=None, packages_ignore_regex=None, paths=None, packages_up_to=None, packages_up_to_regex=None, packages_above=None, packages_above_and_dependencies=None, packages_above_depth=None, packages_select_by_dep=None, packages_skip_by_dep=None, packages_skip_up_to=None, packages_select_build_failed=False, packages_skip_build_finished=False, packages_select_test_failures=False, packages_skip_test_passed=False, packages_select=['ros2srrc_launch'], packages_skip=None, packages_select_regex=None, packages_skip_regex=None, packages_start=None, packages_end=None, allow_overriding=[], cmake_args=None, cmake_target=None, cmake_target_skip_unavailable=False, cmake_clean_cache=False, cmake_clean_first=False, cmake_force_configure=False, ament_cmake_args=None, catkin_cmake_args=None, catkin_skip_building_tests=False, mixin_files=None, mixin=None, verb_parser=<colcon_mixin.mixin.mixin_argument.MixinArgumentDecorator object at 0x787cdce96710>, verb_extension=<colcon_core.verb.build.BuildVerb object at 0x787cdcf87d90>, main=<bound method BuildVerb.main of <colcon_core.verb.build.BuildVerb object at 0x787cdcf87d90>>, mixin_verb=('build',))[0m
[0.180s] [34mcolcon.colcon_core.package_discovery[0m [1;30mLevel 1[0m discover_packages(colcon_meta) check parameters
[0.180s] [34mcolcon.colcon_core.package_discovery[0m [1;30mLevel 1[0m discover_packages(recursive) check parameters
[0.180s] [34mcolcon.colcon_core.package_discovery[0m [1;30mLevel 1[0m discover_packages(ignore) check parameters
[0.180s] [34mcolcon.colcon_core.package_discovery[0m [1;30mLevel 1[0m discover_packages(path) check parameters
[0.180s] [34mcolcon.colcon_core.package_discovery[0m [1;30mLevel 1[0m discover_packages(colcon_meta) discover
[0.180s] [34mcolcon.colcon_core.package_discovery[0m [1;30mLevel 1[0m discover_packages(recursive) discover
[0.180s] [34mcolcon.colcon_core.package_discovery[0m [1;30mINFO[0m Crawling recursively for packages in '/home/libok/um_file'
[0.180s] [34mcolcon.colcon_core.package_identification[0m [1;30mLevel 1[0m _identify(.) by extensions ['ignore', 'ignore_ament_install']
[0.180s] [34mcolcon.colcon_core.package_identification[0m [1;30mLevel 1[0m _identify(.) by extension 'ignore'
[0.180s] [34mcolcon.colcon_core.package_identification[0m [1;30mLevel 1[0m _identify(.) by extension 'ignore_ament_install'
[0.180s] [34mcolcon.colcon_core.package_identification[0m [1;30mLevel 1[0m _identify(.) by extensions ['colcon_pkg']
[0.180s] [34mcolcon.colcon_core.package_identification[0m [1;30mLevel 1[0m _identify(.) by extension 'colcon_pkg'
[0.180s] [34mcolcon.colcon_core.package_identification[0m [1;30mLevel 1[0m _identify(.) by extensions ['colcon_meta']
[0.180s] [34mcolcon.colcon_core.package_identification[0m [1;30mLevel 1[0m _identify(.) by extension 'colcon_meta'
[0.180s] [34mcolcon.colcon_core.package_identification[0m [1;30mLevel 1[0m _identify(.) by extensions ['ros']
[0.180s] [34mcolcon.colcon_core.package_identification[0m [1;30mLevel 1[0m _identify(.) by extension 'ros'
[0.198s] [34mcolcon.colcon_core.package_identification[0m [1;30mLevel 1[0m _identify(.) by extensions ['cmake', 'python']
[0.198s] [34mcolcon.colcon_core.package_identification[0m [1;30mLevel 1[0m _identify(.) by extension 'cmake'
[0.198s] [34mcolcon.colcon_core.package_identification[0m [1;30mLevel 1[0m _identify(.) by extension 'python'
[0.198s] [34mcolcon.colcon_core.package_identification[0m [1;30mLevel 1[0m _identify(.) by extensions ['python_setup_py']
[0.198s] [34mcolcon.colcon_core.package_identification[0m [1;30mLevel 1[0m _identify(.) by extension 'python_setup_py'
[0.198s] [34mcolcon.colcon_core.package_identification[0m [1;30mLevel 1[0m _identify(Universal_Robots_ROS2_Driver) by extensions ['ignore', 'ignore_ament_install']
[0.198s] [34mcolcon.colcon_core.package_identification[0m [1;30mLevel 1[0m _identify(Universal_Robots_ROS2_Driver) by extension 'ignore'
[0.198s] [34mcolcon.colcon_core.package_identification[0m [1;30mLevel 1[0m _identify(Universal_Robots_ROS2_Driver) by extension 'ignore_ament_install'
[0.198s] [34mcolcon.colcon_core.package_identification[0m [1;30mLevel 1[0m _identify(Universal_Robots_ROS2_Driver) by extensions ['colcon_pkg']
[0.198s] [34mcolcon.colcon_core.package_identification[0m [1;30mLevel 1[0m _identify(Universal_Robots_ROS2_Driver) by extension 'colcon_pkg'
[0.199s] [34mcolcon.colcon_core.package_identification[0m [1;30mLevel 1[0m _identify(Universal_Robots_ROS2_Driver) by extensions ['colcon_meta']
[0.199s] [34mcolcon.colcon_core.package_identification[0m [1;30mLevel 1[0m _identify(Universal_Robots_ROS2_Driver) by extension 'colcon_meta'
[0.199s] [34mcolcon.colcon_core.package_identification[0m [1;30mLevel 1[0m _identify(Universal_Robots_ROS2_Driver) by extensions ['ros']
[0.199s] [34mcolcon.colcon_core.package_identification[0m [1;30mLevel 1[0m _identify(Universal_Robots_ROS2_Driver) by extension 'ros'
[0.199s] [34mcolcon.colcon_core.package_identification[0m [1;30mLevel 1[0m _identify(Universal_Robots_ROS2_Driver) by extensions ['cmake', 'python']
[0.199s] [34mcolcon.colcon_core.package_identification[0m [1;30mLevel 1[0m _identify(Universal_Robots_ROS2_Driver) by extension 'cmake'
[0.199s] [34mcolcon.colcon_core.package_identification[0m [1;30mLevel 1[0m _identify(Universal_Robots_ROS2_Driver) by extension 'python'
[0.199s] [34mcolcon.colcon_core.package_identification[0m [1;30mLevel 1[0m _identify(Universal_Robots_ROS2_Driver) by extensions ['python_setup_py']
[0.199s] [34mcolcon.colcon_core.package_identification[0m [1;30mLevel 1[0m _identify(Universal_Robots_ROS2_Driver) by extension 'python_setup_py'
[0.199s] [34mcolcon.colcon_core.package_identification[0m [1;30mLevel 1[0m _identify(Universal_Robots_ROS2_Driver/ur) by extensions ['ignore', 'ignore_ament_install']
[0.199s] [34mcolcon.colcon_core.package_identification[0m [1;30mLevel 1[0m _identify(Universal_Robots_ROS2_Driver/ur) by extension 'ignore'
[0.199s] [34mcolcon.colcon_core.package_identification[0m [1;30mLevel 1[0m _identify(Universal_Robots_ROS2_Driver/ur) by extension 'ignore_ament_install'
[0.199s] [34mcolcon.colcon_core.package_identification[0m [1;30mLevel 1[0m _identify(Universal_Robots_ROS2_Driver/ur) by extensions ['colcon_pkg']
[0.199s] [34mcolcon.colcon_core.package_identification[0m [1;30mLevel 1[0m _identify(Universal_Robots_ROS2_Driver/ur) by extension 'colcon_pkg'
[0.199s] [34mcolcon.colcon_core.package_identification[0m [1;30mLevel 1[0m _identify(Universal_Robots_ROS2_Driver/ur) by extensions ['colcon_meta']
[0.199s] [34mcolcon.colcon_core.package_identification[0m [1;30mLevel 1[0m _identify(Universal_Robots_ROS2_Driver/ur) by extension 'colcon_meta'
[0.199s] [34mcolcon.colcon_core.package_identification[0m [1;30mLevel 1[0m _identify(Universal_Robots_ROS2_Driver/ur) by extensions ['ros']
[0.199s] [34mcolcon.colcon_core.package_identification[0m [1;30mLevel 1[0m _identify(Universal_Robots_ROS2_Driver/ur) by extension 'ros'
[0.201s] [34mcolcon.colcon_core.package_identification[0m [1;30mDEBUG[0m [32mPackage 'Universal_Robots_ROS2_Driver/ur' with type 'ros.ament_cmake' and name 'ur'[0m
[0.201s] [34mcolcon.colcon_core.package_identification[0m [1;30mLevel 1[0m _identify(Universal_Robots_ROS2_Driver/ur_bringup) by extensions ['ignore', 'ignore_ament_install']
[0.201s] [34mcolcon.colcon_core.package_identification[0m [1;30mLevel 1[0m _identify(Universal_Robots_ROS2_Driver/ur_bringup) by extension 'ignore'
[0.201s] [34mcolcon.colcon_core.package_identification[0m [1;30mLevel 1[0m _identify(Universal_Robots_ROS2_Driver/ur_bringup) by extension 'ignore_ament_install'
[0.201s] [34mcolcon.colcon_core.package_identification[0m [1;30mLevel 1[0m _identify(Universal_Robots_ROS2_Driver/ur_bringup) by extensions ['colcon_pkg']
[0.201s] [34mcolcon.colcon_core.package_identification[0m [1;30mLevel 1[0m _identify(Universal_Robots_ROS2_Driver/ur_bringup) by extension 'colcon_pkg'
[0.201s] [34mcolcon.colcon_core.package_identification[0m [1;30mLevel 1[0m _identify(Universal_Robots_ROS2_Driver/ur_bringup) by extensions ['colcon_meta']
[0.201s] [34mcolcon.colcon_core.package_identification[0m [1;30mLevel 1[0m _identify(Universal_Robots_ROS2_Driver/ur_bringup) by extension 'colcon_meta'
[0.201s] [34mcolcon.colcon_core.package_identification[0m [1;30mLevel 1[0m _identify(Universal_Robots_ROS2_Driver/ur_bringup) by extensions ['ros']
[0.201s] [34mcolcon.colcon_core.package_identification[0m [1;30mLevel 1[0m _identify(Universal_Robots_ROS2_Driver/ur_bringup) by extension 'ros'
[0.202s] [34mcolcon.colcon_core.package_identification[0m [1;30mDEBUG[0m [32mPackage 'Universal_Robots_ROS2_Driver/ur_bringup' with type 'ros.ament_cmake' and name 'ur_bringup'[0m
[0.202s] [34mcolcon.colcon_core.package_identification[0m [1;30mLevel 1[0m _identify(Universal_Robots_ROS2_Driver/ur_calibration) by extensions ['ignore', 'ignore_ament_install']
[0.202s] [34mcolcon.colcon_core.package_identification[0m [1;30mLevel 1[0m _identify(Universal_Robots_ROS2_Driver/ur_calibration) by extension 'ignore'
[0.202s] [34mcolcon.colcon_core.package_identification[0m [1;30mLevel 1[0m _identify(Universal_Robots_ROS2_Driver/ur_calibration) by extension 'ignore_ament_install'
[0.202s] [34mcolcon.colcon_core.package_identification[0m [1;30mLevel 1[0m _identify(Universal_Robots_ROS2_Driver/ur_calibration) by extensions ['colcon_pkg']
[0.202s] [34mcolcon.colcon_core.package_identification[0m [1;30mLevel 1[0m _identify(Universal_Robots_ROS2_Driver/ur_calibration) by extension 'colcon_pkg'
[0.202s] [34mcolcon.colcon_core.package_identification[0m [1;30mLevel 1[0m _identify(Universal_Robots_ROS2_Driver/ur_calibration) by extensions ['colcon_meta']
[0.202s] [34mcolcon.colcon_core.package_identification[0m [1;30mLevel 1[0m _identify(Universal_Robots_ROS2_Driver/ur_calibration) by extension 'colcon_meta'
[0.202s] [34mcolcon.colcon_core.package_identification[0m [1;30mLevel 1[0m _identify(Universal_Robots_ROS2_Driver/ur_calibration) by extensions ['ros']
[0.202s] [34mcolcon.colcon_core.package_identification[0m [1;30mLevel 1[0m _identify(Universal_Robots_ROS2_Driver/ur_calibration) by extension 'ros'
[0.203s] [34mcolcon.colcon_core.package_identification[0m [1;30mDEBUG[0m [32mPackage 'Universal_Robots_ROS2_Driver/ur_calibration' with type 'ros.ament_cmake' and name 'ur_calibration'[0m
[0.203s] [34mcolcon.colcon_core.package_identification[0m [1;30mLevel 1[0m _identify(Universal_Robots_ROS2_Driver/ur_controllers) by extensions ['ignore', 'ignore_ament_install']
[0.203s] [34mcolcon.colcon_core.package_identification[0m [1;30mLevel 1[0m _identify(Universal_Robots_ROS2_Driver/ur_controllers) by extension 'ignore'
[0.203s] [34mcolcon.colcon_core.package_identification[0m [1;30mLevel 1[0m _identify(Universal_Robots_ROS2_Driver/ur_controllers) by extension 'ignore_ament_install'
[0.203s] [34mcolcon.colcon_core.package_identification[0m [1;30mLevel 1[0m _identify(Universal_Robots_ROS2_Driver/ur_controllers) by extensions ['colcon_pkg']
[0.204s] [34mcolcon.colcon_core.package_identification[0m [1;30mLevel 1[0m _identify(Universal_Robots_ROS2_Driver/ur_controllers) by extension 'colcon_pkg'
[0.204s] [34mcolcon.colcon_core.package_identification[0m [1;30mLevel 1[0m _identify(Universal_Robots_ROS2_Driver/ur_controllers) by extensions ['colcon_meta']
[0.204s] [34mcolcon.colcon_core.package_identification[0m [1;30mLevel 1[0m _identify(Universal_Robots_ROS2_Driver/ur_controllers) by extension 'colcon_meta'
[0.204s] [34mcolcon.colcon_core.package_identification[0m [1;30mLevel 1[0m _identify(Universal_Robots_ROS2_Driver/ur_controllers) by extensions ['ros']
[0.204s] [34mcolcon.colcon_core.package_identification[0m [1;30mLevel 1[0m _identify(Universal_Robots_ROS2_Driver/ur_controllers) by extension 'ros'
[0.205s] [34mcolcon.colcon_core.package_identification[0m [1;30mDEBUG[0m [32mPackage 'Universal_Robots_ROS2_Driver/ur_controllers' with type 'ros.ament_cmake' and name 'ur_controllers'[0m
[0.205s] [34mcolcon.colcon_core.package_identification[0m [1;30mLevel 1[0m _identify(Universal_Robots_ROS2_Driver/ur_dashboard_msgs) by extensions ['ignore', 'ignore_ament_install']
[0.205s] [34mcolcon.colcon_core.package_identification[0m [1;30mLevel 1[0m _identify(Universal_Robots_ROS2_Driver/ur_dashboard_msgs) by extension 'ignore'
[0.205s] [34mcolcon.colcon_core.package_identification[0m [1;30mLevel 1[0m _identify(Universal_Robots_ROS2_Driver/ur_dashboard_msgs) by extension 'ignore_ament_install'
[0.205s] [34mcolcon.colcon_core.package_identification[0m [1;30mLevel 1[0m _identify(Universal_Robots_ROS2_Driver/ur_dashboard_msgs) by extensions ['colcon_pkg']
[0.205s] [34mcolcon.colcon_core.package_identification[0m [1;30mLevel 1[0m _identify(Universal_Robots_ROS2_Driver/ur_dashboard_msgs) by extension 'colcon_pkg'
[0.205s] [34mcolcon.colcon_core.package_identification[0m [1;30mLevel 1[0m _identify(Universal_Robots_ROS2_Driver/ur_dashboard_msgs) by extensions ['colcon_meta']
[0.205s] [34mcolcon.colcon_core.package_identification[0m [1;30mLevel 1[0m _identify(Universal_Robots_ROS2_Driver/ur_dashboard_msgs) by extension 'colcon_meta'
[0.205s] [34mcolcon.colcon_core.package_identification[0m [1;30mLevel 1[0m _identify(Universal_Robots_ROS2_Driver/ur_dashboard_msgs) by extensions ['ros']
[0.205s] [34mcolcon.colcon_core.package_identification[0m [1;30mLevel 1[0m _identify(Universal_Robots_ROS2_Driver/ur_dashboard_msgs) by extension 'ros'
[0.206s] [34mcolcon.colcon_core.package_identification[0m [1;30mDEBUG[0m [32mPackage 'Universal_Robots_ROS2_Driver/ur_dashboard_msgs' with type 'ros.ament_cmake' and name 'ur_dashboard_msgs'[0m
[0.206s] [34mcolcon.colcon_core.package_identification[0m [1;30mLevel 1[0m _identify(Universal_Robots_ROS2_Driver/ur_moveit_config) by extensions ['ignore', 'ignore_ament_install']
[0.206s] [34mcolcon.colcon_core.package_identification[0m [1;30mLevel 1[0m _identify(Universal_Robots_ROS2_Driver/ur_moveit_config) by extension 'ignore'
[0.206s] [34mcolcon.colcon_core.package_identification[0m [1;30mLevel 1[0m _identify(Universal_Robots_ROS2_Driver/ur_moveit_config) by extension 'ignore_ament_install'
[0.206s] [34mcolcon.colcon_core.package_identification[0m [1;30mLevel 1[0m _identify(Universal_Robots_ROS2_Driver/ur_moveit_config) by extensions ['colcon_pkg']
[0.206s] [34mcolcon.colcon_core.package_identification[0m [1;30mLevel 1[0m _identify(Universal_Robots_ROS2_Driver/ur_moveit_config) by extension 'colcon_pkg'
[0.206s] [34mcolcon.colcon_core.package_identification[0m [1;30mLevel 1[0m _identify(Universal_Robots_ROS2_Driver/ur_moveit_config) by extensions ['colcon_meta']
[0.206s] [34mcolcon.colcon_core.package_identification[0m [1;30mLevel 1[0m _identify(Universal_Robots_ROS2_Driver/ur_moveit_config) by extension 'colcon_meta'
[0.206s] [34mcolcon.colcon_core.package_identification[0m [1;30mLevel 1[0m _identify(Universal_Robots_ROS2_Driver/ur_moveit_config) by extensions ['ros']
[0.206s] [34mcolcon.colcon_core.package_identification[0m [1;30mLevel 1[0m _identify(Universal_Robots_ROS2_Driver/ur_moveit_config) by extension 'ros'
[0.207s] [34mcolcon.colcon_core.package_identification[0m [1;30mDEBUG[0m [32mPackage 'Universal_Robots_ROS2_Driver/ur_moveit_config' with type 'ros.ament_cmake' and name 'ur_moveit_config'[0m
[0.207s] [34mcolcon.colcon_core.package_identification[0m [1;30mLevel 1[0m _identify(Universal_Robots_ROS2_Driver/ur_robot_driver) by extensions ['ignore', 'ignore_ament_install']
[0.207s] [34mcolcon.colcon_core.package_identification[0m [1;30mLevel 1[0m _identify(Universal_Robots_ROS2_Driver/ur_robot_driver) by extension 'ignore'
[0.207s] [34mcolcon.colcon_core.package_identification[0m [1;30mLevel 1[0m _identify(Universal_Robots_ROS2_Driver/ur_robot_driver) by extension 'ignore_ament_install'
[0.207s] [34mcolcon.colcon_core.package_identification[0m [1;30mLevel 1[0m _identify(Universal_Robots_ROS2_Driver/ur_robot_driver) by extensions ['colcon_pkg']
[0.207s] [34mcolcon.colcon_core.package_identification[0m [1;30mLevel 1[0m _identify(Universal_Robots_ROS2_Driver/ur_robot_driver) by extension 'colcon_pkg'
[0.207s] [34mcolcon.colcon_core.package_identification[0m [1;30mLevel 1[0m _identify(Universal_Robots_ROS2_Driver/ur_robot_driver) by extensions ['colcon_meta']
[0.207s] [34mcolcon.colcon_core.package_identification[0m [1;30mLevel 1[0m _identify(Universal_Robots_ROS2_Driver/ur_robot_driver) by extension 'colcon_meta'
[0.207s] [34mcolcon.colcon_core.package_identification[0m [1;30mLevel 1[0m _identify(Universal_Robots_ROS2_Driver/ur_robot_driver) by extensions ['ros']
[0.207s] [34mcolcon.colcon_core.package_identification[0m [1;30mLevel 1[0m _identify(Universal_Robots_ROS2_Driver/ur_robot_driver) by extension 'ros'
[0.208s] [34mcolcon.colcon_core.package_identification[0m [1;30mDEBUG[0m [32mPackage 'Universal_Robots_ROS2_Driver/ur_robot_driver' with type 'ros.ament_cmake' and name 'ur_robot_driver'[0m
[0.208s] [34mcolcon.colcon_core.package_identification[0m [1;30mLevel 1[0m _identify(build) by extensions ['ignore', 'ignore_ament_install']
[0.208s] [34mcolcon.colcon_core.package_identification[0m [1;30mLevel 1[0m _identify(build) by extension 'ignore'
[0.208s] [34mcolcon.colcon_core.package_identification[0m [1;30mLevel 1[0m _identify(build) ignored
[0.209s] [34mcolcon.colcon_core.package_identification[0m [1;30mLevel 1[0m _identify(include) by extensions ['ignore', 'ignore_ament_install']
[0.209s] [34mcolcon.colcon_core.package_identification[0m [1;30mLevel 1[0m _identify(include) by extension 'ignore'
[0.209s] [34mcolcon.colcon_core.package_identification[0m [1;30mLevel 1[0m _identify(include) by extension 'ignore_ament_install'
[0.209s] [34mcolcon.colcon_core.package_identification[0m [1;30mLevel 1[0m _identify(include) by extensions ['colcon_pkg']
[0.209s] [34mcolcon.colcon_core.package_identification[0m [1;30mLevel 1[0m _identify(include) by extension 'colcon_pkg'
[0.209s] [34mcolcon.colcon_core.package_identification[0m [1;30mLevel 1[0m _identify(include) by extensions ['colcon_meta']
[0.209s] [34mcolcon.colcon_core.package_identification[0m [1;30mLevel 1[0m _identify(include) by extension 'colcon_meta'
[0.209s] [34mcolcon.colcon_core.package_identification[0m [1;30mLevel 1[0m _identify(include) by extensions ['ros']
[0.209s] [34mcolcon.colcon_core.package_identification[0m [1;30mLevel 1[0m _identify(include) by extension 'ros'
[0.209s] [34mcolcon.colcon_core.package_identification[0m [1;30mLevel 1[0m _identify(include) by extensions ['cmake', 'python']
[0.209s] [34mcolcon.colcon_core.package_identification[0m [1;30mLevel 1[0m _identify(include) by extension 'cmake'
[0.209s] [34mcolcon.colcon_core.package_identification[0m [1;30mLevel 1[0m _identify(include) by extension 'python'
[0.209s] [34mcolcon.colcon_core.package_identification[0m [1;30mLevel 1[0m _identify(include) by extensions ['python_setup_py']
[0.209s] [34mcolcon.colcon_core.package_identification[0m [1;30mLevel 1[0m _identify(include) by extension 'python_setup_py'
[0.209s] [34mcolcon.colcon_core.package_identification[0m [1;30mLevel 1[0m _identify(install) by extensions ['ignore', 'ignore_ament_install']
[0.209s] [34mcolcon.colcon_core.package_identification[0m [1;30mLevel 1[0m _identify(install) by extension 'ignore'
[0.209s] [34mcolcon.colcon_core.package_identification[0m [1;30mLevel 1[0m _identify(install) ignored
[0.209s] [34mcolcon.colcon_core.package_identification[0m [1;30mLevel 1[0m _identify(instructions) by extensions ['ignore', 'ignore_ament_install']
[0.209s] [34mcolcon.colcon_core.package_identification[0m [1;30mLevel 1[0m _identify(instructions) by extension 'ignore'
[0.209s] [34mcolcon.colcon_core.package_identification[0m [1;30mLevel 1[0m _identify(instructions) by extension 'ignore_ament_install'
[0.209s] [34mcolcon.colcon_core.package_identification[0m [1;30mLevel 1[0m _identify(instructions) by extensions ['colcon_pkg']
[0.209s] [34mcolcon.colcon_core.package_identification[0m [1;30mLevel 1[0m _identify(instructions) by extension 'colcon_pkg'
[0.209s] [34mcolcon.colcon_core.package_identification[0m [1;30mLevel 1[0m _identify(instructions) by extensions ['colcon_meta']
[0.209s] [34mcolcon.colcon_core.package_identification[0m [1;30mLevel 1[0m _identify(instructions) by extension 'colcon_meta'
[0.209s] [34mcolcon.colcon_core.package_identification[0m [1;30mLevel 1[0m _identify(instructions) by extensions ['ros']
[0.209s] [34mcolcon.colcon_core.package_identification[0m [1;30mLevel 1[0m _identify(instructions) by extension 'ros'
[0.209s] [34mcolcon.colcon_core.package_identification[0m [1;30mLevel 1[0m _identify(instructions) by extensions ['cmake', 'python']
[0.209s] [34mcolcon.colcon_core.package_identification[0m [1;30mLevel 1[0m _identify(instructions) by extension 'cmake'
[0.209s] [34mcolcon.colcon_core.package_identification[0m [1;30mLevel 1[0m _identify(instructions) by extension 'python'
[0.209s] [34mcolcon.colcon_core.package_identification[0m [1;30mLevel 1[0m _identify(instructions) by extensions ['python_setup_py']
[0.209s] [34mcolcon.colcon_core.package_identification[0m [1;30mLevel 1[0m _identify(instructions) by extension 'python_setup_py'
[0.209s] [34mcolcon.colcon_core.package_identification[0m [1;30mLevel 1[0m _identify(log) by extensions ['ignore', 'ignore_ament_install']
[0.209s] [34mcolcon.colcon_core.package_identification[0m [1;30mLevel 1[0m _identify(log) by extension 'ignore'
[0.210s] [34mcolcon.colcon_core.package_identification[0m [1;30mLevel 1[0m _identify(log) ignored
[0.210s] [34mcolcon.colcon_core.package_identification[0m [1;30mLevel 1[0m _identify(media) by extensions ['ignore', 'ignore_ament_install']
[0.210s] [34mcolcon.colcon_core.package_identification[0m [1;30mLevel 1[0m _identify(media) by extension 'ignore'
[0.210s] [34mcolcon.colcon_core.package_identification[0m [1;30mLevel 1[0m _identify(media) by extension 'ignore_ament_install'
[0.210s] [34mcolcon.colcon_core.package_identification[0m [1;30mLevel 1[0m _identify(media) by extensions ['colcon_pkg']
[0.210s] [34mcolcon.colcon_core.package_identification[0m [1;30mLevel 1[0m _identify(media) by extension 'colcon_pkg'
[0.210s] [34mcolcon.colcon_core.package_identification[0m [1;30mLevel 1[0m _identify(media) by extensions ['colcon_meta']
[0.210s] [34mcolcon.colcon_core.package_identification[0m [1;30mLevel 1[0m _identify(media) by extension 'colcon_meta'
[0.210s] [34mcolcon.colcon_core.package_identification[0m [1;30mLevel 1[0m _identify(media) by extensions ['ros']
[0.210s] [34mcolcon.colcon_core.package_identification[0m [1;30mLevel 1[0m _identify(media) by extension 'ros'
[0.210s] [34mcolcon.colcon_core.package_identification[0m [1;30mLevel 1[0m _identify(media) by extensions ['cmake', 'python']
[0.210s] [34mcolcon.colcon_core.package_identification[0m [1;30mLevel 1[0m _identify(media) by extension 'cmake'
[0.210s] [34mcolcon.colcon_core.package_identification[0m [1;30mLevel 1[0m _identify(media) by extension 'python'
[0.210s] [34mcolcon.colcon_core.package_identification[0m [1;30mLevel 1[0m _identify(media) by extensions ['python_setup_py']
[0.210s] [34mcolcon.colcon_core.package_identification[0m [1;30mLevel 1[0m _identify(media) by extension 'python_setup_py'
[0.210s] [34mcolcon.colcon_core.package_identification[0m [1;30mLevel 1[0m _identify(packages) by extensions ['ignore', 'ignore_ament_install']
[0.210s] [34mcolcon.colcon_core.package_identification[0m [1;30mLevel 1[0m _identify(packages) by extension 'ignore'
[0.210s] [34mcolcon.colcon_core.package_identification[0m [1;30mLevel 1[0m _identify(packages) by extension 'ignore_ament_install'
[0.210s] [34mcolcon.colcon_core.package_identification[0m [1;30mLevel 1[0m _identify(packages) by extensions ['colcon_pkg']
[0.210s] [34mcolcon.colcon_core.package_identification[0m [1;30mLevel 1[0m _identify(packages) by extension 'colcon_pkg'
[0.210s] [34mcolcon.colcon_core.package_identification[0m [1;30mLevel 1[0m _identify(packages) by extensions ['colcon_meta']
[0.210s] [34mcolcon.colcon_core.package_identification[0m [1;30mLevel 1[0m _identify(packages) by extension 'colcon_meta'
[0.210s] [34mcolcon.colcon_core.package_identification[0m [1;30mLevel 1[0m _identify(packages) by extensions ['ros']
[0.210s] [34mcolcon.colcon_core.package_identification[0m [1;30mLevel 1[0m _identify(packages) by extension 'ros'
[0.210s] [34mcolcon.colcon_core.package_identification[0m [1;30mLevel 1[0m _identify(packages) by extensions ['cmake', 'python']
[0.210s] [34mcolcon.colcon_core.package_identification[0m [1;30mLevel 1[0m _identify(packages) by extension 'cmake'
[0.210s] [34mcolcon.colcon_core.package_identification[0m [1;30mLevel 1[0m _identify(packages) by extension 'python'
[0.210s] [34mcolcon.colcon_core.package_identification[0m [1;30mLevel 1[0m _identify(packages) by extensions ['python_setup_py']
[0.210s] [34mcolcon.colcon_core.package_identification[0m [1;30mLevel 1[0m _identify(packages) by extension 'python_setup_py'
[0.210s] [34mcolcon.colcon_core.package_identification[0m [1;30mLevel 1[0m _identify(packages/ros2srrc_ar4) by extensions ['ignore', 'ignore_ament_install']
[0.210s] [34mcolcon.colcon_core.package_identification[0m [1;30mLevel 1[0m _identify(packages/ros2srrc_ar4) by extension 'ignore'
[0.210s] [34mcolcon.colcon_core.package_identification[0m [1;30mLevel 1[0m _identify(packages/ros2srrc_ar4) by extension 'ignore_ament_install'
[0.210s] [34mcolcon.colcon_core.package_identification[0m [1;30mLevel 1[0m _identify(packages/ros2srrc_ar4) by extensions ['colcon_pkg']
[0.210s] [34mcolcon.colcon_core.package_identification[0m [1;30mLevel 1[0m _identify(packages/ros2srrc_ar4) by extension 'colcon_pkg'
[0.210s] [34mcolcon.colcon_core.package_identification[0m [1;30mLevel 1[0m _identify(packages/ros2srrc_ar4) by extensions ['colcon_meta']
[0.210s] [34mcolcon.colcon_core.package_identification[0m [1;30mLevel 1[0m _identify(packages/ros2srrc_ar4) by extension 'colcon_meta'
[0.210s] [34mcolcon.colcon_core.package_identification[0m [1;30mLevel 1[0m _identify(packages/ros2srrc_ar4) by extensions ['ros']
[0.211s] [34mcolcon.colcon_core.package_identification[0m [1;30mLevel 1[0m _identify(packages/ros2srrc_ar4) by extension 'ros'
[0.211s] [34mcolcon.colcon_core.package_identification[0m [1;30mDEBUG[0m [32mPackage 'packages/ros2srrc_ar4' with type 'ros.ament_cmake' and name 'ros2srrc_ar4'[0m
[0.211s] [34mcolcon.colcon_core.package_identification[0m [1;30mLevel 1[0m _identify(packages/ros2srrc_iiwa) by extensions ['ignore', 'ignore_ament_install']
[0.211s] [34mcolcon.colcon_core.package_identification[0m [1;30mLevel 1[0m _identify(packages/ros2srrc_iiwa) by extension 'ignore'
[0.211s] [34mcolcon.colcon_core.package_identification[0m [1;30mLevel 1[0m _identify(packages/ros2srrc_iiwa) by extension 'ignore_ament_install'
[0.211s] [34mcolcon.colcon_core.package_identification[0m [1;30mLevel 1[0m _identify(packages/ros2srrc_iiwa) by extensions ['colcon_pkg']
[0.211s] [34mcolcon.colcon_core.package_identification[0m [1;30mLevel 1[0m _identify(packages/ros2srrc_iiwa) by extension 'colcon_pkg'
[0.211s] [34mcolcon.colcon_core.package_identification[0m [1;30mLevel 1[0m _identify(packages/ros2srrc_iiwa) by extensions ['colcon_meta']
[0.211s] [34mcolcon.colcon_core.package_identification[0m [1;30mLevel 1[0m _identify(packages/ros2srrc_iiwa) by extension 'colcon_meta'
[0.211s] [34mcolcon.colcon_core.package_identification[0m [1;30mLevel 1[0m _identify(packages/ros2srrc_iiwa) by extensions ['ros']
[0.211s] [34mcolcon.colcon_core.package_identification[0m [1;30mLevel 1[0m _identify(packages/ros2srrc_iiwa) by extension 'ros'
[0.212s] [34mcolcon.colcon_core.package_identification[0m [1;30mDEBUG[0m [32mPackage 'packages/ros2srrc_iiwa' with type 'ros.ament_cmake' and name 'ros2srrc_iiwa'[0m
[0.212s] [34mcolcon.colcon_core.package_identification[0m [1;30mLevel 1[0m _identify(packages/ros2srrc_irb120) by extensions ['ignore', 'ignore_ament_install']
[0.212s] [34mcolcon.colcon_core.package_identification[0m [1;30mLevel 1[0m _identify(packages/ros2srrc_irb120) by extension 'ignore'
[0.212s] [34mcolcon.colcon_core.package_identification[0m [1;30mLevel 1[0m _identify(packages/ros2srrc_irb120) by extension 'ignore_ament_install'
[0.212s] [34mcolcon.colcon_core.package_identification[0m [1;30mLevel 1[0m _identify(packages/ros2srrc_irb120) by extensions ['colcon_pkg']
[0.212s] [34mcolcon.colcon_core.package_identification[0m [1;30mLevel 1[0m _identify(packages/ros2srrc_irb120) by extension 'colcon_pkg'
[0.212s] [34mcolcon.colcon_core.package_identification[0m [1;30mLevel 1[0m _identify(packages/ros2srrc_irb120) by extensions ['colcon_meta']
[0.212s] [34mcolcon.colcon_core.package_identification[0m [1;30mLevel 1[0m _identify(packages/ros2srrc_irb120) by extension 'colcon_meta'
[0.212s] [34mcolcon.colcon_core.package_identification[0m [1;30mLevel 1[0m _identify(packages/ros2srrc_irb120) by extensions ['ros']
[0.212s] [34mcolcon.colcon_core.package_identification[0m [1;30mLevel 1[0m _identify(packages/ros2srrc_irb120) by extension 'ros'
[0.212s] [34mcolcon.colcon_core.package_identification[0m [1;30mDEBUG[0m [32mPackage 'packages/ros2srrc_irb120' with type 'ros.ament_cmake' and name 'ros2srrc_irb120'[0m
[0.212s] [34mcolcon.colcon_core.package_identification[0m [1;30mLevel 1[0m _identify(packages/ros2srrc_irb1200) by extensions ['ignore', 'ignore_ament_install']
[0.212s] [34mcolcon.colcon_core.package_identification[0m [1;30mLevel 1[0m _identify(packages/ros2srrc_irb1200) by extension 'ignore'
[0.212s] [34mcolcon.colcon_core.package_identification[0m [1;30mLevel 1[0m _identify(packages/ros2srrc_irb1200) by extension 'ignore_ament_install'
[0.212s] [34mcolcon.colcon_core.package_identification[0m [1;30mLevel 1[0m _identify(packages/ros2srrc_irb1200) by extensions ['colcon_pkg']
[0.212s] [34mcolcon.colcon_core.package_identification[0m [1;30mLevel 1[0m _identify(packages/ros2srrc_irb1200) by extension 'colcon_pkg'
[0.212s] [34mcolcon.colcon_core.package_identification[0m [1;30mLevel 1[0m _identify(packages/ros2srrc_irb1200) by extensions ['colcon_meta']
[0.212s] [34mcolcon.colcon_core.package_identification[0m [1;30mLevel 1[0m _identify(packages/ros2srrc_irb1200) by extension 'colcon_meta'
[0.212s] [34mcolcon.colcon_core.package_identification[0m [1;30mLevel 1[0m _identify(packages/ros2srrc_irb1200) by extensions ['ros']
[0.212s] [34mcolcon.colcon_core.package_identification[0m [1;30mLevel 1[0m _identify(packages/ros2srrc_irb1200) by extension 'ros'
[0.213s] [34mcolcon.colcon_core.package_identification[0m [1;30mDEBUG[0m [32mPackage 'packages/ros2srrc_irb1200' with type 'ros.ament_cmake' and name 'ros2srrc_irb1200'[0m
[0.213s] [34mcolcon.colcon_core.package_identification[0m [1;30mLevel 1[0m _identify(packages/ros2srrc_irb1600) by extensions ['ignore', 'ignore_ament_install']
[0.213s] [34mcolcon.colcon_core.package_identification[0m [1;30mLevel 1[0m _identify(packages/ros2srrc_irb1600) by extension 'ignore'
[0.213s] [34mcolcon.colcon_core.package_identification[0m [1;30mLevel 1[0m _identify(packages/ros2srrc_irb1600) by extension 'ignore_ament_install'
[0.213s] [34mcolcon.colcon_core.package_identification[0m [1;30mLevel 1[0m _identify(packages/ros2srrc_irb1600) by extensions ['colcon_pkg']
[0.213s] [34mcolcon.colcon_core.package_identification[0m [1;30mLevel 1[0m _identify(packages/ros2srrc_irb1600) by extension 'colcon_pkg'
[0.213s] [34mcolcon.colcon_core.package_identification[0m [1;30mLevel 1[0m _identify(packages/ros2srrc_irb1600) by extensions ['colcon_meta']
[0.213s] [34mcolcon.colcon_core.package_identification[0m [1;30mLevel 1[0m _identify(packages/ros2srrc_irb1600) by extension 'colcon_meta'
[0.213s] [34mcolcon.colcon_core.package_identification[0m [1;30mLevel 1[0m _identify(packages/ros2srrc_irb1600) by extensions ['ros']
[0.213s] [34mcolcon.colcon_core.package_identification[0m [1;30mLevel 1[0m _identify(packages/ros2srrc_irb1600) by extension 'ros'
[0.213s] [34mcolcon.colcon_core.package_identification[0m [1;30mDEBUG[0m [32mPackage 'packages/ros2srrc_irb1600' with type 'ros.ament_cmake' and name 'ros2srrc_irb1600'[0m
[0.213s] [34mcolcon.colcon_core.package_identification[0m [1;30mLevel 1[0m _identify(packages/ros2srrc_irb6640) by extensions ['ignore', 'ignore_ament_install']
[0.213s] [34mcolcon.colcon_core.package_identification[0m [1;30mLevel 1[0m _identify(packages/ros2srrc_irb6640) by extension 'ignore'
[0.213s] [34mcolcon.colcon_core.package_identification[0m [1;30mLevel 1[0m _identify(packages/ros2srrc_irb6640) by extension 'ignore_ament_install'
[0.214s] [34mcolcon.colcon_core.package_identification[0m [1;30mLevel 1[0m _identify(packages/ros2srrc_irb6640) by extensions ['colcon_pkg']
[0.214s] [34mcolcon.colcon_core.package_identification[0m [1;30mLevel 1[0m _identify(packages/ros2srrc_irb6640) by extension 'colcon_pkg'
[0.214s] [34mcolcon.colcon_core.package_identification[0m [1;30mLevel 1[0m _identify(packages/ros2srrc_irb6640) by extensions ['colcon_meta']
[0.214s] [34mcolcon.colcon_core.package_identification[0m [1;30mLevel 1[0m _identify(packages/ros2srrc_irb6640) by extension 'colcon_meta'
[0.214s] [34mcolcon.colcon_core.package_identification[0m [1;30mLevel 1[0m _identify(packages/ros2srrc_irb6640) by extensions ['ros']
[0.214s] [34mcolcon.colcon_core.package_identification[0m [1;30mLevel 1[0m _identify(packages/ros2srrc_irb6640) by extension 'ros'
[0.214s] [34mcolcon.colcon_core.package_identification[0m [1;30mDEBUG[0m [32mPackage 'packages/ros2srrc_irb6640' with type 'ros.ament_cmake' and name 'ros2srrc_irb6640'[0m
[0.214s] [34mcolcon.colcon_core.package_identification[0m [1;30mLevel 1[0m _identify(packages/ros2srrc_rx160) by extensions ['ignore', 'ignore_ament_install']
[0.214s] [34mcolcon.colcon_core.package_identification[0m [1;30mLevel 1[0m _identify(packages/ros2srrc_rx160) by extension 'ignore'
[0.214s] [34mcolcon.colcon_core.package_identification[0m [1;30mLevel 1[0m _identify(packages/ros2srrc_rx160) by extension 'ignore_ament_install'
[0.214s] [34mcolcon.colcon_core.package_identification[0m [1;30mLevel 1[0m _identify(packages/ros2srrc_rx160) by extensions ['colcon_pkg']
[0.214s] [34mcolcon.colcon_core.package_identification[0m [1;30mLevel 1[0m _identify(packages/ros2srrc_rx160) by extension 'colcon_pkg'
[0.214s] [34mcolcon.colcon_core.package_identification[0m [1;30mLevel 1[0m _identify(packages/ros2srrc_rx160) by extensions ['colcon_meta']
[0.214s] [34mcolcon.colcon_core.package_identification[0m [1;30mLevel 1[0m _identify(packages/ros2srrc_rx160) by extension 'colcon_meta'
[0.214s] [34mcolcon.colcon_core.package_identification[0m [1;30mLevel 1[0m _identify(packages/ros2srrc_rx160) by extensions ['ros']
[0.214s] [34mcolcon.colcon_core.package_identification[0m [1;30mLevel 1[0m _identify(packages/ros2srrc_rx160) by extension 'ros'
[0.214s] [34mcolcon.colcon_core.package_identification[0m [1;30mDEBUG[0m [32mPackage 'packages/ros2srrc_rx160' with type 'ros.ament_cmake' and name 'ros2srrc_rx160'[0m
[0.215s] [34mcolcon.colcon_core.package_identification[0m [1;30mLevel 1[0m _identify(packages/ros2srrc_ur10) by extensions ['ignore', 'ignore_ament_install']
[0.215s] [34mcolcon.colcon_core.package_identification[0m [1;30mLevel 1[0m _identify(packages/ros2srrc_ur10) by extension 'ignore'
[0.215s] [34mcolcon.colcon_core.package_identification[0m [1;30mLevel 1[0m _identify(packages/ros2srrc_ur10) by extension 'ignore_ament_install'
[0.215s] [34mcolcon.colcon_core.package_identification[0m [1;30mLevel 1[0m _identify(packages/ros2srrc_ur10) by extensions ['colcon_pkg']
[0.215s] [34mcolcon.colcon_core.package_identification[0m [1;30mLevel 1[0m _identify(packages/ros2srrc_ur10) by extension 'colcon_pkg'
[0.215s] [34mcolcon.colcon_core.package_identification[0m [1;30mLevel 1[0m _identify(packages/ros2srrc_ur10) by extensions ['colcon_meta']
[0.215s] [34mcolcon.colcon_core.package_identification[0m [1;30mLevel 1[0m _identify(packages/ros2srrc_ur10) by extension 'colcon_meta'
[0.215s] [34mcolcon.colcon_core.package_identification[0m [1;30mLevel 1[0m _identify(packages/ros2srrc_ur10) by extensions ['ros']
[0.215s] [34mcolcon.colcon_core.package_identification[0m [1;30mLevel 1[0m _identify(packages/ros2srrc_ur10) by extension 'ros'
[0.215s] [34mcolcon.colcon_core.package_identification[0m [1;30mDEBUG[0m [32mPackage 'packages/ros2srrc_ur10' with type 'ros.ament_cmake' and name 'ros2srrc_ur10'[0m
[0.215s] [34mcolcon.colcon_core.package_identification[0m [1;30mLevel 1[0m _identify(packages/ros2srrc_ur10e) by extensions ['ignore', 'ignore_ament_install']
[0.215s] [34mcolcon.colcon_core.package_identification[0m [1;30mLevel 1[0m _identify(packages/ros2srrc_ur10e) by extension 'ignore'
[0.215s] [34mcolcon.colcon_core.package_identification[0m [1;30mLevel 1[0m _identify(packages/ros2srrc_ur10e) by extension 'ignore_ament_install'
[0.215s] [34mcolcon.colcon_core.package_identification[0m [1;30mLevel 1[0m _identify(packages/ros2srrc_ur10e) by extensions ['colcon_pkg']
[0.215s] [34mcolcon.colcon_core.package_identification[0m [1;30mLevel 1[0m _identify(packages/ros2srrc_ur10e) by extension 'colcon_pkg'
[0.215s] [34mcolcon.colcon_core.package_identification[0m [1;30mLevel 1[0m _identify(packages/ros2srrc_ur10e) by extensions ['colcon_meta']
[0.215s] [34mcolcon.colcon_core.package_identification[0m [1;30mLevel 1[0m _identify(packages/ros2srrc_ur10e) by extension 'colcon_meta'
[0.215s] [34mcolcon.colcon_core.package_identification[0m [1;30mLevel 1[0m _identify(packages/ros2srrc_ur10e) by extensions ['ros']
[0.215s] [34mcolcon.colcon_core.package_identification[0m [1;30mLevel 1[0m _identify(packages/ros2srrc_ur10e) by extension 'ros'
[0.216s] [34mcolcon.colcon_core.package_identification[0m [1;30mDEBUG[0m [32mPackage 'packages/ros2srrc_ur10e' with type 'ros.ament_cmake' and name 'ros2srrc_ur10e'[0m
[0.216s] [34mcolcon.colcon_core.package_identification[0m [1;30mLevel 1[0m _identify(packages/ros2srrc_ur16e) by extensions ['ignore', 'ignore_ament_install']
[0.216s] [34mcolcon.colcon_core.package_identification[0m [1;30mLevel 1[0m _identify(packages/ros2srrc_ur16e) by extension 'ignore'
[0.216s] [34mcolcon.colcon_core.package_identification[0m [1;30mLevel 1[0m _identify(packages/ros2srrc_ur16e) by extension 'ignore_ament_install'
[0.216s] [34mcolcon.colcon_core.package_identification[0m [1;30mLevel 1[0m _identify(packages/ros2srrc_ur16e) by extensions ['colcon_pkg']
[0.216s] [34mcolcon.colcon_core.package_identification[0m [1;30mLevel 1[0m _identify(packages/ros2srrc_ur16e) by extension 'colcon_pkg'
[0.216s] [34mcolcon.colcon_core.package_identification[0m [1;30mLevel 1[0m _identify(packages/ros2srrc_ur16e) by extensions ['colcon_meta']
[0.216s] [34mcolcon.colcon_core.package_identification[0m [1;30mLevel 1[0m _identify(packages/ros2srrc_ur16e) by extension 'colcon_meta'
[0.216s] [34mcolcon.colcon_core.package_identification[0m [1;30mLevel 1[0m _identify(packages/ros2srrc_ur16e) by extensions ['ros']
[0.216s] [34mcolcon.colcon_core.package_identification[0m [1;30mLevel 1[0m _identify(packages/ros2srrc_ur16e) by extension 'ros'
[0.216s] [34mcolcon.colcon_core.package_identification[0m [1;30mDEBUG[0m [32mPackage 'packages/ros2srrc_ur16e' with type 'ros.ament_cmake' and name 'ros2srrc_ur16e'[0m
[0.216s] [34mcolcon.colcon_core.package_identification[0m [1;30mLevel 1[0m _identify(packages/ros2srrc_ur20) by extensions ['ignore', 'ignore_ament_install']
[0.216s] [34mcolcon.colcon_core.package_identification[0m [1;30mLevel 1[0m _identify(packages/ros2srrc_ur20) by extension 'ignore'
[0.216s] [34mcolcon.colcon_core.package_identification[0m [1;30mLevel 1[0m _identify(packages/ros2srrc_ur20) by extension 'ignore_ament_install'
[0.217s] [34mcolcon.colcon_core.package_identification[0m [1;30mLevel 1[0m _identify(packages/ros2srrc_ur20) by extensions ['colcon_pkg']
[0.217s] [34mcolcon.colcon_core.package_identification[0m [1;30mLevel 1[0m _identify(packages/ros2srrc_ur20) by extension 'colcon_pkg'
[0.217s] [34mcolcon.colcon_core.package_identification[0m [1;30mLevel 1[0m _identify(packages/ros2srrc_ur20) by extensions ['colcon_meta']
[0.217s] [34mcolcon.colcon_core.package_identification[0m [1;30mLevel 1[0m _identify(packages/ros2srrc_ur20) by extension 'colcon_meta'
[0.217s] [34mcolcon.colcon_core.package_identification[0m [1;30mLevel 1[0m _identify(packages/ros2srrc_ur20) by extensions ['ros']
[0.217s] [34mcolcon.colcon_core.package_identification[0m [1;30mLevel 1[0m _identify(packages/ros2srrc_ur20) by extension 'ros'
[0.217s] [34mcolcon.colcon_core.package_identification[0m [1;30mDEBUG[0m [32mPackage 'packages/ros2srrc_ur20' with type 'ros.ament_cmake' and name 'ros2srrc_ur20'[0m
[0.217s] [34mcolcon.colcon_core.package_identification[0m [1;30mLevel 1[0m _identify(packages/ros2srrc_ur3) by extensions ['ignore', 'ignore_ament_install']
[0.217s] [34mcolcon.colcon_core.package_identification[0m [1;30mLevel 1[0m _identify(packages/ros2srrc_ur3) by extension 'ignore'
[0.217s] [34mcolcon.colcon_core.package_identification[0m [1;30mLevel 1[0m _identify(packages/ros2srrc_ur3) by extension 'ignore_ament_install'
[0.217s] [34mcolcon.colcon_core.package_identification[0m [1;30mLevel 1[0m _identify(packages/ros2srrc_ur3) by extensions ['colcon_pkg']
[0.217s] [34mcolcon.colcon_core.package_identification[0m [1;30mLevel 1[0m _identify(packages/ros2srrc_ur3) by extension 'colcon_pkg'
[0.217s] [34mcolcon.colcon_core.package_identification[0m [1;30mLevel 1[0m _identify(packages/ros2srrc_ur3) by extensions ['colcon_meta']
[0.217s] [34mcolcon.colcon_core.package_identification[0m [1;30mLevel 1[0m _identify(packages/ros2srrc_ur3) by extension 'colcon_meta'
[0.217s] [34mcolcon.colcon_core.package_identification[0m [1;30mLevel 1[0m _identify(packages/ros2srrc_ur3) by extensions ['ros']
[0.217s] [34mcolcon.colcon_core.package_identification[0m [1;30mLevel 1[0m _identify(packages/ros2srrc_ur3) by extension 'ros'
[0.217s] [34mcolcon.colcon_core.package_identification[0m [1;30mDEBUG[0m [32mPackage 'packages/ros2srrc_ur3' with type 'ros.ament_cmake' and name 'ros2srrc_ur3'[0m
[0.218s] [34mcolcon.colcon_core.package_identification[0m [1;30mLevel 1[0m _identify(packages/ros2srrc_ur3e) by extensions ['ignore', 'ignore_ament_install']
[0.218s] [34mcolcon.colcon_core.package_identification[0m [1;30mLevel 1[0m _identify(packages/ros2srrc_ur3e) by extension 'ignore'
[0.218s] [34mcolcon.colcon_core.package_identification[0m [1;30mLevel 1[0m _identify(packages/ros2srrc_ur3e) by extension 'ignore_ament_install'
[0.218s] [34mcolcon.colcon_core.package_identification[0m [1;30mLevel 1[0m _identify(packages/ros2srrc_ur3e) by extensions ['colcon_pkg']
[0.218s] [34mcolcon.colcon_core.package_identification[0m [1;30mLevel 1[0m _identify(packages/ros2srrc_ur3e) by extension 'colcon_pkg'
[0.218s] [34mcolcon.colcon_core.package_identification[0m [1;30mLevel 1[0m _identify(packages/ros2srrc_ur3e) by extensions ['colcon_meta']
[0.218s] [34mcolcon.colcon_core.package_identification[0m [1;30mLevel 1[0m _identify(packages/ros2srrc_ur3e) by extension 'colcon_meta'
[0.218s] [34mcolcon.colcon_core.package_identification[0m [1;30mLevel 1[0m _identify(packages/ros2srrc_ur3e) by extensions ['ros']
[0.218s] [34mcolcon.colcon_core.package_identification[0m [1;30mLevel 1[0m _identify(packages/ros2srrc_ur3e) by extension 'ros'
[0.218s] [34mcolcon.colcon_core.package_identification[0m [1;30mDEBUG[0m [32mPackage 'packages/ros2srrc_ur3e' with type 'ros.ament_cmake' and name 'ros2srrc_ur3e'[0m
[0.218s] [34mcolcon.colcon_core.package_identification[0m [1;30mLevel 1[0m _identify(packages/ros2srrc_ur5) by extensions ['ignore', 'ignore_ament_install']
[0.218s] [34mcolcon.colcon_core.package_identification[0m [1;30mLevel 1[0m _identify(packages/ros2srrc_ur5) by extension 'ignore'
[0.218s] [34mcolcon.colcon_core.package_identification[0m [1;30mLevel 1[0m _identify(packages/ros2srrc_ur5) by extension 'ignore_ament_install'
[0.218s] [34mcolcon.colcon_core.package_identification[0m [1;30mLevel 1[0m _identify(packages/ros2srrc_ur5) by extensions ['colcon_pkg']
[0.218s] [34mcolcon.colcon_core.package_identification[0m [1;30mLevel 1[0m _identify(packages/ros2srrc_ur5) by extension 'colcon_pkg'
[0.218s] [34mcolcon.colcon_core.package_identification[0m [1;30mLevel 1[0m _identify(packages/ros2srrc_ur5) by extensions ['colcon_meta']
[0.218s] [34mcolcon.colcon_core.package_identification[0m [1;30mLevel 1[0m _identify(packages/ros2srrc_ur5) by extension 'colcon_meta'
[0.218s] [34mcolcon.colcon_core.package_identification[0m [1;30mLevel 1[0m _identify(packages/ros2srrc_ur5) by extensions ['ros']
[0.218s] [34mcolcon.colcon_core.package_identification[0m [1;30mLevel 1[0m _identify(packages/ros2srrc_ur5) by extension 'ros'
[0.219s] [34mcolcon.colcon_core.package_identification[0m [1;30mDEBUG[0m [32mPackage 'packages/ros2srrc_ur5' with type 'ros.ament_cmake' and name 'ros2srrc_ur5'[0m
[0.219s] [34mcolcon.colcon_core.package_identification[0m [1;30mLevel 1[0m _identify(packages/ros2srrc_ur5e) by extensions ['ignore', 'ignore_ament_install']
[0.219s] [34mcolcon.colcon_core.package_identification[0m [1;30mLevel 1[0m _identify(packages/ros2srrc_ur5e) by extension 'ignore'
[0.219s] [34mcolcon.colcon_core.package_identification[0m [1;30mLevel 1[0m _identify(packages/ros2srrc_ur5e) by extension 'ignore_ament_install'
[0.219s] [34mcolcon.colcon_core.package_identification[0m [1;30mLevel 1[0m _identify(packages/ros2srrc_ur5e) by extensions ['colcon_pkg']
[0.219s] [34mcolcon.colcon_core.package_identification[0m [1;30mLevel 1[0m _identify(packages/ros2srrc_ur5e) by extension 'colcon_pkg'
[0.219s] [34mcolcon.colcon_core.package_identification[0m [1;30mLevel 1[0m _identify(packages/ros2srrc_ur5e) by extensions ['colcon_meta']
[0.219s] [34mcolcon.colcon_core.package_identification[0m [1;30mLevel 1[0m _identify(packages/ros2srrc_ur5e) by extension 'colcon_meta'
[0.219s] [34mcolcon.colcon_core.package_identification[0m [1;30mLevel 1[0m _identify(packages/ros2srrc_ur5e) by extensions ['ros']
[0.219s] [34mcolcon.colcon_core.package_identification[0m [1;30mLevel 1[0m _identify(packages/ros2srrc_ur5e) by extension 'ros'
[0.219s] [34mcolcon.colcon_core.package_identification[0m [1;30mDEBUG[0m [32mPackage 'packages/ros2srrc_ur5e' with type 'ros.ament_cmake' and name 'ros2srrc_ur5e'[0m
[0.219s] [34mcolcon.colcon_core.package_identification[0m [1;30mLevel 1[0m _identify(ros2_controllers) by extensions ['ignore', 'ignore_ament_install']
[0.219s] [34mcolcon.colcon_core.package_identification[0m [1;30mLevel 1[0m _identify(ros2_controllers) by extension 'ignore'
[0.219s] [34mcolcon.colcon_core.package_identification[0m [1;30mLevel 1[0m _identify(ros2_controllers) by extension 'ignore_ament_install'
[0.219s] [34mcolcon.colcon_core.package_identification[0m [1;30mLevel 1[0m _identify(ros2_controllers) by extensions ['colcon_pkg']
[0.219s] [34mcolcon.colcon_core.package_identification[0m [1;30mLevel 1[0m _identify(ros2_controllers) by extension 'colcon_pkg'
[0.220s] [34mcolcon.colcon_core.package_identification[0m [1;30mLevel 1[0m _identify(ros2_controllers) by extensions ['colcon_meta']
[0.220s] [34mcolcon.colcon_core.package_identification[0m [1;30mLevel 1[0m _identify(ros2_controllers) by extension 'colcon_meta'
[0.220s] [34mcolcon.colcon_core.package_identification[0m [1;30mLevel 1[0m _identify(ros2_controllers) by extensions ['ros']
[0.220s] [34mcolcon.colcon_core.package_identification[0m [1;30mLevel 1[0m _identify(ros2_controllers) by extension 'ros'
[0.220s] [34mcolcon.colcon_core.package_identification[0m [1;30mLevel 1[0m _identify(ros2_controllers) by extensions ['cmake', 'python']
[0.220s] [34mcolcon.colcon_core.package_identification[0m [1;30mLevel 1[0m _identify(ros2_controllers) by extension 'cmake'
[0.220s] [34mcolcon.colcon_core.package_identification[0m [1;30mLevel 1[0m _identify(ros2_controllers) by extension 'python'
[0.220s] [34mcolcon.colcon_core.package_identification[0m [1;30mLevel 1[0m _identify(ros2_controllers) by extensions ['python_setup_py']
[0.220s] [34mcolcon.colcon_core.package_identification[0m [1;30mLevel 1[0m _identify(ros2_controllers) by extension 'python_setup_py'
[0.220s] [34mcolcon.colcon_core.package_identification[0m [1;30mLevel 1[0m _identify(ros2_controllers/ackermann_steering_controller) by extensions ['ignore', 'ignore_ament_install']
[0.220s] [34mcolcon.colcon_core.package_identification[0m [1;30mLevel 1[0m _identify(ros2_controllers/ackermann_steering_controller) by extension 'ignore'
[0.220s] [34mcolcon.colcon_core.package_identification[0m [1;30mLevel 1[0m _identify(ros2_controllers/ackermann_steering_controller) by extension 'ignore_ament_install'
[0.220s] [34mcolcon.colcon_core.package_identification[0m [1;30mLevel 1[0m _identify(ros2_controllers/ackermann_steering_controller) by extensions ['colcon_pkg']
[0.220s] [34mcolcon.colcon_core.package_identification[0m [1;30mLevel 1[0m _identify(ros2_controllers/ackermann_steering_controller) by extension 'colcon_pkg'
[0.220s] [34mcolcon.colcon_core.package_identification[0m [1;30mLevel 1[0m _identify(ros2_controllers/ackermann_steering_controller) by extensions ['colcon_meta']
[0.220s] [34mcolcon.colcon_core.package_identification[0m [1;30mLevel 1[0m _identify(ros2_controllers/ackermann_steering_controller) by extension 'colcon_meta'
[0.220s] [34mcolcon.colcon_core.package_identification[0m [1;30mLevel 1[0m _identify(ros2_controllers/ackermann_steering_controller) by extensions ['ros']
[0.220s] [34mcolcon.colcon_core.package_identification[0m [1;30mLevel 1[0m _identify(ros2_controllers/ackermann_steering_controller) by extension 'ros'
[0.221s] [34mcolcon.colcon_core.package_identification[0m [1;30mDEBUG[0m [32mPackage 'ros2_controllers/ackermann_steering_controller' with type 'ros.ament_cmake' and name 'ackermann_steering_controller'[0m
[0.221s] [34mcolcon.colcon_core.package_identification[0m [1;30mLevel 1[0m _identify(ros2_controllers/admittance_controller) by extensions ['ignore', 'ignore_ament_install']
[0.221s] [34mcolcon.colcon_core.package_identification[0m [1;30mLevel 1[0m _identify(ros2_controllers/admittance_controller) by extension 'ignore'
[0.221s] [34mcolcon.colcon_core.package_identification[0m [1;30mLevel 1[0m _identify(ros2_controllers/admittance_controller) by extension 'ignore_ament_install'
[0.221s] [34mcolcon.colcon_core.package_identification[0m [1;30mLevel 1[0m _identify(ros2_controllers/admittance_controller) by extensions ['colcon_pkg']
[0.221s] [34mcolcon.colcon_core.package_identification[0m [1;30mLevel 1[0m _identify(ros2_controllers/admittance_controller) by extension 'colcon_pkg'
[0.221s] [34mcolcon.colcon_core.package_identification[0m [1;30mLevel 1[0m _identify(ros2_controllers/admittance_controller) by extensions ['colcon_meta']
[0.221s] [34mcolcon.colcon_core.package_identification[0m [1;30mLevel 1[0m _identify(ros2_controllers/admittance_controller) by extension 'colcon_meta'
[0.221s] [34mcolcon.colcon_core.package_identification[0m [1;30mLevel 1[0m _identify(ros2_controllers/admittance_controller) by extensions ['ros']
[0.221s] [34mcolcon.colcon_core.package_identification[0m [1;30mLevel 1[0m _identify(ros2_controllers/admittance_controller) by extension 'ros'
[0.222s] [34mcolcon.colcon_core.package_identification[0m [1;30mDEBUG[0m [32mPackage 'ros2_controllers/admittance_controller' with type 'ros.ament_cmake' and name 'admittance_controller'[0m
[0.222s] [34mcolcon.colcon_core.package_identification[0m [1;30mLevel 1[0m _identify(ros2_controllers/bicycle_steering_controller) by extensions ['ignore', 'ignore_ament_install']
[0.223s] [34mcolcon.colcon_core.package_identification[0m [1;30mLevel 1[0m _identify(ros2_controllers/bicycle_steering_controller) by extension 'ignore'
[0.223s] [34mcolcon.colcon_core.package_identification[0m [1;30mLevel 1[0m _identify(ros2_controllers/bicycle_steering_controller) by extension 'ignore_ament_install'
[0.223s] [34mcolcon.colcon_core.package_identification[0m [1;30mLevel 1[0m _identify(ros2_controllers/bicycle_steering_controller) by extensions ['colcon_pkg']
[0.223s] [34mcolcon.colcon_core.package_identification[0m [1;30mLevel 1[0m _identify(ros2_controllers/bicycle_steering_controller) by extension 'colcon_pkg'
[0.223s] [34mcolcon.colcon_core.package_identification[0m [1;30mLevel 1[0m _identify(ros2_controllers/bicycle_steering_controller) by extensions ['colcon_meta']
[0.223s] [34mcolcon.colcon_core.package_identification[0m [1;30mLevel 1[0m _identify(ros2_controllers/bicycle_steering_controller) by extension 'colcon_meta'
[0.223s] [34mcolcon.colcon_core.package_identification[0m [1;30mLevel 1[0m _identify(ros2_controllers/bicycle_steering_controller) by extensions ['ros']
[0.223s] [34mcolcon.colcon_core.package_identification[0m [1;30mLevel 1[0m _identify(ros2_controllers/bicycle_steering_controller) by extension 'ros'
[0.224s] [34mcolcon.colcon_core.package_identification[0m [1;30mDEBUG[0m [32mPackage 'ros2_controllers/bicycle_steering_controller' with type 'ros.ament_cmake' and name 'bicycle_steering_controller'[0m
[0.224s] [34mcolcon.colcon_core.package_identification[0m [1;30mLevel 1[0m _identify(ros2_controllers/diff_drive_controller) by extensions ['ignore', 'ignore_ament_install']
[0.224s] [34mcolcon.colcon_core.package_identification[0m [1;30mLevel 1[0m _identify(ros2_controllers/diff_drive_controller) by extension 'ignore'
[0.224s] [34mcolcon.colcon_core.package_identification[0m [1;30mLevel 1[0m _identify(ros2_controllers/diff_drive_controller) by extension 'ignore_ament_install'
[0.224s] [34mcolcon.colcon_core.package_identification[0m [1;30mLevel 1[0m _identify(ros2_controllers/diff_drive_controller) by extensions ['colcon_pkg']
[0.224s] [34mcolcon.colcon_core.package_identification[0m [1;30mLevel 1[0m _identify(ros2_controllers/diff_drive_controller) by extension 'colcon_pkg'
[0.224s] [34mcolcon.colcon_core.package_identification[0m [1;30mLevel 1[0m _identify(ros2_controllers/diff_drive_controller) by extensions ['colcon_meta']
[0.224s] [34mcolcon.colcon_core.package_identification[0m [1;30mLevel 1[0m _identify(ros2_controllers/diff_drive_controller) by extension 'colcon_meta'
[0.224s] [34mcolcon.colcon_core.package_identification[0m [1;30mLevel 1[0m _identify(ros2_controllers/diff_drive_controller) by extensions ['ros']
[0.224s] [34mcolcon.colcon_core.package_identification[0m [1;30mLevel 1[0m _identify(ros2_controllers/diff_drive_controller) by extension 'ros'
[0.225s] [34mcolcon.colcon_core.package_identification[0m [1;30mDEBUG[0m [32mPackage 'ros2_controllers/diff_drive_controller' with type 'ros.ament_cmake' and name 'diff_drive_controller'[0m
[0.225s] [34mcolcon.colcon_core.package_identification[0m [1;30mLevel 1[0m _identify(ros2_controllers/doc) by extensions ['ignore', 'ignore_ament_install']
[0.225s] [34mcolcon.colcon_core.package_identification[0m [1;30mLevel 1[0m _identify(ros2_controllers/doc) by extension 'ignore'
[0.225s] [34mcolcon.colcon_core.package_identification[0m [1;30mLevel 1[0m _identify(ros2_controllers/doc) by extension 'ignore_ament_install'
[0.225s] [34mcolcon.colcon_core.package_identification[0m [1;30mLevel 1[0m _identify(ros2_controllers/doc) by extensions ['colcon_pkg']
[0.225s] [34mcolcon.colcon_core.package_identification[0m [1;30mLevel 1[0m _identify(ros2_controllers/doc) by extension 'colcon_pkg'
[0.225s] [34mcolcon.colcon_core.package_identification[0m [1;30mLevel 1[0m _identify(ros2_controllers/doc) by extensions ['colcon_meta']
[0.225s] [34mcolcon.colcon_core.package_identification[0m [1;30mLevel 1[0m _identify(ros2_controllers/doc) by extension 'colcon_meta'
[0.225s] [34mcolcon.colcon_core.package_identification[0m [1;30mLevel 1[0m _identify(ros2_controllers/doc) by extensions ['ros']
[0.225s] [34mcolcon.colcon_core.package_identification[0m [1;30mLevel 1[0m _identify(ros2_controllers/doc) by extension 'ros'
[0.225s] [34mcolcon.colcon_core.package_identification[0m [1;30mLevel 1[0m _identify(ros2_controllers/doc) by extensions ['cmake', 'python']
[0.225s] [34mcolcon.colcon_core.package_identification[0m [1;30mLevel 1[0m _identify(ros2_controllers/doc) by extension 'cmake'
[0.225s] [34mcolcon.colcon_core.package_identification[0m [1;30mLevel 1[0m _identify(ros2_controllers/doc) by extension 'python'
[0.225s] [34mcolcon.colcon_core.package_identification[0m [1;30mLevel 1[0m _identify(ros2_controllers/doc) by extensions ['python_setup_py']
[0.225s] [34mcolcon.colcon_core.package_identification[0m [1;30mLevel 1[0m _identify(ros2_controllers/doc) by extension 'python_setup_py'
[0.225s] [34mcolcon.colcon_core.package_identification[0m [1;30mLevel 1[0m _identify(ros2_controllers/doc/images) by extensions ['ignore', 'ignore_ament_install']
[0.225s] [34mcolcon.colcon_core.package_identification[0m [1;30mLevel 1[0m _identify(ros2_controllers/doc/images) by extension 'ignore'
[0.225s] [34mcolcon.colcon_core.package_identification[0m [1;30mLevel 1[0m _identify(ros2_controllers/doc/images) by extension 'ignore_ament_install'
[0.225s] [34mcolcon.colcon_core.package_identification[0m [1;30mLevel 1[0m _identify(ros2_controllers/doc/images) by extensions ['colcon_pkg']
[0.225s] [34mcolcon.colcon_core.package_identification[0m [1;30mLevel 1[0m _identify(ros2_controllers/doc/images) by extension 'colcon_pkg'
[0.225s] [34mcolcon.colcon_core.package_identification[0m [1;30mLevel 1[0m _identify(ros2_controllers/doc/images) by extensions ['colcon_meta']
[0.225s] [34mcolcon.colcon_core.package_identification[0m [1;30mLevel 1[0m _identify(ros2_controllers/doc/images) by extension 'colcon_meta'
[0.225s] [34mcolcon.colcon_core.package_identification[0m [1;30mLevel 1[0m _identify(ros2_controllers/doc/images) by extensions ['ros']
[0.226s] [34mcolcon.colcon_core.package_identification[0m [1;30mLevel 1[0m _identify(ros2_controllers/doc/images) by extension 'ros'
[0.226s] [34mcolcon.colcon_core.package_identification[0m [1;30mLevel 1[0m _identify(ros2_controllers/doc/images) by extensions ['cmake', 'python']
[0.226s] [34mcolcon.colcon_core.package_identification[0m [1;30mLevel 1[0m _identify(ros2_controllers/doc/images) by extension 'cmake'
[0.226s] [34mcolcon.colcon_core.package_identification[0m [1;30mLevel 1[0m _identify(ros2_controllers/doc/images) by extension 'python'
[0.226s] [34mcolcon.colcon_core.package_identification[0m [1;30mLevel 1[0m _identify(ros2_controllers/doc/images) by extensions ['python_setup_py']
[0.226s] [34mcolcon.colcon_core.package_identification[0m [1;30mLevel 1[0m _identify(ros2_controllers/doc/images) by extension 'python_setup_py'
[0.226s] [34mcolcon.colcon_core.package_identification[0m [1;30mLevel 1[0m _identify(ros2_controllers/effort_controllers) by extensions ['ignore', 'ignore_ament_install']
[0.226s] [34mcolcon.colcon_core.package_identification[0m [1;30mLevel 1[0m _identify(ros2_controllers/effort_controllers) by extension 'ignore'
[0.226s] [34mcolcon.colcon_core.package_identification[0m [1;30mLevel 1[0m _identify(ros2_controllers/effort_controllers) by extension 'ignore_ament_install'
[0.226s] [34mcolcon.colcon_core.package_identification[0m [1;30mLevel 1[0m _identify(ros2_controllers/effort_controllers) by extensions ['colcon_pkg']
[0.226s] [34mcolcon.colcon_core.package_identification[0m [1;30mLevel 1[0m _identify(ros2_controllers/effort_controllers) by extension 'colcon_pkg'
[0.226s] [34mcolcon.colcon_core.package_identification[0m [1;30mLevel 1[0m _identify(ros2_controllers/effort_controllers) by extensions ['colcon_meta']
[0.226s] [34mcolcon.colcon_core.package_identification[0m [1;30mLevel 1[0m _identify(ros2_controllers/effort_controllers) by extension 'colcon_meta'
[0.226s] [34mcolcon.colcon_core.package_identification[0m [1;30mLevel 1[0m _identify(ros2_controllers/effort_controllers) by extensions ['ros']
[0.226s] [34mcolcon.colcon_core.package_identification[0m [1;30mLevel 1[0m _identify(ros2_controllers/effort_controllers) by extension 'ros'
[0.226s] [34mcolcon.colcon_core.package_identification[0m [1;30mDEBUG[0m [32mPackage 'ros2_controllers/effort_controllers' with type 'ros.ament_cmake' and name 'effort_controllers'[0m
[0.227s] [34mcolcon.colcon_core.package_identification[0m [1;30mLevel 1[0m _identify(ros2_controllers/force_torque_sensor_broadcaster) by extensions ['ignore', 'ignore_ament_install']
[0.227s] [34mcolcon.colcon_core.package_identification[0m [1;30mLevel 1[0m _identify(ros2_controllers/force_torque_sensor_broadcaster) by extension 'ignore'
[0.227s] [34mcolcon.colcon_core.package_identification[0m [1;30mLevel 1[0m _identify(ros2_controllers/force_torque_sensor_broadcaster) by extension 'ignore_ament_install'
[0.227s] [34mcolcon.colcon_core.package_identification[0m [1;30mLevel 1[0m _identify(ros2_controllers/force_torque_sensor_broadcaster) by extensions ['colcon_pkg']
[0.227s] [34mcolcon.colcon_core.package_identification[0m [1;30mLevel 1[0m _identify(ros2_controllers/force_torque_sensor_broadcaster) by extension 'colcon_pkg'
[0.227s] [34mcolcon.colcon_core.package_identification[0m [1;30mLevel 1[0m _identify(ros2_controllers/force_torque_sensor_broadcaster) by extensions ['colcon_meta']
[0.227s] [34mcolcon.colcon_core.package_identification[0m [1;30mLevel 1[0m _identify(ros2_controllers/force_torque_sensor_broadcaster) by extension 'colcon_meta'
[0.227s] [34mcolcon.colcon_core.package_identification[0m [1;30mLevel 1[0m _identify(ros2_controllers/force_torque_sensor_broadcaster) by extensions ['ros']
[0.227s] [34mcolcon.colcon_core.package_identification[0m [1;30mLevel 1[0m _identify(ros2_controllers/force_torque_sensor_broadcaster) by extension 'ros'
[0.228s] [34mcolcon.colcon_core.package_identification[0m [1;30mDEBUG[0m [32mPackage 'ros2_controllers/force_torque_sensor_broadcaster' with type 'ros.ament_cmake' and name 'force_torque_sensor_broadcaster'[0m
[0.228s] [34mcolcon.colcon_core.package_identification[0m [1;30mLevel 1[0m _identify(ros2_controllers/forward_command_controller) by extensions ['ignore', 'ignore_ament_install']
[0.228s] [34mcolcon.colcon_core.package_identification[0m [1;30mLevel 1[0m _identify(ros2_controllers/forward_command_controller) by extension 'ignore'
[0.228s] [34mcolcon.colcon_core.package_identification[0m [1;30mLevel 1[0m _identify(ros2_controllers/forward_command_controller) by extension 'ignore_ament_install'
[0.228s] [34mcolcon.colcon_core.package_identification[0m [1;30mLevel 1[0m _identify(ros2_controllers/forward_command_controller) by extensions ['colcon_pkg']
[0.228s] [34mcolcon.colcon_core.package_identification[0m [1;30mLevel 1[0m _identify(ros2_controllers/forward_command_controller) by extension 'colcon_pkg'
[0.228s] [34mcolcon.colcon_core.package_identification[0m [1;30mLevel 1[0m _identify(ros2_controllers/forward_command_controller) by extensions ['colcon_meta']
[0.228s] [34mcolcon.colcon_core.package_identification[0m [1;30mLevel 1[0m _identify(ros2_controllers/forward_command_controller) by extension 'colcon_meta'
[0.228s] [34mcolcon.colcon_core.package_identification[0m [1;30mLevel 1[0m _identify(ros2_controllers/forward_command_controller) by extensions ['ros']
[0.228s] [34mcolcon.colcon_core.package_identification[0m [1;30mLevel 1[0m _identify(ros2_controllers/forward_command_controller) by extension 'ros'
[0.229s] [34mcolcon.colcon_core.package_identification[0m [1;30mDEBUG[0m [32mPackage 'ros2_controllers/forward_command_controller' with type 'ros.ament_cmake' and name 'forward_command_controller'[0m
[0.229s] [34mcolcon.colcon_core.package_identification[0m [1;30mLevel 1[0m _identify(ros2_controllers/gpio_controllers) by extensions ['ignore', 'ignore_ament_install']
[0.229s] [34mcolcon.colcon_core.package_identification[0m [1;30mLevel 1[0m _identify(ros2_controllers/gpio_controllers) by extension 'ignore'
[0.229s] [34mcolcon.colcon_core.package_identification[0m [1;30mLevel 1[0m _identify(ros2_controllers/gpio_controllers) by extension 'ignore_ament_install'
[0.229s] [34mcolcon.colcon_core.package_identification[0m [1;30mLevel 1[0m _identify(ros2_controllers/gpio_controllers) by extensions ['colcon_pkg']
[0.229s] [34mcolcon.colcon_core.package_identification[0m [1;30mLevel 1[0m _identify(ros2_controllers/gpio_controllers) by extension 'colcon_pkg'
[0.229s] [34mcolcon.colcon_core.package_identification[0m [1;30mLevel 1[0m _identify(ros2_controllers/gpio_controllers) by extensions ['colcon_meta']
[0.229s] [34mcolcon.colcon_core.package_identification[0m [1;30mLevel 1[0m _identify(ros2_controllers/gpio_controllers) by extension 'colcon_meta'
[0.229s] [34mcolcon.colcon_core.package_identification[0m [1;30mLevel 1[0m _identify(ros2_controllers/gpio_controllers) by extensions ['ros']
[0.229s] [34mcolcon.colcon_core.package_identification[0m [1;30mLevel 1[0m _identify(ros2_controllers/gpio_controllers) by extension 'ros'
[0.230s] [34mcolcon.colcon_core.package_identification[0m [1;30mDEBUG[0m [32mPackage 'ros2_controllers/gpio_controllers' with type 'ros.ament_cmake' and name 'gpio_controllers'[0m
[0.230s] [34mcolcon.colcon_core.package_identification[0m [1;30mLevel 1[0m _identify(ros2_controllers/gripper_controllers) by extensions ['ignore', 'ignore_ament_install']
[0.230s] [34mcolcon.colcon_core.package_identification[0m [1;30mLevel 1[0m _identify(ros2_controllers/gripper_controllers) by extension 'ignore'
[0.230s] [34mcolcon.colcon_core.package_identification[0m [1;30mLevel 1[0m _identify(ros2_controllers/gripper_controllers) by extension 'ignore_ament_install'
[0.230s] [34mcolcon.colcon_core.package_identification[0m [1;30mLevel 1[0m _identify(ros2_controllers/gripper_controllers) by extensions ['colcon_pkg']
[0.230s] [34mcolcon.colcon_core.package_identification[0m [1;30mLevel 1[0m _identify(ros2_controllers/gripper_controllers) by extension 'colcon_pkg'
[0.230s] [34mcolcon.colcon_core.package_identification[0m [1;30mLevel 1[0m _identify(ros2_controllers/gripper_controllers) by extensions ['colcon_meta']
[0.230s] [34mcolcon.colcon_core.package_identification[0m [1;30mLevel 1[0m _identify(ros2_controllers/gripper_controllers) by extension 'colcon_meta'
[0.230s] [34mcolcon.colcon_core.package_identification[0m [1;30mLevel 1[0m _identify(ros2_controllers/gripper_controllers) by extensions ['ros']
[0.230s] [34mcolcon.colcon_core.package_identification[0m [1;30mLevel 1[0m _identify(ros2_controllers/gripper_controllers) by extension 'ros'
[0.231s] [34mcolcon.colcon_core.package_identification[0m [1;30mDEBUG[0m [32mPackage 'ros2_controllers/gripper_controllers' with type 'ros.ament_cmake' and name 'gripper_controllers'[0m
[0.231s] [34mcolcon.colcon_core.package_identification[0m [1;30mLevel 1[0m _identify(ros2_controllers/imu_sensor_broadcaster) by extensions ['ignore', 'ignore_ament_install']
[0.231s] [34mcolcon.colcon_core.package_identification[0m [1;30mLevel 1[0m _identify(ros2_controllers/imu_sensor_broadcaster) by extension 'ignore'
[0.231s] [34mcolcon.colcon_core.package_identification[0m [1;30mLevel 1[0m _identify(ros2_controllers/imu_sensor_broadcaster) by extension 'ignore_ament_install'
[0.231s] [34mcolcon.colcon_core.package_identification[0m [1;30mLevel 1[0m _identify(ros2_controllers/imu_sensor_broadcaster) by extensions ['colcon_pkg']
[0.231s] [34mcolcon.colcon_core.package_identification[0m [1;30mLevel 1[0m _identify(ros2_controllers/imu_sensor_broadcaster) by extension 'colcon_pkg'
[0.231s] [34mcolcon.colcon_core.package_identification[0m [1;30mLevel 1[0m _identify(ros2_controllers/imu_sensor_broadcaster) by extensions ['colcon_meta']
[0.231s] [34mcolcon.colcon_core.package_identification[0m [1;30mLevel 1[0m _identify(ros2_controllers/imu_sensor_broadcaster) by extension 'colcon_meta'
[0.231s] [34mcolcon.colcon_core.package_identification[0m [1;30mLevel 1[0m _identify(ros2_controllers/imu_sensor_broadcaster) by extensions ['ros']
[0.231s] [34mcolcon.colcon_core.package_identification[0m [1;30mLevel 1[0m _identify(ros2_controllers/imu_sensor_broadcaster) by extension 'ros'
[0.232s] [34mcolcon.colcon_core.package_identification[0m [1;30mDEBUG[0m [32mPackage 'ros2_controllers/imu_sensor_broadcaster' with type 'ros.ament_cmake' and name 'imu_sensor_broadcaster'[0m
[0.232s] [34mcolcon.colcon_core.package_identification[0m [1;30mLevel 1[0m _identify(ros2_controllers/joint_state_broadcaster) by extensions ['ignore', 'ignore_ament_install']
[0.232s] [34mcolcon.colcon_core.package_identification[0m [1;30mLevel 1[0m _identify(ros2_controllers/joint_state_broadcaster) by extension 'ignore'
[0.233s] [34mcolcon.colcon_core.package_identification[0m [1;30mLevel 1[0m _identify(ros2_controllers/joint_state_broadcaster) by extension 'ignore_ament_install'
[0.233s] [34mcolcon.colcon_core.package_identification[0m [1;30mLevel 1[0m _identify(ros2_controllers/joint_state_broadcaster) by extensions ['colcon_pkg']
[0.233s] [34mcolcon.colcon_core.package_identification[0m [1;30mLevel 1[0m _identify(ros2_controllers/joint_state_broadcaster) by extension 'colcon_pkg'
[0.233s] [34mcolcon.colcon_core.package_identification[0m [1;30mLevel 1[0m _identify(ros2_controllers/joint_state_broadcaster) by extensions ['colcon_meta']
[0.233s] [34mcolcon.colcon_core.package_identification[0m [1;30mLevel 1[0m _identify(ros2_controllers/joint_state_broadcaster) by extension 'colcon_meta'
[0.233s] [34mcolcon.colcon_core.package_identification[0m [1;30mLevel 1[0m _identify(ros2_controllers/joint_state_broadcaster) by extensions ['ros']
[0.233s] [34mcolcon.colcon_core.package_identification[0m [1;30mLevel 1[0m _identify(ros2_controllers/joint_state_broadcaster) by extension 'ros'
[0.234s] [34mcolcon.colcon_core.package_identification[0m [1;30mDEBUG[0m [32mPackage 'ros2_controllers/joint_state_broadcaster' with type 'ros.ament_cmake' and name 'joint_state_broadcaster'[0m
[0.234s] [34mcolcon.colcon_core.package_identification[0m [1;30mLevel 1[0m _identify(ros2_controllers/joint_trajectory_controller) by extensions ['ignore', 'ignore_ament_install']
[0.234s] [34mcolcon.colcon_core.package_identification[0m [1;30mLevel 1[0m _identify(ros2_controllers/joint_trajectory_controller) by extension 'ignore'
[0.234s] [34mcolcon.colcon_core.package_identification[0m [1;30mLevel 1[0m _identify(ros2_controllers/joint_trajectory_controller) by extension 'ignore_ament_install'
[0.234s] [34mcolcon.colcon_core.package_identification[0m [1;30mLevel 1[0m _identify(ros2_controllers/joint_trajectory_controller) by extensions ['colcon_pkg']
[0.234s] [34mcolcon.colcon_core.package_identification[0m [1;30mLevel 1[0m _identify(ros2_controllers/joint_trajectory_controller) by extension 'colcon_pkg'
[0.234s] [34mcolcon.colcon_core.package_identification[0m [1;30mLevel 1[0m _identify(ros2_controllers/joint_trajectory_controller) by extensions ['colcon_meta']
[0.234s] [34mcolcon.colcon_core.package_identification[0m [1;30mLevel 1[0m _identify(ros2_controllers/joint_trajectory_controller) by extension 'colcon_meta'
[0.234s] [34mcolcon.colcon_core.package_identification[0m [1;30mLevel 1[0m _identify(ros2_controllers/joint_trajectory_controller) by extensions ['ros']
[0.234s] [34mcolcon.colcon_core.package_identification[0m [1;30mLevel 1[0m _identify(ros2_controllers/joint_trajectory_controller) by extension 'ros'
[0.235s] [34mcolcon.colcon_core.package_identification[0m [1;30mDEBUG[0m [32mPackage 'ros2_controllers/joint_trajectory_controller' with type 'ros.ament_cmake' and name 'joint_trajectory_controller'[0m
[0.235s] [34mcolcon.colcon_core.package_identification[0m [1;30mLevel 1[0m _identify(ros2_controllers/mecanum_drive_controller) by extensions ['ignore', 'ignore_ament_install']
[0.235s] [34mcolcon.colcon_core.package_identification[0m [1;30mLevel 1[0m _identify(ros2_controllers/mecanum_drive_controller) by extension 'ignore'
[0.235s] [34mcolcon.colcon_core.package_identification[0m [1;30mLevel 1[0m _identify(ros2_controllers/mecanum_drive_controller) by extension 'ignore_ament_install'
[0.235s] [34mcolcon.colcon_core.package_identification[0m [1;30mLevel 1[0m _identify(ros2_controllers/mecanum_drive_controller) by extensions ['colcon_pkg']
[0.235s] [34mcolcon.colcon_core.package_identification[0m [1;30mLevel 1[0m _identify(ros2_controllers/mecanum_drive_controller) by extension 'colcon_pkg'
[0.235s] [34mcolcon.colcon_core.package_identification[0m [1;30mLevel 1[0m _identify(ros2_controllers/mecanum_drive_controller) by extensions ['colcon_meta']
[0.235s] [34mcolcon.colcon_core.package_identification[0m [1;30mLevel 1[0m _identify(ros2_controllers/mecanum_drive_controller) by extension 'colcon_meta'
[0.235s] [34mcolcon.colcon_core.package_identification[0m [1;30mLevel 1[0m _identify(ros2_controllers/mecanum_drive_controller) by extensions ['ros']
[0.235s] [34mcolcon.colcon_core.package_identification[0m [1;30mLevel 1[0m _identify(ros2_controllers/mecanum_drive_controller) by extension 'ros'
[0.236s] [34mcolcon.colcon_core.package_identification[0m [1;30mDEBUG[0m [32mPackage 'ros2_controllers/mecanum_drive_controller' with type 'ros.ament_cmake' and name 'mecanum_drive_controller'[0m
[0.236s] [34mcolcon.colcon_core.package_identification[0m [1;30mLevel 1[0m _identify(ros2_controllers/pid_controller) by extensions ['ignore', 'ignore_ament_install']
[0.236s] [34mcolcon.colcon_core.package_identification[0m [1;30mLevel 1[0m _identify(ros2_controllers/pid_controller) by extension 'ignore'
[0.237s] [34mcolcon.colcon_core.package_identification[0m [1;30mLevel 1[0m _identify(ros2_controllers/pid_controller) by extension 'ignore_ament_install'
[0.237s] [34mcolcon.colcon_core.package_identification[0m [1;30mLevel 1[0m _identify(ros2_controllers/pid_controller) by extensions ['colcon_pkg']
[0.237s] [34mcolcon.colcon_core.package_identification[0m [1;30mLevel 1[0m _identify(ros2_controllers/pid_controller) by extension 'colcon_pkg'
[0.237s] [34mcolcon.colcon_core.package_identification[0m [1;30mLevel 1[0m _identify(ros2_controllers/pid_controller) by extensions ['colcon_meta']
[0.237s] [34mcolcon.colcon_core.package_identification[0m [1;30mLevel 1[0m _identify(ros2_controllers/pid_controller) by extension 'colcon_meta'
[0.237s] [34mcolcon.colcon_core.package_identification[0m [1;30mLevel 1[0m _identify(ros2_controllers/pid_controller) by extensions ['ros']
[0.237s] [34mcolcon.colcon_core.package_identification[0m [1;30mLevel 1[0m _identify(ros2_controllers/pid_controller) by extension 'ros'
[0.238s] [34mcolcon.colcon_core.package_identification[0m [1;30mDEBUG[0m [32mPackage 'ros2_controllers/pid_controller' with type 'ros.ament_cmake' and name 'pid_controller'[0m
[0.238s] [34mcolcon.colcon_core.package_identification[0m [1;30mLevel 1[0m _identify(ros2_controllers/pose_broadcaster) by extensions ['ignore', 'ignore_ament_install']
[0.238s] [34mcolcon.colcon_core.package_identification[0m [1;30mLevel 1[0m _identify(ros2_controllers/pose_broadcaster) by extension 'ignore'
[0.238s] [34mcolcon.colcon_core.package_identification[0m [1;30mLevel 1[0m _identify(ros2_controllers/pose_broadcaster) by extension 'ignore_ament_install'
[0.238s] [34mcolcon.colcon_core.package_identification[0m [1;30mLevel 1[0m _identify(ros2_controllers/pose_broadcaster) by extensions ['colcon_pkg']
[0.238s] [34mcolcon.colcon_core.package_identification[0m [1;30mLevel 1[0m _identify(ros2_controllers/pose_broadcaster) by extension 'colcon_pkg'
[0.238s] [34mcolcon.colcon_core.package_identification[0m [1;30mLevel 1[0m _identify(ros2_controllers/pose_broadcaster) by extensions ['colcon_meta']
[0.238s] [34mcolcon.colcon_core.package_identification[0m [1;30mLevel 1[0m _identify(ros2_controllers/pose_broadcaster) by extension 'colcon_meta'
[0.238s] [34mcolcon.colcon_core.package_identification[0m [1;30mLevel 1[0m _identify(ros2_controllers/pose_broadcaster) by extensions ['ros']
[0.238s] [34mcolcon.colcon_core.package_identification[0m [1;30mLevel 1[0m _identify(ros2_controllers/pose_broadcaster) by extension 'ros'
[0.239s] [34mcolcon.colcon_core.package_identification[0m [1;30mDEBUG[0m [32mPackage 'ros2_controllers/pose_broadcaster' with type 'ros.ament_cmake' and name 'pose_broadcaster'[0m
[0.239s] [34mcolcon.colcon_core.package_identification[0m [1;30mLevel 1[0m _identify(ros2_controllers/position_controllers) by extensions ['ignore', 'ignore_ament_install']
[0.239s] [34mcolcon.colcon_core.package_identification[0m [1;30mLevel 1[0m _identify(ros2_controllers/position_controllers) by extension 'ignore'
[0.239s] [34mcolcon.colcon_core.package_identification[0m [1;30mLevel 1[0m _identify(ros2_controllers/position_controllers) by extension 'ignore_ament_install'
[0.239s] [34mcolcon.colcon_core.package_identification[0m [1;30mLevel 1[0m _identify(ros2_controllers/position_controllers) by extensions ['colcon_pkg']
[0.239s] [34mcolcon.colcon_core.package_identification[0m [1;30mLevel 1[0m _identify(ros2_controllers/position_controllers) by extension 'colcon_pkg'
[0.239s] [34mcolcon.colcon_core.package_identification[0m [1;30mLevel 1[0m _identify(ros2_controllers/position_controllers) by extensions ['colcon_meta']
[0.239s] [34mcolcon.colcon_core.package_identification[0m [1;30mLevel 1[0m _identify(ros2_controllers/position_controllers) by extension 'colcon_meta'
[0.239s] [34mcolcon.colcon_core.package_identification[0m [1;30mLevel 1[0m _identify(ros2_controllers/position_controllers) by extensions ['ros']
[0.239s] [34mcolcon.colcon_core.package_identification[0m [1;30mLevel 1[0m _identify(ros2_controllers/position_controllers) by extension 'ros'
[0.240s] [34mcolcon.colcon_core.package_identification[0m [1;30mDEBUG[0m [32mPackage 'ros2_controllers/position_controllers' with type 'ros.ament_cmake' and name 'position_controllers'[0m
[0.240s] [34mcolcon.colcon_core.package_identification[0m [1;30mLevel 1[0m _identify(ros2_controllers/range_sensor_broadcaster) by extensions ['ignore', 'ignore_ament_install']
[0.240s] [34mcolcon.colcon_core.package_identification[0m [1;30mLevel 1[0m _identify(ros2_controllers/range_sensor_broadcaster) by extension 'ignore'
[0.240s] [34mcolcon.colcon_core.package_identification[0m [1;30mLevel 1[0m _identify(ros2_controllers/range_sensor_broadcaster) by extension 'ignore_ament_install'
[0.240s] [34mcolcon.colcon_core.package_identification[0m [1;30mLevel 1[0m _identify(ros2_controllers/range_sensor_broadcaster) by extensions ['colcon_pkg']
[0.240s] [34mcolcon.colcon_core.package_identification[0m [1;30mLevel 1[0m _identify(ros2_controllers/range_sensor_broadcaster) by extension 'colcon_pkg'
[0.240s] [34mcolcon.colcon_core.package_identification[0m [1;30mLevel 1[0m _identify(ros2_controllers/range_sensor_broadcaster) by extensions ['colcon_meta']
[0.240s] [34mcolcon.colcon_core.package_identification[0m [1;30mLevel 1[0m _identify(ros2_controllers/range_sensor_broadcaster) by extension 'colcon_meta'
[0.240s] [34mcolcon.colcon_core.package_identification[0m [1;30mLevel 1[0m _identify(ros2_controllers/range_sensor_broadcaster) by extensions ['ros']
[0.240s] [34mcolcon.colcon_core.package_identification[0m [1;30mLevel 1[0m _identify(ros2_controllers/range_sensor_broadcaster) by extension 'ros'
[0.241s] [34mcolcon.colcon_core.package_identification[0m [1;30mDEBUG[0m [32mPackage 'ros2_controllers/range_sensor_broadcaster' with type 'ros.ament_cmake' and name 'range_sensor_broadcaster'[0m
[0.241s] [34mcolcon.colcon_core.package_identification[0m [1;30mLevel 1[0m _identify(ros2_controllers/ros2_controllers) by extensions ['ignore', 'ignore_ament_install']
[0.241s] [34mcolcon.colcon_core.package_identification[0m [1;30mLevel 1[0m _identify(ros2_controllers/ros2_controllers) by extension 'ignore'
[0.241s] [34mcolcon.colcon_core.package_identification[0m [1;30mLevel 1[0m _identify(ros2_controllers/ros2_controllers) by extension 'ignore_ament_install'
[0.241s] [34mcolcon.colcon_core.package_identification[0m [1;30mLevel 1[0m _identify(ros2_controllers/ros2_controllers) by extensions ['colcon_pkg']
[0.241s] [34mcolcon.colcon_core.package_identification[0m [1;30mLevel 1[0m _identify(ros2_controllers/ros2_controllers) by extension 'colcon_pkg'
[0.241s] [34mcolcon.colcon_core.package_identification[0m [1;30mLevel 1[0m _identify(ros2_controllers/ros2_controllers) by extensions ['colcon_meta']
[0.241s] [34mcolcon.colcon_core.package_identification[0m [1;30mLevel 1[0m _identify(ros2_controllers/ros2_controllers) by extension 'colcon_meta'
[0.241s] [34mcolcon.colcon_core.package_identification[0m [1;30mLevel 1[0m _identify(ros2_controllers/ros2_controllers) by extensions ['ros']
[0.241s] [34mcolcon.colcon_core.package_identification[0m [1;30mLevel 1[0m _identify(ros2_controllers/ros2_controllers) by extension 'ros'
[0.242s] [34mcolcon.colcon_core.package_identification[0m [1;30mDEBUG[0m [32mPackage 'ros2_controllers/ros2_controllers' with type 'ros.ament_cmake' and name 'ros2_controllers'[0m
[0.242s] [34mcolcon.colcon_core.package_identification[0m [1;30mLevel 1[0m _identify(ros2_controllers/ros2_controllers_test_nodes) by extensions ['ignore', 'ignore_ament_install']
[0.242s] [34mcolcon.colcon_core.package_identification[0m [1;30mLevel 1[0m _identify(ros2_controllers/ros2_controllers_test_nodes) by extension 'ignore'
[0.242s] [34mcolcon.colcon_core.package_identification[0m [1;30mLevel 1[0m _identify(ros2_controllers/ros2_controllers_test_nodes) ignored
[0.242s] [34mcolcon.colcon_core.package_identification[0m [1;30mLevel 1[0m _identify(ros2_controllers/rqt_joint_trajectory_controller) by extensions ['ignore', 'ignore_ament_install']
[0.242s] [34mcolcon.colcon_core.package_identification[0m [1;30mLevel 1[0m _identify(ros2_controllers/rqt_joint_trajectory_controller) by extension 'ignore'
[0.242s] [34mcolcon.colcon_core.package_identification[0m [1;30mLevel 1[0m _identify(ros2_controllers/rqt_joint_trajectory_controller) ignored
[0.242s] [34mcolcon.colcon_core.package_identification[0m [1;30mLevel 1[0m _identify(ros2_controllers/steering_controllers_library) by extensions ['ignore', 'ignore_ament_install']
[0.242s] [34mcolcon.colcon_core.package_identification[0m [1;30mLevel 1[0m _identify(ros2_controllers/steering_controllers_library) by extension 'ignore'
[0.243s] [34mcolcon.colcon_core.package_identification[0m [1;30mLevel 1[0m _identify(ros2_controllers/steering_controllers_library) by extension 'ignore_ament_install'
[0.243s] [34mcolcon.colcon_core.package_identification[0m [1;30mLevel 1[0m _identify(ros2_controllers/steering_controllers_library) by extensions ['colcon_pkg']
[0.243s] [34mcolcon.colcon_core.package_identification[0m [1;30mLevel 1[0m _identify(ros2_controllers/steering_controllers_library) by extension 'colcon_pkg'
[0.243s] [34mcolcon.colcon_core.package_identification[0m [1;30mLevel 1[0m _identify(ros2_controllers/steering_controllers_library) by extensions ['colcon_meta']
[0.243s] [34mcolcon.colcon_core.package_identification[0m [1;30mLevel 1[0m _identify(ros2_controllers/steering_controllers_library) by extension 'colcon_meta'
[0.243s] [34mcolcon.colcon_core.package_identification[0m [1;30mLevel 1[0m _identify(ros2_controllers/steering_controllers_library) by extensions ['ros']
[0.243s] [34mcolcon.colcon_core.package_identification[0m [1;30mLevel 1[0m _identify(ros2_controllers/steering_controllers_library) by extension 'ros'
[0.251s] [34mcolcon.colcon_core.package_identification[0m [1;30mDEBUG[0m [32mPackage 'ros2_controllers/steering_controllers_library' with type 'ros.ament_cmake' and name 'steering_controllers_library'[0m
[0.251s] [34mcolcon.colcon_core.package_identification[0m [1;30mLevel 1[0m _identify(ros2_controllers/tricycle_controller) by extensions ['ignore', 'ignore_ament_install']
[0.251s] [34mcolcon.colcon_core.package_identification[0m [1;30mLevel 1[0m _identify(ros2_controllers/tricycle_controller) by extension 'ignore'
[0.251s] [34mcolcon.colcon_core.package_identification[0m [1;30mLevel 1[0m _identify(ros2_controllers/tricycle_controller) by extension 'ignore_ament_install'
[0.251s] [34mcolcon.colcon_core.package_identification[0m [1;30mLevel 1[0m _identify(ros2_controllers/tricycle_controller) by extensions ['colcon_pkg']
[0.251s] [34mcolcon.colcon_core.package_identification[0m [1;30mLevel 1[0m _identify(ros2_controllers/tricycle_controller) by extension 'colcon_pkg'
[0.251s] [34mcolcon.colcon_core.package_identification[0m [1;30mLevel 1[0m _identify(ros2_controllers/tricycle_controller) by extensions ['colcon_meta']
[0.251s] [34mcolcon.colcon_core.package_identification[0m [1;30mLevel 1[0m _identify(ros2_controllers/tricycle_controller) by extension 'colcon_meta'
[0.251s] [34mcolcon.colcon_core.package_identification[0m [1;30mLevel 1[0m _identify(ros2_controllers/tricycle_controller) by extensions ['ros']
[0.251s] [34mcolcon.colcon_core.package_identification[0m [1;30mLevel 1[0m _identify(ros2_controllers/tricycle_controller) by extension 'ros'
[0.252s] [34mcolcon.colcon_core.package_identification[0m [1;30mDEBUG[0m [32mPackage 'ros2_controllers/tricycle_controller' with type 'ros.ament_cmake' and name 'tricycle_controller'[0m
[0.252s] [34mcolcon.colcon_core.package_identification[0m [1;30mLevel 1[0m _identify(ros2_controllers/tricycle_steering_controller) by extensions ['ignore', 'ignore_ament_install']
[0.252s] [34mcolcon.colcon_core.package_identification[0m [1;30mLevel 1[0m _identify(ros2_controllers/tricycle_steering_controller) by extension 'ignore'
[0.252s] [34mcolcon.colcon_core.package_identification[0m [1;30mLevel 1[0m _identify(ros2_controllers/tricycle_steering_controller) by extension 'ignore_ament_install'
[0.253s] [34mcolcon.colcon_core.package_identification[0m [1;30mLevel 1[0m _identify(ros2_controllers/tricycle_steering_controller) by extensions ['colcon_pkg']
[0.253s] [34mcolcon.colcon_core.package_identification[0m [1;30mLevel 1[0m _identify(ros2_controllers/tricycle_steering_controller) by extension 'colcon_pkg'
[0.253s] [34mcolcon.colcon_core.package_identification[0m [1;30mLevel 1[0m _identify(ros2_controllers/tricycle_steering_controller) by extensions ['colcon_meta']
[0.253s] [34mcolcon.colcon_core.package_identification[0m [1;30mLevel 1[0m _identify(ros2_controllers/tricycle_steering_controller) by extension 'colcon_meta'
[0.253s] [34mcolcon.colcon_core.package_identification[0m [1;30mLevel 1[0m _identify(ros2_controllers/tricycle_steering_controller) by extensions ['ros']
[0.253s] [34mcolcon.colcon_core.package_identification[0m [1;30mLevel 1[0m _identify(ros2_controllers/tricycle_steering_controller) by extension 'ros'
[0.253s] [34mcolcon.colcon_core.package_identification[0m [1;30mDEBUG[0m [32mPackage 'ros2_controllers/tricycle_steering_controller' with type 'ros.ament_cmake' and name 'tricycle_steering_controller'[0m
[0.253s] [34mcolcon.colcon_core.package_identification[0m [1;30mLevel 1[0m _identify(ros2_controllers/velocity_controllers) by extensions ['ignore', 'ignore_ament_install']
[0.254s] [34mcolcon.colcon_core.package_identification[0m [1;30mLevel 1[0m _identify(ros2_controllers/velocity_controllers) by extension 'ignore'
[0.254s] [34mcolcon.colcon_core.package_identification[0m [1;30mLevel 1[0m _identify(ros2_controllers/velocity_controllers) by extension 'ignore_ament_install'
[0.254s] [34mcolcon.colcon_core.package_identification[0m [1;30mLevel 1[0m _identify(ros2_controllers/velocity_controllers) by extensions ['colcon_pkg']
[0.254s] [34mcolcon.colcon_core.package_identification[0m [1;30mLevel 1[0m _identify(ros2_controllers/velocity_controllers) by extension 'colcon_pkg'
[0.254s] [34mcolcon.colcon_core.package_identification[0m [1;30mLevel 1[0m _identify(ros2_controllers/velocity_controllers) by extensions ['colcon_meta']
[0.254s] [34mcolcon.colcon_core.package_identification[0m [1;30mLevel 1[0m _identify(ros2_controllers/velocity_controllers) by extension 'colcon_meta'
[0.254s] [34mcolcon.colcon_core.package_identification[0m [1;30mLevel 1[0m _identify(ros2_controllers/velocity_controllers) by extensions ['ros']
[0.254s] [34mcolcon.colcon_core.package_identification[0m [1;30mLevel 1[0m _identify(ros2_controllers/velocity_controllers) by extension 'ros'
[0.254s] [34mcolcon.colcon_core.package_identification[0m [1;30mDEBUG[0m [32mPackage 'ros2_controllers/velocity_controllers' with type 'ros.ament_cmake' and name 'velocity_controllers'[0m
[0.254s] [34mcolcon.colcon_core.package_identification[0m [1;30mLevel 1[0m _identify(ros2_robotiq_gripper) by extensions ['ignore', 'ignore_ament_install']
[0.254s] [34mcolcon.colcon_core.package_identification[0m [1;30mLevel 1[0m _identify(ros2_robotiq_gripper) by extension 'ignore'
[0.254s] [34mcolcon.colcon_core.package_identification[0m [1;30mLevel 1[0m _identify(ros2_robotiq_gripper) by extension 'ignore_ament_install'
[0.254s] [34mcolcon.colcon_core.package_identification[0m [1;30mLevel 1[0m _identify(ros2_robotiq_gripper) by extensions ['colcon_pkg']
[0.254s] [34mcolcon.colcon_core.package_identification[0m [1;30mLevel 1[0m _identify(ros2_robotiq_gripper) by extension 'colcon_pkg'
[0.254s] [34mcolcon.colcon_core.package_identification[0m [1;30mLevel 1[0m _identify(ros2_robotiq_gripper) by extensions ['colcon_meta']
[0.255s] [34mcolcon.colcon_core.package_identification[0m [1;30mLevel 1[0m _identify(ros2_robotiq_gripper) by extension 'colcon_meta'
[0.255s] [34mcolcon.colcon_core.package_identification[0m [1;30mLevel 1[0m _identify(ros2_robotiq_gripper) by extensions ['ros']
[0.255s] [34mcolcon.colcon_core.package_identification[0m [1;30mLevel 1[0m _identify(ros2_robotiq_gripper) by extension 'ros'
[0.255s] [34mcolcon.colcon_core.package_identification[0m [1;30mLevel 1[0m _identify(ros2_robotiq_gripper) by extensions ['cmake', 'python']
[0.255s] [34mcolcon.colcon_core.package_identification[0m [1;30mLevel 1[0m _identify(ros2_robotiq_gripper) by extension 'cmake'
[0.255s] [34mcolcon.colcon_core.package_identification[0m [1;30mLevel 1[0m _identify(ros2_robotiq_gripper) by extension 'python'
[0.255s] [34mcolcon.colcon_core.package_identification[0m [1;30mLevel 1[0m _identify(ros2_robotiq_gripper) by extensions ['python_setup_py']
[0.255s] [34mcolcon.colcon_core.package_identification[0m [1;30mLevel 1[0m _identify(ros2_robotiq_gripper) by extension 'python_setup_py'
[0.255s] [34mcolcon.colcon_core.package_identification[0m [1;30mLevel 1[0m _identify(ros2_robotiq_gripper/robotiq_controllers) by extensions ['ignore', 'ignore_ament_install']
[0.255s] [34mcolcon.colcon_core.package_identification[0m [1;30mLevel 1[0m _identify(ros2_robotiq_gripper/robotiq_controllers) by extension 'ignore'
[0.255s] [34mcolcon.colcon_core.package_identification[0m [1;30mLevel 1[0m _identify(ros2_robotiq_gripper/robotiq_controllers) by extension 'ignore_ament_install'
[0.255s] [34mcolcon.colcon_core.package_identification[0m [1;30mLevel 1[0m _identify(ros2_robotiq_gripper/robotiq_controllers) by extensions ['colcon_pkg']
[0.255s] [34mcolcon.colcon_core.package_identification[0m [1;30mLevel 1[0m _identify(ros2_robotiq_gripper/robotiq_controllers) by extension 'colcon_pkg'
[0.255s] [34mcolcon.colcon_core.package_identification[0m [1;30mLevel 1[0m _identify(ros2_robotiq_gripper/robotiq_controllers) by extensions ['colcon_meta']
[0.255s] [34mcolcon.colcon_core.package_identification[0m [1;30mLevel 1[0m _identify(ros2_robotiq_gripper/robotiq_controllers) by extension 'colcon_meta'
[0.255s] [34mcolcon.colcon_core.package_identification[0m [1;30mLevel 1[0m _identify(ros2_robotiq_gripper/robotiq_controllers) by extensions ['ros']
[0.255s] [34mcolcon.colcon_core.package_identification[0m [1;30mLevel 1[0m _identify(ros2_robotiq_gripper/robotiq_controllers) by extension 'ros'
[0.255s] [34mcolcon.colcon_core.package_identification[0m [1;30mDEBUG[0m [32mPackage 'ros2_robotiq_gripper/robotiq_controllers' with type 'ros.ament_cmake' and name 'robotiq_controllers'[0m
[0.255s] [34mcolcon.colcon_core.package_identification[0m [1;30mLevel 1[0m _identify(ros2_robotiq_gripper/robotiq_description) by extensions ['ignore', 'ignore_ament_install']
[0.255s] [34mcolcon.colcon_core.package_identification[0m [1;30mLevel 1[0m _identify(ros2_robotiq_gripper/robotiq_description) by extension 'ignore'
[0.256s] [34mcolcon.colcon_core.package_identification[0m [1;30mLevel 1[0m _identify(ros2_robotiq_gripper/robotiq_description) by extension 'ignore_ament_install'
[0.256s] [34mcolcon.colcon_core.package_identification[0m [1;30mLevel 1[0m _identify(ros2_robotiq_gripper/robotiq_description) by extensions ['colcon_pkg']
[0.256s] [34mcolcon.colcon_core.package_identification[0m [1;30mLevel 1[0m _identify(ros2_robotiq_gripper/robotiq_description) by extension 'colcon_pkg'
[0.256s] [34mcolcon.colcon_core.package_identification[0m [1;30mLevel 1[0m _identify(ros2_robotiq_gripper/robotiq_description) by extensions ['colcon_meta']
[0.256s] [34mcolcon.colcon_core.package_identification[0m [1;30mLevel 1[0m _identify(ros2_robotiq_gripper/robotiq_description) by extension 'colcon_meta'
[0.256s] [34mcolcon.colcon_core.package_identification[0m [1;30mLevel 1[0m _identify(ros2_robotiq_gripper/robotiq_description) by extensions ['ros']
[0.256s] [34mcolcon.colcon_core.package_identification[0m [1;30mLevel 1[0m _identify(ros2_robotiq_gripper/robotiq_description) by extension 'ros'
[0.256s] [34mcolcon.colcon_core.package_identification[0m [1;30mDEBUG[0m [32mPackage 'ros2_robotiq_gripper/robotiq_description' with type 'ros.ament_cmake' and name 'robotiq_description'[0m
[0.256s] [34mcolcon.colcon_core.package_identification[0m [1;30mLevel 1[0m _identify(ros2_robotiq_gripper/robotiq_driver) by extensions ['ignore', 'ignore_ament_install']
[0.256s] [34mcolcon.colcon_core.package_identification[0m [1;30mLevel 1[0m _identify(ros2_robotiq_gripper/robotiq_driver) by extension 'ignore'
[0.256s] [34mcolcon.colcon_core.package_identification[0m [1;30mLevel 1[0m _identify(ros2_robotiq_gripper/robotiq_driver) by extension 'ignore_ament_install'
[0.257s] [34mcolcon.colcon_core.package_identification[0m [1;30mLevel 1[0m _identify(ros2_robotiq_gripper/robotiq_driver) by extensions ['colcon_pkg']
[0.257s] [34mcolcon.colcon_core.package_identification[0m [1;30mLevel 1[0m _identify(ros2_robotiq_gripper/robotiq_driver) by extension 'colcon_pkg'
[0.257s] [34mcolcon.colcon_core.package_identification[0m [1;30mLevel 1[0m _identify(ros2_robotiq_gripper/robotiq_driver) by extensions ['colcon_meta']
[0.257s] [34mcolcon.colcon_core.package_identification[0m [1;30mLevel 1[0m _identify(ros2_robotiq_gripper/robotiq_driver) by extension 'colcon_meta'
[0.257s] [34mcolcon.colcon_core.package_identification[0m [1;30mLevel 1[0m _identify(ros2_robotiq_gripper/robotiq_driver) by extensions ['ros']
[0.257s] [34mcolcon.colcon_core.package_identification[0m [1;30mLevel 1[0m _identify(ros2_robotiq_gripper/robotiq_driver) by extension 'ros'
[0.257s] [34mcolcon.colcon_core.package_identification[0m [1;30mDEBUG[0m [32mPackage 'ros2_robotiq_gripper/robotiq_driver' with type 'ros.ament_cmake' and name 'robotiq_driver'[0m
[0.257s] [34mcolcon.colcon_core.package_identification[0m [1;30mLevel 1[0m _identify(ros2_robotiq_gripper/robotiq_hardware_tests) by extensions ['ignore', 'ignore_ament_install']
[0.257s] [34mcolcon.colcon_core.package_identification[0m [1;30mLevel 1[0m _identify(ros2_robotiq_gripper/robotiq_hardware_tests) by extension 'ignore'
[0.257s] [34mcolcon.colcon_core.package_identification[0m [1;30mLevel 1[0m _identify(ros2_robotiq_gripper/robotiq_hardware_tests) by extension 'ignore_ament_install'
[0.257s] [34mcolcon.colcon_core.package_identification[0m [1;30mLevel 1[0m _identify(ros2_robotiq_gripper/robotiq_hardware_tests) by extensions ['colcon_pkg']
[0.257s] [34mcolcon.colcon_core.package_identification[0m [1;30mLevel 1[0m _identify(ros2_robotiq_gripper/robotiq_hardware_tests) by extension 'colcon_pkg'
[0.257s] [34mcolcon.colcon_core.package_identification[0m [1;30mLevel 1[0m _identify(ros2_robotiq_gripper/robotiq_hardware_tests) by extensions ['colcon_meta']
[0.257s] [34mcolcon.colcon_core.package_identification[0m [1;30mLevel 1[0m _identify(ros2_robotiq_gripper/robotiq_hardware_tests) by extension 'colcon_meta'
[0.257s] [34mcolcon.colcon_core.package_identification[0m [1;30mLevel 1[0m _identify(ros2_robotiq_gripper/robotiq_hardware_tests) by extensions ['ros']
[0.258s] [34mcolcon.colcon_core.package_identification[0m [1;30mLevel 1[0m _identify(ros2_robotiq_gripper/robotiq_hardware_tests) by extension 'ros'
[0.258s] [34mcolcon.colcon_core.package_identification[0m [1;30mDEBUG[0m [32mPackage 'ros2_robotiq_gripper/robotiq_hardware_tests' with type 'ros.ament_cmake' and name 'robotiq_hardware_tests'[0m
[0.258s] [34mcolcon.colcon_core.package_identification[0m [1;30mLevel 1[0m _identify(ros2srrc_data) by extensions ['ignore', 'ignore_ament_install']
[0.258s] [34mcolcon.colcon_core.package_identification[0m [1;30mLevel 1[0m _identify(ros2srrc_data) by extension 'ignore'
[0.258s] [34mcolcon.colcon_core.package_identification[0m [1;30mLevel 1[0m _identify(ros2srrc_data) by extension 'ignore_ament_install'
[0.258s] [34mcolcon.colcon_core.package_identification[0m [1;30mLevel 1[0m _identify(ros2srrc_data) by extensions ['colcon_pkg']
[0.258s] [34mcolcon.colcon_core.package_identification[0m [1;30mLevel 1[0m _identify(ros2srrc_data) by extension 'colcon_pkg'
[0.258s] [34mcolcon.colcon_core.package_identification[0m [1;30mLevel 1[0m _identify(ros2srrc_data) by extensions ['colcon_meta']
[0.258s] [34mcolcon.colcon_core.package_identification[0m [1;30mLevel 1[0m _identify(ros2srrc_data) by extension 'colcon_meta'
[0.258s] [34mcolcon.colcon_core.package_identification[0m [1;30mLevel 1[0m _identify(ros2srrc_data) by extensions ['ros']
[0.258s] [34mcolcon.colcon_core.package_identification[0m [1;30mLevel 1[0m _identify(ros2srrc_data) by extension 'ros'
[0.259s] [34mcolcon.colcon_core.package_identification[0m [1;30mDEBUG[0m [32mPackage 'ros2srrc_data' with type 'ros.ament_cmake' and name 'ros2srrc_data'[0m
[0.259s] [34mcolcon.colcon_core.package_identification[0m [1;30mLevel 1[0m _identify(ros2srrc_endeffectors) by extensions ['ignore', 'ignore_ament_install']
[0.259s] [34mcolcon.colcon_core.package_identification[0m [1;30mLevel 1[0m _identify(ros2srrc_endeffectors) by extension 'ignore'
[0.259s] [34mcolcon.colcon_core.package_identification[0m [1;30mLevel 1[0m _identify(ros2srrc_endeffectors) by extension 'ignore_ament_install'
[0.259s] [34mcolcon.colcon_core.package_identification[0m [1;30mLevel 1[0m _identify(ros2srrc_endeffectors) by extensions ['colcon_pkg']
[0.259s] [34mcolcon.colcon_core.package_identification[0m [1;30mLevel 1[0m _identify(ros2srrc_endeffectors) by extension 'colcon_pkg'
[0.259s] [34mcolcon.colcon_core.package_identification[0m [1;30mLevel 1[0m _identify(ros2srrc_endeffectors) by extensions ['colcon_meta']
[0.259s] [34mcolcon.colcon_core.package_identification[0m [1;30mLevel 1[0m _identify(ros2srrc_endeffectors) by extension 'colcon_meta'
[0.259s] [34mcolcon.colcon_core.package_identification[0m [1;30mLevel 1[0m _identify(ros2srrc_endeffectors) by extensions ['ros']
[0.259s] [34mcolcon.colcon_core.package_identification[0m [1;30mLevel 1[0m _identify(ros2srrc_endeffectors) by extension 'ros'
[0.259s] [34mcolcon.colcon_core.package_identification[0m [1;30mDEBUG[0m [32mPackage 'ros2srrc_endeffectors' with type 'ros.ament_cmake' and name 'ros2srrc_endeffectors'[0m
[0.259s] [34mcolcon.colcon_core.package_identification[0m [1;30mLevel 1[0m _identify(ros2srrc_execution) by extensions ['ignore', 'ignore_ament_install']
[0.259s] [34mcolcon.colcon_core.package_identification[0m [1;30mLevel 1[0m _identify(ros2srrc_execution) by extension 'ignore'
[0.259s] [34mcolcon.colcon_core.package_identification[0m [1;30mLevel 1[0m _identify(ros2srrc_execution) by extension 'ignore_ament_install'
[0.259s] [34mcolcon.colcon_core.package_identification[0m [1;30mLevel 1[0m _identify(ros2srrc_execution) by extensions ['colcon_pkg']
[0.260s] [34mcolcon.colcon_core.package_identification[0m [1;30mLevel 1[0m _identify(ros2srrc_execution) by extension 'colcon_pkg'
[0.260s] [34mcolcon.colcon_core.package_identification[0m [1;30mLevel 1[0m _identify(ros2srrc_execution) by extensions ['colcon_meta']
[0.260s] [34mcolcon.colcon_core.package_identification[0m [1;30mLevel 1[0m _identify(ros2srrc_execution) by extension 'colcon_meta'
[0.260s] [34mcolcon.colcon_core.package_identification[0m [1;30mLevel 1[0m _identify(ros2srrc_execution) by extensions ['ros']
[0.260s] [34mcolcon.colcon_core.package_identification[0m [1;30mLevel 1[0m _identify(ros2srrc_execution) by extension 'ros'
[0.260s] [34mcolcon.colcon_core.package_identification[0m [1;30mDEBUG[0m [32mPackage 'ros2srrc_execution' with type 'ros.ament_cmake' and name 'ros2srrc_execution'[0m
[0.261s] [34mcolcon.colcon_core.package_identification[0m [1;30mLevel 1[0m _identify(ros2srrc_gazebo) by extensions ['ignore', 'ignore_ament_install']
[0.261s] [34mcolcon.colcon_core.package_identification[0m [1;30mLevel 1[0m _identify(ros2srrc_gazebo) by extension 'ignore'
[0.261s] [34mcolcon.colcon_core.package_identification[0m [1;30mLevel 1[0m _identify(ros2srrc_gazebo) by extension 'ignore_ament_install'
[0.261s] [34mcolcon.colcon_core.package_identification[0m [1;30mLevel 1[0m _identify(ros2srrc_gazebo) by extensions ['colcon_pkg']
[0.261s] [34mcolcon.colcon_core.package_identification[0m [1;30mLevel 1[0m _identify(ros2srrc_gazebo) by extension 'colcon_pkg'
[0.261s] [34mcolcon.colcon_core.package_identification[0m [1;30mLevel 1[0m _identify(ros2srrc_gazebo) by extensions ['colcon_meta']
[0.261s] [34mcolcon.colcon_core.package_identification[0m [1;30mLevel 1[0m _identify(ros2srrc_gazebo) by extension 'colcon_meta'
[0.261s] [34mcolcon.colcon_core.package_identification[0m [1;30mLevel 1[0m _identify(ros2srrc_gazebo) by extensions ['ros']
[0.261s] [34mcolcon.colcon_core.package_identification[0m [1;30mLevel 1[0m _identify(ros2srrc_gazebo) by extension 'ros'
[0.261s] [34mcolcon.colcon_core.package_identification[0m [1;30mDEBUG[0m [32mPackage 'ros2srrc_gazebo' with type 'ros.ament_cmake' and name 'ros2srrc_gazebo'[0m
[0.261s] [34mcolcon.colcon_core.package_identification[0m [1;30mLevel 1[0m _identify(ros2srrc_launch) by extensions ['ignore', 'ignore_ament_install']
[0.261s] [34mcolcon.colcon_core.package_identification[0m [1;30mLevel 1[0m _identify(ros2srrc_launch) by extension 'ignore'
[0.261s] [34mcolcon.colcon_core.package_identification[0m [1;30mLevel 1[0m _identify(ros2srrc_launch) by extension 'ignore_ament_install'
[0.261s] [34mcolcon.colcon_core.package_identification[0m [1;30mLevel 1[0m _identify(ros2srrc_launch) by extensions ['colcon_pkg']
[0.261s] [34mcolcon.colcon_core.package_identification[0m [1;30mLevel 1[0m _identify(ros2srrc_launch) by extension 'colcon_pkg'
[0.261s] [34mcolcon.colcon_core.package_identification[0m [1;30mLevel 1[0m _identify(ros2srrc_launch) by extensions ['colcon_meta']
[0.261s] [34mcolcon.colcon_core.package_identification[0m [1;30mLevel 1[0m _identify(ros2srrc_launch) by extension 'colcon_meta'
[0.261s] [34mcolcon.colcon_core.package_identification[0m [1;30mLevel 1[0m _identify(ros2srrc_launch) by extensions ['ros']
[0.261s] [34mcolcon.colcon_core.package_identification[0m [1;30mLevel 1[0m _identify(ros2srrc_launch) by extension 'ros'
[0.262s] [34mcolcon.colcon_core.package_identification[0m [1;30mDEBUG[0m [32mPackage 'ros2srrc_launch' with type 'ros.ament_cmake' and name 'ros2srrc_launch'[0m
[0.262s] [34mcolcon.colcon_core.package_identification[0m [1;30mLevel 1[0m _identify(ros2srrc_moveit) by extensions ['ignore', 'ignore_ament_install']
[0.262s] [34mcolcon.colcon_core.package_identification[0m [1;30mLevel 1[0m _identify(ros2srrc_moveit) by extension 'ignore'
[0.262s] [34mcolcon.colcon_core.package_identification[0m [1;30mLevel 1[0m _identify(ros2srrc_moveit) by extension 'ignore_ament_install'
[0.262s] [34mcolcon.colcon_core.package_identification[0m [1;30mLevel 1[0m _identify(ros2srrc_moveit) by extensions ['colcon_pkg']
[0.262s] [34mcolcon.colcon_core.package_identification[0m [1;30mLevel 1[0m _identify(ros2srrc_moveit) by extension 'colcon_pkg'
[0.262s] [34mcolcon.colcon_core.package_identification[0m [1;30mLevel 1[0m _identify(ros2srrc_moveit) by extensions ['colcon_meta']
[0.262s] [34mcolcon.colcon_core.package_identification[0m [1;30mLevel 1[0m _identify(ros2srrc_moveit) by extension 'colcon_meta'
[0.262s] [34mcolcon.colcon_core.package_identification[0m [1;30mLevel 1[0m _identify(ros2srrc_moveit) by extensions ['ros']
[0.262s] [34mcolcon.colcon_core.package_identification[0m [1;30mLevel 1[0m _identify(ros2srrc_moveit) by extension 'ros'
[0.262s] [34mcolcon.colcon_core.package_identification[0m [1;30mDEBUG[0m [32mPackage 'ros2srrc_moveit' with type 'ros.ament_cmake' and name 'ros2srrc_moveit'[0m
[0.262s] [34mcolcon.colcon_core.package_identification[0m [1;30mLevel 1[0m _identify(ros2srrc_robots) by extensions ['ignore', 'ignore_ament_install']
[0.262s] [34mcolcon.colcon_core.package_identification[0m [1;30mLevel 1[0m _identify(ros2srrc_robots) by extension 'ignore'
[0.262s] [34mcolcon.colcon_core.package_identification[0m [1;30mLevel 1[0m _identify(ros2srrc_robots) by extension 'ignore_ament_install'
[0.262s] [34mcolcon.colcon_core.package_identification[0m [1;30mLevel 1[0m _identify(ros2srrc_robots) by extensions ['colcon_pkg']
[0.262s] [34mcolcon.colcon_core.package_identification[0m [1;30mLevel 1[0m _identify(ros2srrc_robots) by extension 'colcon_pkg'
[0.262s] [34mcolcon.colcon_core.package_identification[0m [1;30mLevel 1[0m _identify(ros2srrc_robots) by extensions ['colcon_meta']
[0.262s] [34mcolcon.colcon_core.package_identification[0m [1;30mLevel 1[0m _identify(ros2srrc_robots) by extension 'colcon_meta'
[0.262s] [34mcolcon.colcon_core.package_identification[0m [1;30mLevel 1[0m _identify(ros2srrc_robots) by extensions ['ros']
[0.263s] [34mcolcon.colcon_core.package_identification[0m [1;30mLevel 1[0m _identify(ros2srrc_robots) by extension 'ros'
[0.263s] [34mcolcon.colcon_core.package_identification[0m [1;30mDEBUG[0m [32mPackage 'ros2srrc_robots' with type 'ros.ament_cmake' and name 'ros2srrc_robots'[0m
[0.263s] [34mcolcon.colcon_core.package_identification[0m [1;30mLevel 1[0m _identify(serial) by extensions ['ignore', 'ignore_ament_install']
[0.263s] [34mcolcon.colcon_core.package_identification[0m [1;30mLevel 1[0m _identify(serial) by extension 'ignore'
[0.263s] [34mcolcon.colcon_core.package_identification[0m [1;30mLevel 1[0m _identify(serial) by extension 'ignore_ament_install'
[0.263s] [34mcolcon.colcon_core.package_identification[0m [1;30mLevel 1[0m _identify(serial) by extensions ['colcon_pkg']
[0.263s] [34mcolcon.colcon_core.package_identification[0m [1;30mLevel 1[0m _identify(serial) by extension 'colcon_pkg'
[0.263s] [34mcolcon.colcon_core.package_identification[0m [1;30mLevel 1[0m _identify(serial) by extensions ['colcon_meta']
[0.263s] [34mcolcon.colcon_core.package_identification[0m [1;30mLevel 1[0m _identify(serial) by extension 'colcon_meta'
[0.263s] [34mcolcon.colcon_core.package_identification[0m [1;30mLevel 1[0m _identify(serial) by extensions ['ros']
[0.263s] [34mcolcon.colcon_core.package_identification[0m [1;30mLevel 1[0m _identify(serial) by extension 'ros'
[0.264s] [34mcolcon.colcon_core.package_identification[0m [1;30mDEBUG[0m [32mPackage 'serial' with type 'ros.ament_cmake' and name 'serial'[0m
[0.264s] [34mcolcon.colcon_core.package_identification[0m [1;30mLevel 1[0m _identify(ur_msgs) by extensions ['ignore', 'ignore_ament_install']
[0.264s] [34mcolcon.colcon_core.package_identification[0m [1;30mLevel 1[0m _identify(ur_msgs) by extension 'ignore'
[0.264s] [34mcolcon.colcon_core.package_identification[0m [1;30mLevel 1[0m _identify(ur_msgs) by extension 'ignore_ament_install'
[0.264s] [34mcolcon.colcon_core.package_identification[0m [1;30mLevel 1[0m _identify(ur_msgs) by extensions ['colcon_pkg']
[0.264s] [34mcolcon.colcon_core.package_identification[0m [1;30mLevel 1[0m _identify(ur_msgs) by extension 'colcon_pkg'
[0.264s] [34mcolcon.colcon_core.package_identification[0m [1;30mLevel 1[0m _identify(ur_msgs) by extensions ['colcon_meta']
[0.264s] [34mcolcon.colcon_core.package_identification[0m [1;30mLevel 1[0m _identify(ur_msgs) by extension 'colcon_meta'
[0.264s] [34mcolcon.colcon_core.package_identification[0m [1;30mLevel 1[0m _identify(ur_msgs) by extensions ['ros']
[0.264s] [34mcolcon.colcon_core.package_identification[0m [1;30mLevel 1[0m _identify(ur_msgs) by extension 'ros'
[0.265s] [34mcolcon.colcon_core.package_identification[0m [1;30mDEBUG[0m [32mPackage 'ur_msgs' with type 'ros.ament_cmake' and name 'ur_msgs'[0m
[0.265s] [34mcolcon.colcon_core.package_discovery[0m [1;30mLevel 1[0m discover_packages(recursive) using defaults
[0.265s] [34mcolcon.colcon_core.package_discovery[0m [1;30mLevel 1[0m discover_packages(ignore) discover
[0.265s] [34mcolcon.colcon_core.package_discovery[0m [1;30mLevel 1[0m discover_packages(ignore) using defaults
[0.265s] [34mcolcon.colcon_core.package_discovery[0m [1;30mLevel 1[0m discover_packages(path) discover
[0.265s] [34mcolcon.colcon_core.package_discovery[0m [1;30mLevel 1[0m discover_packages(path) using defaults
[0.292s] [34mcolcon.colcon_core.package_selection[0m [1;30mINFO[0m Skipping not selected package 'admittance_controller' in 'ros2_controllers/admittance_controller'
[0.292s] [34mcolcon.colcon_core.package_selection[0m [1;30mINFO[0m Skipping not selected package 'diff_drive_controller' in 'ros2_controllers/diff_drive_controller'
[0.292s] [34mcolcon.colcon_core.package_selection[0m [1;30mINFO[0m Skipping not selected package 'force_torque_sensor_broadcaster' in 'ros2_controllers/force_torque_sensor_broadcaster'
[0.292s] [34mcolcon.colcon_core.package_selection[0m [1;30mINFO[0m Skipping not selected package 'forward_command_controller' in 'ros2_controllers/forward_command_controller'
[0.292s] [34mcolcon.colcon_core.package_selection[0m [1;30mINFO[0m Skipping not selected package 'gpio_controllers' in 'ros2_controllers/gpio_controllers'
[0.292s] [34mcolcon.colcon_core.package_selection[0m [1;30mINFO[0m Skipping not selected package 'gripper_controllers' in 'ros2_controllers/gripper_controllers'
[0.292s] [34mcolcon.colcon_core.package_selection[0m [1;30mINFO[0m Skipping not selected package 'imu_sensor_broadcaster' in 'ros2_controllers/imu_sensor_broadcaster'
[0.292s] [34mcolcon.colcon_core.package_selection[0m [1;30mINFO[0m Skipping not selected package 'joint_state_broadcaster' in 'ros2_controllers/joint_state_broadcaster'
[0.292s] [34mcolcon.colcon_core.package_selection[0m [1;30mINFO[0m Skipping not selected package 'joint_trajectory_controller' in 'ros2_controllers/joint_trajectory_controller'
[0.292s] [34mcolcon.colcon_core.package_selection[0m [1;30mINFO[0m Skipping not selected package 'mecanum_drive_controller' in 'ros2_controllers/mecanum_drive_controller'
[0.292s] [34mcolcon.colcon_core.package_selection[0m [1;30mINFO[0m Skipping not selected package 'pid_controller' in 'ros2_controllers/pid_controller'
[0.292s] [34mcolcon.colcon_core.package_selection[0m [1;30mINFO[0m Skipping not selected package 'pose_broadcaster' in 'ros2_controllers/pose_broadcaster'
[0.292s] [34mcolcon.colcon_core.package_selection[0m [1;30mINFO[0m Skipping not selected package 'range_sensor_broadcaster' in 'ros2_controllers/range_sensor_broadcaster'
[0.292s] [34mcolcon.colcon_core.package_selection[0m [1;30mINFO[0m Skipping not selected package 'robotiq_controllers' in 'ros2_robotiq_gripper/robotiq_controllers'
[0.292s] [34mcolcon.colcon_core.package_selection[0m [1;30mINFO[0m Skipping not selected package 'ros2srrc_ar4' in 'packages/ros2srrc_ar4'
[0.292s] [34mcolcon.colcon_core.package_selection[0m [1;30mINFO[0m Skipping not selected package 'ros2srrc_data' in 'ros2srrc_data'
[0.292s] [34mcolcon.colcon_core.package_selection[0m [1;30mINFO[0m Skipping not selected package 'ros2srrc_endeffectors' in 'ros2srrc_endeffectors'
[0.292s] [34mcolcon.colcon_core.package_selection[0m [1;30mINFO[0m Skipping not selected package 'ros2srrc_gazebo' in 'ros2srrc_gazebo'
[0.292s] [34mcolcon.colcon_core.package_selection[0m [1;30mINFO[0m Skipping not selected package 'ros2srrc_iiwa' in 'packages/ros2srrc_iiwa'
[0.292s] [34mcolcon.colcon_core.package_selection[0m [1;30mINFO[0m Skipping not selected package 'ros2srrc_irb120' in 'packages/ros2srrc_irb120'
[0.292s] [34mcolcon.colcon_core.package_selection[0m [1;30mINFO[0m Skipping not selected package 'ros2srrc_irb1200' in 'packages/ros2srrc_irb1200'
[0.292s] [34mcolcon.colcon_core.package_selection[0m [1;30mINFO[0m Skipping not selected package 'ros2srrc_irb1600' in 'packages/ros2srrc_irb1600'
[0.292s] [34mcolcon.colcon_core.package_selection[0m [1;30mINFO[0m Skipping not selected package 'ros2srrc_irb6640' in 'packages/ros2srrc_irb6640'
[0.292s] [34mcolcon.colcon_core.package_selection[0m [1;30mINFO[0m Skipping not selected package 'ros2srrc_moveit' in 'ros2srrc_moveit'
[0.292s] [34mcolcon.colcon_core.package_selection[0m [1;30mINFO[0m Skipping not selected package 'ros2srrc_robots' in 'ros2srrc_robots'
[0.292s] [34mcolcon.colcon_core.package_selection[0m [1;30mINFO[0m Skipping not selected package 'ros2srrc_rx160' in 'packages/ros2srrc_rx160'
[0.292s] [34mcolcon.colcon_core.package_selection[0m [1;30mINFO[0m Skipping not selected package 'ros2srrc_ur10' in 'packages/ros2srrc_ur10'
[0.292s] [34mcolcon.colcon_core.package_selection[0m [1;30mINFO[0m Skipping not selected package 'ros2srrc_ur10e' in 'packages/ros2srrc_ur10e'
[0.292s] [34mcolcon.colcon_core.package_selection[0m [1;30mINFO[0m Skipping not selected package 'ros2srrc_ur16e' in 'packages/ros2srrc_ur16e'
[0.292s] [34mcolcon.colcon_core.package_selection[0m [1;30mINFO[0m Skipping not selected package 'ros2srrc_ur20' in 'packages/ros2srrc_ur20'
[0.292s] [34mcolcon.colcon_core.package_selection[0m [1;30mINFO[0m Skipping not selected package 'ros2srrc_ur3' in 'packages/ros2srrc_ur3'
[0.292s] [34mcolcon.colcon_core.package_selection[0m [1;30mINFO[0m Skipping not selected package 'ros2srrc_ur3e' in 'packages/ros2srrc_ur3e'
[0.292s] [34mcolcon.colcon_core.package_selection[0m [1;30mINFO[0m Skipping not selected package 'ros2srrc_ur5' in 'packages/ros2srrc_ur5'
[0.292s] [34mcolcon.colcon_core.package_selection[0m [1;30mINFO[0m Skipping not selected package 'ros2srrc_ur5e' in 'packages/ros2srrc_ur5e'
[0.292s] [34mcolcon.colcon_core.package_selection[0m [1;30mINFO[0m Skipping not selected package 'serial' in 'serial'
[0.292s] [34mcolcon.colcon_core.package_selection[0m [1;30mINFO[0m Skipping not selected package 'steering_controllers_library' in 'ros2_controllers/steering_controllers_library'
[0.292s] [34mcolcon.colcon_core.package_selection[0m [1;30mINFO[0m Skipping not selected package 'tricycle_controller' in 'ros2_controllers/tricycle_controller'
[0.292s] [34mcolcon.colcon_core.package_selection[0m [1;30mINFO[0m Skipping not selected package 'ur_dashboard_msgs' in 'Universal_Robots_ROS2_Driver/ur_dashboard_msgs'
[0.292s] [34mcolcon.colcon_core.package_selection[0m [1;30mINFO[0m Skipping not selected package 'ur_moveit_config' in 'Universal_Robots_ROS2_Driver/ur_moveit_config'
[0.292s] [34mcolcon.colcon_core.package_selection[0m [1;30mINFO[0m Skipping not selected package 'ur_msgs' in 'ur_msgs'
[0.292s] [34mcolcon.colcon_core.package_selection[0m [1;30mINFO[0m Skipping not selected package 'ackermann_steering_controller' in 'ros2_controllers/ackermann_steering_controller'
[0.292s] [34mcolcon.colcon_core.package_selection[0m [1;30mINFO[0m Skipping not selected package 'bicycle_steering_controller' in 'ros2_controllers/bicycle_steering_controller'
[0.292s] [34mcolcon.colcon_core.package_selection[0m [1;30mINFO[0m Skipping not selected package 'effort_controllers' in 'ros2_controllers/effort_controllers'
[0.292s] [34mcolcon.colcon_core.package_selection[0m [1;30mINFO[0m Skipping not selected package 'position_controllers' in 'ros2_controllers/position_controllers'
[0.292s] [34mcolcon.colcon_core.package_selection[0m [1;30mINFO[0m Skipping not selected package 'robotiq_driver' in 'ros2_robotiq_gripper/robotiq_driver'
[0.292s] [34mcolcon.colcon_core.package_selection[0m [1;30mINFO[0m Skipping not selected package 'ros2srrc_execution' in 'ros2srrc_execution'
[0.292s] [34mcolcon.colcon_core.package_selection[0m [1;30mINFO[0m Skipping not selected package 'tricycle_steering_controller' in 'ros2_controllers/tricycle_steering_controller'
[0.292s] [34mcolcon.colcon_core.package_selection[0m [1;30mINFO[0m Skipping not selected package 'ur_controllers' in 'Universal_Robots_ROS2_Driver/ur_controllers'
[0.292s] [34mcolcon.colcon_core.package_selection[0m [1;30mINFO[0m Skipping not selected package 'velocity_controllers' in 'ros2_controllers/velocity_controllers'
[0.292s] [34mcolcon.colcon_core.package_selection[0m [1;30mINFO[0m Skipping not selected package 'robotiq_hardware_tests' in 'ros2_robotiq_gripper/robotiq_hardware_tests'
[0.292s] [34mcolcon.colcon_core.package_selection[0m [1;30mINFO[0m Skipping not selected package 'ros2_controllers' in 'ros2_controllers/ros2_controllers'
[0.292s] [34mcolcon.colcon_core.package_selection[0m [1;30mINFO[0m Skipping not selected package 'ur_bringup' in 'Universal_Robots_ROS2_Driver/ur_bringup'
[0.292s] [34mcolcon.colcon_core.package_selection[0m [1;30mINFO[0m Skipping not selected package 'ur_robot_driver' in 'Universal_Robots_ROS2_Driver/ur_robot_driver'
[0.292s] [34mcolcon.colcon_core.package_selection[0m [1;30mINFO[0m Skipping not selected package 'robotiq_description' in 'ros2_robotiq_gripper/robotiq_description'
[0.292s] [34mcolcon.colcon_core.package_selection[0m [1;30mINFO[0m Skipping not selected package 'ur_calibration' in 'Universal_Robots_ROS2_Driver/ur_calibration'
[0.292s] [34mcolcon.colcon_core.package_selection[0m [1;30mINFO[0m Skipping not selected package 'ur' in 'Universal_Robots_ROS2_Driver/ur'
[0.293s] [34mcolcon.colcon_core.package_discovery[0m [1;30mLevel 1[0m discover_packages(prefix_path) check parameters
[0.293s] [34mcolcon.colcon_core.package_discovery[0m [1;30mLevel 1[0m discover_packages(prefix_path) discover
[0.294s] [34mcolcon.colcon_ros.prefix_path.ament[0m [1;30mWARNING[0m [33mThe path '/home/libok/um_file/install/ur' in the environment variable AMENT_PREFIX_PATH doesn't exist[0m
[0.294s] [34mcolcon.colcon_ros.prefix_path.ament[0m [1;30mWARNING[0m [33mThe path '/home/libok/um_file/install/ur_calibration' in the environment variable AMENT_PREFIX_PATH doesn't exist[0m
[0.295s] [34mcolcon.colcon_ros.prefix_path.ament[0m [1;30mWARNING[0m [33mThe path '/home/libok/um_file/install/ur_robot_driver' in the environment variable AMENT_PREFIX_PATH doesn't exist[0m
[0.295s] [34mcolcon.colcon_ros.prefix_path.ament[0m [1;30mWARNING[0m [33mThe path '/home/libok/um_file/install/ur_bringup' in the environment variable AMENT_PREFIX_PATH doesn't exist[0m
[0.295s] [34mcolcon.colcon_ros.prefix_path.ament[0m [1;30mWARNING[0m [33mThe path '/home/libok/um_file/install/robotiq_description' in the environment variable AMENT_PREFIX_PATH doesn't exist[0m
[0.295s] [34mcolcon.colcon_ros.prefix_path.ament[0m [1;30mWARNING[0m [33mThe path '/home/libok/um_file/install/ros2_controllers' in the environment variable AMENT_PREFIX_PATH doesn't exist[0m
[0.295s] [34mcolcon.colcon_ros.prefix_path.ament[0m [1;30mWARNING[0m [33mThe path '/home/libok/um_file/install/ur_controllers' in the environment variable AMENT_PREFIX_PATH doesn't exist[0m
[0.295s] [34mcolcon.colcon_ros.prefix_path.ament[0m [1;30mWARNING[0m [33mThe path '/home/libok/um_file/install/tricycle_steering_controller' in the environment variable AMENT_PREFIX_PATH doesn't exist[0m
[0.295s] [34mcolcon.colcon_ros.prefix_path.ament[0m [1;30mWARNING[0m [33mThe path '/home/libok/um_file/install/position_controllers' in the environment variable AMENT_PREFIX_PATH doesn't exist[0m
[0.295s] [34mcolcon.colcon_ros.prefix_path.ament[0m [1;30mWARNING[0m [33mThe path '/home/libok/um_file/install/effort_controllers' in the environment variable AMENT_PREFIX_PATH doesn't exist[0m
[0.295s] [34mcolcon.colcon_ros.prefix_path.catkin[0m [1;30mWARNING[0m [33mThe path '/home/libok/um_file/install/ur' in the environment variable CMAKE_PREFIX_PATH doesn't exist[0m
[0.295s] [34mcolcon.colcon_ros.prefix_path.catkin[0m [1;30mWARNING[0m [33mThe path '/home/libok/um_file/install/ur_calibration' in the environment variable CMAKE_PREFIX_PATH doesn't exist[0m
[0.295s] [34mcolcon.colcon_ros.prefix_path.catkin[0m [1;30mWARNING[0m [33mThe path '/home/libok/um_file/install/ur_robot_driver' in the environment variable CMAKE_PREFIX_PATH doesn't exist[0m
[0.295s] [34mcolcon.colcon_ros.prefix_path.catkin[0m [1;30mWARNING[0m [33mThe path '/home/libok/um_file/install/ur_bringup' in the environment variable CMAKE_PREFIX_PATH doesn't exist[0m
[0.295s] [34mcolcon.colcon_ros.prefix_path.catkin[0m [1;30mWARNING[0m [33mThe path '/home/libok/um_file/install/robotiq_description' in the environment variable CMAKE_PREFIX_PATH doesn't exist[0m
[0.295s] [34mcolcon.colcon_ros.prefix_path.catkin[0m [1;30mWARNING[0m [33mThe path '/home/libok/um_file/install/ros2_controllers' in the environment variable CMAKE_PREFIX_PATH doesn't exist[0m
[0.295s] [34mcolcon.colcon_ros.prefix_path.catkin[0m [1;30mWARNING[0m [33mThe path '/home/libok/um_file/install/ur_controllers' in the environment variable CMAKE_PREFIX_PATH doesn't exist[0m
[0.296s] [34mcolcon.colcon_ros.prefix_path.catkin[0m [1;30mWARNING[0m [33mThe path '/home/libok/um_file/install/tricycle_steering_controller' in the environment variable CMAKE_PREFIX_PATH doesn't exist[0m
[0.296s] [34mcolcon.colcon_ros.prefix_path.catkin[0m [1;30mWARNING[0m [33mThe path '/home/libok/um_file/install/position_controllers' in the environment variable CMAKE_PREFIX_PATH doesn't exist[0m
[0.296s] [34mcolcon.colcon_ros.prefix_path.catkin[0m [1;30mWARNING[0m [33mThe path '/home/libok/um_file/install/effort_controllers' in the environment variable CMAKE_PREFIX_PATH doesn't exist[0m
[0.297s] [34mcolcon.colcon_installed_package_information.package_discovery[0m [1;30mDEBUG[0m [32mFound 47 installed packages in /home/libok/um_file/install[0m
[0.298s] [34mcolcon.colcon_installed_package_information.package_discovery[0m [1;30mDEBUG[0m [32mFound 417 installed packages in /opt/ros/humble[0m
[0.300s] [34mcolcon.colcon_core.package_discovery[0m [1;30mLevel 1[0m discover_packages(prefix_path) using defaults
[0.333s] [34mcolcon.colcon_core.verb[0m [1;30mLevel 5[0m set package 'ros2srrc_launch' build argument 'cmake_args' from command line to 'None'
[0.333s] [34mcolcon.colcon_core.verb[0m [1;30mLevel 5[0m set package 'ros2srrc_launch' build argument 'cmake_target' from command line to 'None'
[0.333s] [34mcolcon.colcon_core.verb[0m [1;30mLevel 5[0m set package 'ros2srrc_launch' build argument 'cmake_target_skip_unavailable' from command line to 'False'
[0.333s] [34mcolcon.colcon_core.verb[0m [1;30mLevel 5[0m set package 'ros2srrc_launch' build argument 'cmake_clean_cache' from command line to 'False'
[0.333s] [34mcolcon.colcon_core.verb[0m [1;30mLevel 5[0m set package 'ros2srrc_launch' build argument 'cmake_clean_first' from command line to 'False'
[0.333s] [34mcolcon.colcon_core.verb[0m [1;30mLevel 5[0m set package 'ros2srrc_launch' build argument 'cmake_force_configure' from command line to 'False'
[0.333s] [34mcolcon.colcon_core.verb[0m [1;30mLevel 5[0m set package 'ros2srrc_launch' build argument 'ament_cmake_args' from command line to 'None'
[0.333s] [34mcolcon.colcon_core.verb[0m [1;30mLevel 5[0m set package 'ros2srrc_launch' build argument 'catkin_cmake_args' from command line to 'None'
[0.333s] [34mcolcon.colcon_core.verb[0m [1;30mLevel 5[0m set package 'ros2srrc_launch' build argument 'catkin_skip_building_tests' from command line to 'False'
[0.333s] [34mcolcon.colcon_core.verb[0m [1;30mDEBUG[0m [32mBuilding package 'ros2srrc_launch' with the following arguments: {'ament_cmake_args': None, 'build_base': '/home/libok/um_file/build/ros2srrc_launch', 'catkin_cmake_args': None, 'catkin_skip_building_tests': False, 'cmake_args': None, 'cmake_clean_cache': False, 'cmake_clean_first': False, 'cmake_force_configure': False, 'cmake_target': None, 'cmake_target_skip_unavailable': False, 'install_base': '/home/libok/um_file/install/ros2srrc_launch', 'merge_install': False, 'path': '/home/libok/um_file/ros2srrc_launch', 'symlink_install': False, 'test_result_base': None}[0m
[0.333s] [34mcolcon.colcon_core.executor[0m [1;30mINFO[0m Executing jobs using 'parallel' executor
[0.334s] [34mcolcon.colcon_parallel_executor.executor.parallel[0m [1;30mDEBUG[0m [32mrun_until_complete[0m
[0.335s] [34mcolcon.colcon_ros.task.ament_cmake.build[0m [1;30mINFO[0m Building ROS package in '/home/libok/um_file/ros2srrc_launch' with build type 'ament_cmake'
[0.335s] [34mcolcon.colcon_cmake.task.cmake.build[0m [1;30mINFO[0m Building CMake package in '/home/libok/um_file/ros2srrc_launch'
[0.339s] [34mcolcon.colcon_core.plugin_system[0m [1;30mINFO[0m Skipping extension 'colcon_core.shell.bat': Not used on non-Windows systems
[0.340s] [34mcolcon.colcon_core.shell[0m [1;30mINFO[0m Skip shell extension 'powershell' for command environment: Not usable outside of PowerShell
[0.340s] [34mcolcon.colcon_core.shell[0m [1;30mDEBUG[0m [32mSkip shell extension 'dsv' for command environment[0m
[0.348s] [34mcolcon.colcon_core.event_handler.log_command[0m [1;30mDEBUG[0m [32mInvoking command in '/home/libok/um_file/build/ros2srrc_launch': CMAKE_PREFIX_PATH=${CMAKE_PREFIX_PATH}:/opt/ros/humble /usr/local/bin/cmake --build /home/libok/um_file/build/ros2srrc_launch -- -j18 -l18[0m
[0.371s] [34mcolcon.colcon_core.event_handler.log_command[0m [1;30mDEBUG[0m [32mInvoked command in '/home/libok/um_file/build/ros2srrc_launch' returned '0': CMAKE_PREFIX_PATH=${CMAKE_PREFIX_PATH}:/opt/ros/humble /usr/local/bin/cmake --build /home/libok/um_file/build/ros2srrc_launch -- -j18 -l18[0m
[0.376s] [34mcolcon.colcon_core.event_handler.log_command[0m [1;30mDEBUG[0m [32mInvoking command in '/home/libok/um_file/build/ros2srrc_launch': CMAKE_PREFIX_PATH=${CMAKE_PREFIX_PATH}:/opt/ros/humble /usr/local/bin/cmake --install /home/libok/um_file/build/ros2srrc_launch[0m
[0.381s] [34mcolcon.colcon_core.environment[0m [1;30mLevel 1[0m create_environment_scripts_only(ros2srrc_launch)
[0.381s] [34mcolcon.colcon_core.event_handler.log_command[0m [1;30mDEBUG[0m [32mInvoked command in '/home/libok/um_file/build/ros2srrc_launch' returned '0': CMAKE_PREFIX_PATH=${CMAKE_PREFIX_PATH}:/opt/ros/humble /usr/local/bin/cmake --install /home/libok/um_file/build/ros2srrc_launch[0m
[0.384s] [34mcolcon.colcon_core.environment[0m [1;30mLevel 1[0m checking '/home/libok/um_file/install/ros2srrc_launch' for CMake module files
[0.384s] [34mcolcon.colcon_core.environment[0m [1;30mLevel 1[0m checking '/home/libok/um_file/install/ros2srrc_launch' for CMake config files
[0.385s] [34mcolcon.colcon_core.shell[0m [1;30mLevel 1[0m create_environment_hook('ros2srrc_launch', 'cmake_prefix_path')
[0.385s] [34mcolcon.colcon_core.shell[0m [1;30mINFO[0m Creating environment hook '/home/libok/um_file/install/ros2srrc_launch/share/ros2srrc_launch/hook/cmake_prefix_path.ps1'
[0.385s] [34mcolcon.colcon_core.shell[0m [1;30mINFO[0m Creating environment descriptor '/home/libok/um_file/install/ros2srrc_launch/share/ros2srrc_launch/hook/cmake_prefix_path.dsv'
[0.385s] [34mcolcon.colcon_core.shell[0m [1;30mINFO[0m Creating environment hook '/home/libok/um_file/install/ros2srrc_launch/share/ros2srrc_launch/hook/cmake_prefix_path.sh'
[0.386s] [34mcolcon.colcon_core.environment[0m [1;30mLevel 1[0m checking '/home/libok/um_file/install/ros2srrc_launch/bin'
[0.386s] [34mcolcon.colcon_core.environment[0m [1;30mLevel 1[0m checking '/home/libok/um_file/install/ros2srrc_launch/lib/pkgconfig/ros2srrc_launch.pc'
[0.386s] [34mcolcon.colcon_core.environment[0m [1;30mLevel 1[0m checking '/home/libok/um_file/install/ros2srrc_launch/lib/python3.10/site-packages'
[0.386s] [34mcolcon.colcon_core.environment[0m [1;30mLevel 1[0m checking '/home/libok/um_file/install/ros2srrc_launch/bin'
[0.387s] [34mcolcon.colcon_core.shell[0m [1;30mINFO[0m Creating package script '/home/libok/um_file/install/ros2srrc_launch/share/ros2srrc_launch/package.ps1'
[0.387s] [34mcolcon.colcon_core.shell[0m [1;30mINFO[0m Creating package descriptor '/home/libok/um_file/install/ros2srrc_launch/share/ros2srrc_launch/package.dsv'
[0.387s] [34mcolcon.colcon_core.shell[0m [1;30mINFO[0m Creating package script '/home/libok/um_file/install/ros2srrc_launch/share/ros2srrc_launch/package.sh'
[0.388s] [34mcolcon.colcon_core.shell[0m [1;30mINFO[0m Creating package script '/home/libok/um_file/install/ros2srrc_launch/share/ros2srrc_launch/package.bash'
[0.388s] [34mcolcon.colcon_core.shell[0m [1;30mINFO[0m Creating package script '/home/libok/um_file/install/ros2srrc_launch/share/ros2srrc_launch/package.zsh'
[0.389s] [34mcolcon.colcon_core.environment[0m [1;30mLevel 1[0m create_file_with_runtime_dependencies(/home/libok/um_file/install/ros2srrc_launch/share/colcon-core/packages/ros2srrc_launch)
[0.389s] [34mcolcon.colcon_core.environment[0m [1;30mLevel 1[0m create_environment_scripts_only(ros2srrc_launch)
[0.389s] [34mcolcon.colcon_core.environment[0m [1;30mLevel 1[0m checking '/home/libok/um_file/install/ros2srrc_launch' for CMake module files
[0.389s] [34mcolcon.colcon_core.environment[0m [1;30mLevel 1[0m checking '/home/libok/um_file/install/ros2srrc_launch' for CMake config files
[0.389s] [34mcolcon.colcon_core.shell[0m [1;30mLevel 1[0m create_environment_hook('ros2srrc_launch', 'cmake_prefix_path')
[0.389s] [34mcolcon.colcon_core.shell[0m [1;30mINFO[0m Creating environment hook '/home/libok/um_file/install/ros2srrc_launch/share/ros2srrc_launch/hook/cmake_prefix_path.ps1'
[0.390s] [34mcolcon.colcon_core.shell[0m [1;30mINFO[0m Creating environment descriptor '/home/libok/um_file/install/ros2srrc_launch/share/ros2srrc_launch/hook/cmake_prefix_path.dsv'
[0.390s] [34mcolcon.colcon_core.shell[0m [1;30mINFO[0m Creating environment hook '/home/libok/um_file/install/ros2srrc_launch/share/ros2srrc_launch/hook/cmake_prefix_path.sh'
[0.390s] [34mcolcon.colcon_core.environment[0m [1;30mLevel 1[0m checking '/home/libok/um_file/install/ros2srrc_launch/bin'
[0.390s] [34mcolcon.colcon_core.environment[0m [1;30mLevel 1[0m checking '/home/libok/um_file/install/ros2srrc_launch/lib/pkgconfig/ros2srrc_launch.pc'
[0.390s] [34mcolcon.colcon_core.environment[0m [1;30mLevel 1[0m checking '/home/libok/um_file/install/ros2srrc_launch/lib/python3.10/site-packages'
[0.391s] [34mcolcon.colcon_core.environment[0m [1;30mLevel 1[0m checking '/home/libok/um_file/install/ros2srrc_launch/bin'
[0.391s] [34mcolcon.colcon_core.shell[0m [1;30mINFO[0m Creating package script '/home/libok/um_file/install/ros2srrc_launch/share/ros2srrc_launch/package.ps1'
[0.391s] [34mcolcon.colcon_core.shell[0m [1;30mINFO[0m Creating package descriptor '/home/libok/um_file/install/ros2srrc_launch/share/ros2srrc_launch/package.dsv'
[0.391s] [34mcolcon.colcon_core.shell[0m [1;30mINFO[0m Creating package script '/home/libok/um_file/install/ros2srrc_launch/share/ros2srrc_launch/package.sh'
[0.391s] [34mcolcon.colcon_core.shell[0m [1;30mINFO[0m Creating package script '/home/libok/um_file/install/ros2srrc_launch/share/ros2srrc_launch/package.bash'
[0.392s] [34mcolcon.colcon_core.shell[0m [1;30mINFO[0m Creating package script '/home/libok/um_file/install/ros2srrc_launch/share/ros2srrc_launch/package.zsh'
[0.392s] [34mcolcon.colcon_core.environment[0m [1;30mLevel 1[0m create_file_with_runtime_dependencies(/home/libok/um_file/install/ros2srrc_launch/share/colcon-core/packages/ros2srrc_launch)
[0.392s] [34mcolcon.colcon_parallel_executor.executor.parallel[0m [1;30mDEBUG[0m [32mclosing loop[0m
[0.392s] [34mcolcon.colcon_parallel_executor.executor.parallel[0m [1;30mDEBUG[0m [32mloop closed[0m
[0.392s] [34mcolcon.colcon_parallel_executor.executor.parallel[0m [1;30mDEBUG[0m [32mrun_until_complete finished with '0'[0m
[0.392s] [34mcolcon.colcon_core.event_reactor[0m [1;30mDEBUG[0m [32mjoining thread[0m
[0.396s] [34mcolcon.colcon_core.plugin_system[0m [1;30mINFO[0m Skipping extension 'colcon_notification.desktop_notification.terminal_notifier': Not used on non-Darwin systems
[0.396s] [34mcolcon.colcon_core.plugin_system[0m [1;30mINFO[0m Skipping extension 'colcon_notification.desktop_notification.win32': Not used on non-Windows systems
[0.396s] [34mcolcon.colcon_notification.desktop_notification[0m [1;30mINFO[0m Sending desktop notification using 'notify2'
[0.405s] [34mcolcon.colcon_core.event_reactor[0m [1;30mDEBUG[0m [32mjoined thread[0m
[0.405s] [34mcolcon.colcon_core.shell[0m [1;30mINFO[0m Creating prefix script '/home/libok/um_file/install/local_setup.ps1'
[0.405s] [34mcolcon.colcon_core.shell[0m [1;30mINFO[0m Creating prefix util module '/home/libok/um_file/install/_local_setup_util_ps1.py'
[0.406s] [34mcolcon.colcon_core.shell[0m [1;30mINFO[0m Creating prefix chain script '/home/libok/um_file/install/setup.ps1'
[0.407s] [34mcolcon.colcon_core.shell[0m [1;30mINFO[0m Creating prefix script '/home/libok/um_file/install/local_setup.sh'
[0.408s] [34mcolcon.colcon_core.shell[0m [1;30mINFO[0m Creating prefix util module '/home/libok/um_file/install/_local_setup_util_sh.py'
[0.408s] [34mcolcon.colcon_core.shell[0m [1;30mINFO[0m Creating prefix chain script '/home/libok/um_file/install/setup.sh'
[0.409s] [34mcolcon.colcon_core.shell[0m [1;30mINFO[0m Creating prefix script '/home/libok/um_file/install/local_setup.bash'
[0.410s] [34mcolcon.colcon_core.shell[0m [1;30mINFO[0m Creating prefix chain script '/home/libok/um_file/install/setup.bash'
[0.411s] [34mcolcon.colcon_core.shell[0m [1;30mINFO[0m Creating prefix script '/home/libok/um_file/install/local_setup.zsh'
[0.411s] [34mcolcon.colcon_core.shell[0m [1;30mINFO[0m Creating prefix chain script '/home/libok/um_file/install/setup.zsh'
